{"type":"FeatureCollection","features":[{"type":"Feature","properties":{"id":"25010530","label":"효동","selectable":true,"labelAnchor":[127.45158585947033,36.310990631178015],"parentGuId":"dong","admCd":"25010530","sgg":"30110"},"geometry":{"type":"MultiPolygon","coordinates":[[[[127.46162,36.30093],[127.46124,36.30748],[127.46526,36.31151],[127.46506,36.31203],[127.46319,36.31343],[127.46265,36.31294],[127.46205,36.31277],[127.45425,36.31215],[127.45066,36.31109],[127.44978,36.31172],[127.45086,36.31588],[127.44969,36.31772],[127.44832,36.31888],[127.44846,36.31925],[127.44693,36.31955],[127.44139,36.31926],[127.43803,36.31839],[127.44022,36.31297],[127.44306,36.31125],[127.44486,36.31133],[127.44663,36.3105],[127.45085,36.30492],[127.45508,36.30113],[127.45585,36.30069],[127.45656,36.30161],[127.45571,36.30243],[127.4586,36.30446],[127.46122,36.3017],[127.46162,36.30093]]]]}},{"type":"Feature","properties":{"id":"25010550","label":"판암1동","selectable":true,"labelAnchor":[127.47076125585632,36.315297819185865],"parentGuId":"dong","admCd":"25010550","sgg":"30110"},"geometry":{"type":"MultiPolygon","coordinates":[[[[127.46162,36.30093],[127.46186,36.30062],[127.4642,36.30066],[127.46623,36.30259],[127.46858,36.30307],[127.47302,36.30134],[127.47597,36.2997],[127.47685,36.29949],[127.47953,36.2994],[127.481,36.30044],[127.48038,36.30217],[127.4804,36.30319],[127.48113,36.30953],[127.48275,36.31585],[127.48167,36.3195],[127.48021,36.32162],[127.48023,36.32246],[127.48037,36.323],[127.48144,36.32376],[127.48356,36.32766],[127.48402,36.33005],[127.48061,36.331],[127.48064,36.33157],[127.48123,36.33269],[127.48026,36.33427],[127.47697,36.33215],[127.47077,36.3295],[127.47066,36.3286],[127.46709,36.32208],[127.46603,36.32167],[127.46418,36.32195],[127.46267,36.32155],[127.46126,36.3213],[127.45745,36.32002],[127.4567,36.31872],[127.45644,36.31696],[127.45394,36.3173],[127.44913,36.31929],[127.44846,36.31925],[127.44832,36.31888],[127.44969,36.31772],[127.45086,36.31588],[127.44978,36.31172],[127.45066,36.31109],[127.45425,36.31215],[127.46205,36.31277],[127.46265,36.31294],[127.46319,36.31343],[127.46506,36.31203],[127.46526,36.31151],[127.46124,36.30748],[127.46162,36.30093]]]]}},{"type":"Feature","properties":{"id":"25010560","label":"판암2동","selectable":true,"labelAnchor":[127.45414665236669,36.321637439944126],"parentGuId":"dong","admCd":"25010560","sgg":"30110"},"geometry":{"type":"MultiPolygon","coordinates":[[[[127.44913,36.31929],[127.45394,36.3173],[127.45644,36.31696],[127.4567,36.31872],[127.45745,36.32002],[127.46126,36.3213],[127.46267,36.32155],[127.45819,36.32534],[127.45484,36.32428],[127.4511,36.32533],[127.44993,36.32484],[127.44959,36.32446],[127.44734,36.32413],[127.44697,36.32386],[127.44886,36.32187],[127.44787,36.32041],[127.44708,36.32068],[127.44697,36.32052],[127.44913,36.31929]]]]}},{"type":"Feature","properties":{"id":"25010570","label":"용운동","selectable":true,"labelAnchor":[127.46174509672719,36.33288964537771],"parentGuId":"dong","admCd":"25010570","sgg":"30110"},"geometry":{"type":"MultiPolygon","coordinates":[[[[127.46267,36.32155],[127.46418,36.32195],[127.46603,36.32167],[127.46709,36.32208],[127.47066,36.3286],[127.47077,36.3295],[127.47214,36.33246],[127.47235,36.33447],[127.47142,36.33639],[127.46832,36.34088],[127.46482,36.34519],[127.46181,36.34501],[127.45699,36.34388],[127.45508,36.3376],[127.45364,36.3343],[127.45158,36.33237],[127.45221,36.33157],[127.45163,36.32999],[127.44872,36.32515],[127.44734,36.32413],[127.44959,36.32446],[127.44993,36.32484],[127.4511,36.32533],[127.45484,36.32428],[127.45819,36.32534],[127.46267,36.32155]]]]}},{"type":"Feature","properties":{"id":"25010600","label":"자양동","selectable":true,"labelAnchor":[127.44985121989326,36.33796858318827],"parentGuId":"dong","admCd":"25010600","sgg":"30110"},"geometry":{"type":"MultiPolygon","coordinates":[[[[127.45158,36.33237],[127.45364,36.3343],[127.45508,36.3376],[127.45699,36.34388],[127.45349,36.34519],[127.44955,36.34313],[127.4483,36.34198],[127.44415,36.3377],[127.44263,36.33566],[127.44076,36.3315],[127.44321,36.33174],[127.44391,36.33227],[127.4452,36.33406],[127.44835,36.33258],[127.45158,36.33237]]]]}},{"type":"Feature","properties":{"id":"25010630","label":"가양1동","selectable":true,"labelAnchor":[127.44227567149605,36.343430491181444],"parentGuId":"dong","admCd":"25010630","sgg":"30110"},"geometry":{"type":"MultiPolygon","coordinates":[[[[127.44263,36.33566],[127.44415,36.3377],[127.4483,36.34198],[127.44224,36.35093],[127.44146,36.35068],[127.43756,36.34942],[127.43891,36.34375],[127.43917,36.34081],[127.43861,36.33907],[127.43761,36.33838],[127.43807,36.33774],[127.4398,36.33765],[127.44054,36.33735],[127.44179,36.33671],[127.44263,36.33566]]]]}},{"type":"Feature","properties":{"id":"25010640","label":"가양2동","selectable":true,"labelAnchor":[127.45352379638844,36.348798191989715],"parentGuId":"dong","admCd":"25010640","sgg":"30110"},"geometry":{"type":"MultiPolygon","coordinates":[[[[127.46482,36.34519],[127.4639,36.35076],[127.45854,36.35299],[127.45605,36.35294],[127.45381,36.3533],[127.4545,36.35448],[127.44699,36.354],[127.4459,36.35362],[127.44551,36.35222],[127.44606,36.35237],[127.44516,36.35079],[127.44252,36.35185],[127.4414,36.35237],[127.44146,36.35068],[127.44224,36.35093],[127.4483,36.34198],[127.44955,36.34313],[127.45349,36.34519],[127.45699,36.34388],[127.46181,36.34501],[127.46482,36.34519]]]]}},{"type":"Feature","properties":{"id":"25010650","label":"용전동","selectable":true,"labelAnchor":[127.4344879389991,36.35412280178396],"parentGuId":"dong","admCd":"25010650","sgg":"30110"},"geometry":{"type":"MultiPolygon","coordinates":[[[[127.44146,36.35068],[127.4414,36.35237],[127.44148,36.35356],[127.43966,36.35506],[127.4397,36.35664],[127.43927,36.35858],[127.4387,36.35973],[127.43544,36.36075],[127.43255,36.35906],[127.43068,36.35905],[127.42757,36.35503],[127.42792,36.35259],[127.42837,36.34999],[127.43222,36.34962],[127.43197,36.34744],[127.43756,36.34942],[127.44146,36.35068]]]]}},{"type":"Feature","properties":{"id":"25010680","label":"홍도동","selectable":true,"labelAnchor":[127.4256583185292,36.34713003461438],"parentGuId":"dong","admCd":"25010680","sgg":"30110"},"geometry":{"type":"MultiPolygon","coordinates":[[[[127.42321,36.34368],[127.42727,36.34367],[127.43197,36.34744],[127.43222,36.34962],[127.42837,36.34999],[127.42792,36.35259],[127.42725,36.35252],[127.42487,36.3488],[127.42389,36.34843],[127.4218,36.34857],[127.41958,36.3483],[127.41833,36.34622],[127.4207,36.34446],[127.42321,36.34368]]]]}},{"type":"Feature","properties":{"id":"25010730","label":"대청동","selectable":true,"labelAnchor":[127.49545932275124,36.376778178294],"parentGuId":"dong","admCd":"25010730","sgg":"30110"},"geometry":{"type":"MultiPolygon","coordinates":[[[[127.489,36.30084],[127.49202,36.29985],[127.4933,36.30003],[127.49869,36.30404],[127.49945,36.30528],[127.49476,36.31169],[127.49643,36.31239],[127.49926,36.31493],[127.49929,36.31579],[127.49828,36.31895],[127.50018,36.32054],[127.50358,36.32576],[127.50351,36.3267],[127.50205,36.32918],[127.50122,36.3333],[127.50125,36.33871],[127.50214,36.33976],[127.50398,36.34022],[127.50584,36.3403],[127.50683,36.34064],[127.50931,36.3431],[127.50816,36.34394],[127.50792,36.34574],[127.50856,36.34812],[127.50977,36.35045],[127.51419,36.35152],[127.51587,36.353],[127.51847,36.3535],[127.52131,36.3532],[127.52308,36.35764],[127.52686,36.36929],[127.52658,36.37335],[127.52576,36.37456],[127.52529,36.37622],[127.52521,36.38619],[127.52572,36.38731],[127.53305,36.39153],[127.5341,36.39368],[127.53916,36.39719],[127.54311,36.39701],[127.54361,36.3961],[127.54812,36.39676],[127.55147,36.39525],[127.55419,36.39473],[127.55639,36.3959],[127.55725,36.39724],[127.55597,36.39794],[127.55515,36.39897],[127.55386,36.40287],[127.55207,36.40528],[127.54463,36.41109],[127.54348,36.41326],[127.54313,36.41687],[127.54436,36.41976],[127.5424,36.42075],[127.53975,36.42072],[127.53546,36.419],[127.53399,36.41879],[127.52934,36.41934],[127.52879,36.42058],[127.52415,36.42319],[127.52298,36.42279],[127.51949,36.42018],[127.51756,36.42175],[127.51569,36.42228],[127.51453,36.41757],[127.51004,36.40312],[127.50909,36.40519],[127.50412,36.40706],[127.50256,36.4082],[127.49771,36.41895],[127.48921,36.4327],[127.48627,36.43293],[127.48403,36.43349],[127.4818,36.4305],[127.48119,36.4293],[127.48132,36.42784],[127.47781,36.42227],[127.47282,36.41574],[127.46646,36.40841],[127.46311,36.40663],[127.46112,36.40462],[127.45965,36.40397],[127.45738,36.40297],[127.45528,36.39913],[127.45421,36.39586],[127.45395,36.39007],[127.45522,36.38871],[127.45469,36.38698],[127.45313,36.38358],[127.45131,36.38091],[127.45274,36.37793],[127.45965,36.36902],[127.46373,36.36131],[127.4659,36.36049],[127.46615,36.35933],[127.46607,36.35805],[127.46563,36.35744],[127.46477,36.35514],[127.4647,36.3531],[127.4651,36.35227],[127.46513,36.35155],[127.4639,36.35076],[127.46482,36.34519],[127.46832,36.34088],[127.47142,36.33639],[127.47235,36.33447],[127.47214,36.33246],[127.47077,36.3295],[127.47697,36.33215],[127.48026,36.33427],[127.48123,36.33269],[127.48064,36.33157],[127.48061,36.331],[127.48402,36.33005],[127.48356,36.32766],[127.48144,36.32376],[127.48037,36.323],[127.48023,36.32246],[127.48021,36.32162],[127.48167,36.3195],[127.48275,36.31585],[127.48113,36.30953],[127.4804,36.30319],[127.48038,36.30217],[127.481,36.30044],[127.4822,36.29982],[127.48437,36.29955],[127.489,36.30084]]]]}},{"type":"Feature","properties":{"id":"25010750","label":"산내동","selectable":true,"labelAnchor":[127.45955480821206,36.253967902006785],"parentGuId":"dong","admCd":"25010750","sgg":"30110"},"geometry":{"type":"MultiPolygon","coordinates":[[[[127.481,36.30044],[127.47953,36.2994],[127.47685,36.29949],[127.47597,36.2997],[127.47302,36.30134],[127.46858,36.30307],[127.46623,36.30259],[127.4642,36.30066],[127.46186,36.30062],[127.46162,36.30093],[127.46122,36.3017],[127.4586,36.30446],[127.45571,36.30243],[127.45656,36.30161],[127.45585,36.30069],[127.45723,36.29453],[127.45783,36.29404],[127.45616,36.29286],[127.45124,36.29387],[127.44864,36.29484],[127.44623,36.29651],[127.4432,36.29642],[127.44092,36.29585],[127.44041,36.29507],[127.43771,36.29272],[127.43266,36.29108],[127.43103,36.29151],[127.43061,36.2901],[127.43079,36.28478],[127.43275,36.28294],[127.43447,36.2822],[127.43512,36.28215],[127.43525,36.28134],[127.43214,36.27884],[127.43374,36.27546],[127.43669,36.27483],[127.43912,36.26993],[127.43863,36.26806],[127.42964,36.26094],[127.4302,36.25734],[127.42713,36.2546],[127.43353,36.25409],[127.43671,36.25294],[127.43478,36.25132],[127.4348,36.25098],[127.43531,36.24998],[127.43919,36.24563],[127.44202,36.24391],[127.4429,36.2387],[127.43755,36.23658],[127.43765,36.23226],[127.43413,36.22787],[127.43312,36.22744],[127.43105,36.22731],[127.42762,36.22919],[127.42464,36.22893],[127.42398,36.22789],[127.42372,36.22681],[127.42411,36.22572],[127.4248,36.2255],[127.4257,36.22478],[127.42604,36.21641],[127.42544,36.21512],[127.42536,36.21298],[127.42606,36.21141],[127.42581,36.21101],[127.42284,36.20893],[127.42236,36.20829],[127.42305,36.20685],[127.42385,36.20615],[127.42646,36.20604],[127.42968,36.20511],[127.43091,36.20404],[127.43349,36.19918],[127.43663,36.19828],[127.44074,36.19594],[127.44108,36.19447],[127.44281,36.19406],[127.45043,36.19876],[127.4548,36.20084],[127.45573,36.20087],[127.45645,36.203],[127.45649,36.20375],[127.45591,36.20452],[127.45349,36.20586],[127.45325,36.20677],[127.4553,36.20801],[127.45752,36.20871],[127.45909,36.20978],[127.45989,36.21133],[127.46012,36.21293],[127.46835,36.21474],[127.46922,36.2155],[127.46903,36.21607],[127.4678,36.21709],[127.4673,36.21894],[127.46712,36.22243],[127.46752,36.22325],[127.47088,36.22492],[127.47185,36.22513],[127.47441,36.22512],[127.47748,36.22652],[127.47788,36.22678],[127.47805,36.22844],[127.47783,36.22974],[127.4836,36.2308],[127.48837,36.23282],[127.48995,36.23377],[127.48988,36.23468],[127.48932,36.23601],[127.48997,36.23737],[127.49277,36.23809],[127.4927,36.23933],[127.49334,36.2402],[127.49336,36.2407],[127.49259,36.24471],[127.49192,36.24527],[127.49046,36.24514],[127.48954,36.24552],[127.48852,36.24736],[127.48756,36.2515],[127.48867,36.25273],[127.48993,36.25294],[127.49015,36.25339],[127.49029,36.25394],[127.48981,36.25789],[127.48885,36.25838],[127.48752,36.25833],[127.48619,36.25924],[127.48625,36.26144],[127.48859,36.26744],[127.48936,36.27003],[127.4886,36.27225],[127.48858,36.27324],[127.49666,36.27947],[127.49807,36.28126],[127.49826,36.28287],[127.4973,36.28668],[127.4967,36.28709],[127.49101,36.29694],[127.49131,36.29844],[127.49014,36.30022],[127.489,36.30084],[127.48437,36.29955],[127.4822,36.29982],[127.481,36.30044]]]]}},{"type":"Feature","properties":{"id":"25010760","label":"중앙동","selectable":true,"labelAnchor":[127.43504949686489,36.33189704093247],"parentGuId":"dong","admCd":"25010760","sgg":"30110"},"geometry":{"type":"MultiPolygon","coordinates":[[[[127.44076,36.3315],[127.44263,36.33566],[127.44179,36.33671],[127.44054,36.33735],[127.4398,36.33765],[127.43807,36.33774],[127.43346,36.3363],[127.43289,36.33667],[127.43167,36.33637],[127.42545,36.33282],[127.42926,36.32984],[127.43087,36.32783],[127.43254,36.32577],[127.43518,36.32677],[127.43641,36.32444],[127.43804,36.32505],[127.43795,36.32539],[127.4383,36.32637],[127.44021,36.32812],[127.44076,36.3315]]]]}},{"type":"Feature","properties":{"id":"25010770","label":"신인동","selectable":true,"labelAnchor":[127.44106418421453,36.32263301940363],"parentGuId":"dong","admCd":"25010770","sgg":"30110"},"geometry":{"type":"MultiPolygon","coordinates":[[[[127.44697,36.32386],[127.44656,36.32356],[127.44555,36.32454],[127.44465,36.32618],[127.4408,36.32646],[127.43795,36.32539],[127.43804,36.32505],[127.43641,36.32444],[127.43518,36.32677],[127.43254,36.32577],[127.43344,36.32467],[127.43803,36.31839],[127.44139,36.31926],[127.44693,36.31955],[127.44846,36.31925],[127.44913,36.31929],[127.44697,36.32052],[127.44708,36.32068],[127.44787,36.32041],[127.44886,36.32187],[127.44697,36.32386]]]]}},{"type":"Feature","properties":{"id":"25010780","label":"대동","selectable":true,"labelAnchor":[127.44580141241218,36.32905189775062],"parentGuId":"dong","admCd":"25010780","sgg":"30110"},"geometry":{"type":"MultiPolygon","coordinates":[[[[127.44734,36.32413],[127.44872,36.32515],[127.45163,36.32999],[127.45221,36.33157],[127.45158,36.33237],[127.44835,36.33258],[127.4452,36.33406],[127.44391,36.33227],[127.44321,36.33174],[127.44076,36.3315],[127.44021,36.32812],[127.4383,36.32637],[127.43795,36.32539],[127.4408,36.32646],[127.44465,36.32618],[127.44555,36.32454],[127.44656,36.32356],[127.44697,36.32386],[127.44734,36.32413]]]]}},{"type":"Feature","properties":{"id":"25010790","label":"성남동","selectable":true,"labelAnchor":[127.43386234735756,36.34345995783907],"parentGuId":"dong","admCd":"25010790","sgg":"30110"},"geometry":{"type":"MultiPolygon","coordinates":[[[[127.42321,36.34368],[127.42664,36.34256],[127.42778,36.34198],[127.42923,36.34079],[127.4359,36.33844],[127.43761,36.33838],[127.43861,36.33907],[127.43917,36.34081],[127.43891,36.34375],[127.43756,36.34942],[127.43197,36.34744],[127.42727,36.34367],[127.42321,36.34368]]]]}},{"type":"Feature","properties":{"id":"25010800","label":"삼성동","selectable":true,"labelAnchor":[127.42426205964956,36.339452109657714],"parentGuId":"dong","admCd":"25010800","sgg":"30110"},"geometry":{"type":"MultiPolygon","coordinates":[[[[127.42321,36.34368],[127.4207,36.34446],[127.41762,36.34468],[127.41277,36.34369],[127.41389,36.34148],[127.41603,36.33955],[127.41858,36.33864],[127.42128,36.33729],[127.42388,36.33426],[127.42545,36.33282],[127.43167,36.33637],[127.43289,36.33667],[127.43346,36.3363],[127.43807,36.33774],[127.43761,36.33838],[127.4359,36.33844],[127.42923,36.34079],[127.42778,36.34198],[127.42664,36.34256],[127.42321,36.34368]]]]}},{"type":"Feature","properties":{"id":"25020510","label":"은행선화동","selectable":true,"labelAnchor":[127.4198291592171,36.33066149488956],"parentGuId":"jung","admCd":"25020510","sgg":"30140"},"geometry":{"type":"MultiPolygon","coordinates":[[[[127.43087,36.32783],[127.42926,36.32984],[127.42545,36.33282],[127.42388,36.33426],[127.42128,36.33729],[127.41858,36.33864],[127.41327,36.33462],[127.41501,36.3334],[127.41423,36.33263],[127.41359,36.33085],[127.41342,36.32937],[127.41378,36.32755],[127.41286,36.32643],[127.41542,36.32385],[127.41497,36.32287],[127.41674,36.32312],[127.41822,36.32378],[127.4214,36.32617],[127.4221,36.32715],[127.42567,36.32845],[127.4265,36.32728],[127.43087,36.32783]]]]}},{"type":"Feature","properties":{"id":"25020530","label":"목동","selectable":true,"labelAnchor":[127.4090910843527,36.33353596526558],"parentGuId":"jung","admCd":"25020530","sgg":"30140"},"geometry":{"type":"MultiPolygon","coordinates":[[[[127.41378,36.32755],[127.41342,36.32937],[127.41359,36.33085],[127.41423,36.33263],[127.41501,36.3334],[127.41327,36.33462],[127.40876,36.3381],[127.40444,36.33786],[127.40259,36.33591],[127.40311,36.33476],[127.41001,36.32879],[127.41378,36.32755]]]]}},{"type":"Feature","properties":{"id":"25020540","label":"중촌동","selectable":true,"labelAnchor":[127.40874538828295,36.34201627312809],"parentGuId":"jung","admCd":"25020540","sgg":"30140"},"geometry":{"type":"MultiPolygon","coordinates":[[[[127.41858,36.33864],[127.41603,36.33955],[127.41389,36.34148],[127.41277,36.34369],[127.41163,36.34593],[127.40977,36.3478],[127.40754,36.3489],[127.4029,36.35009],[127.40309,36.34896],[127.40328,36.3459],[127.40195,36.33818],[127.40276,36.33792],[127.40444,36.33786],[127.40876,36.3381],[127.41327,36.33462],[127.41858,36.33864]]]]}},{"type":"Feature","properties":{"id":"25020550","label":"대흥동","selectable":true,"labelAnchor":[127.42484724533492,36.322691765675856],"parentGuId":"jung","admCd":"25020550","sgg":"30140"},"geometry":{"type":"MultiPolygon","coordinates":[[[[127.43254,36.32577],[127.43087,36.32783],[127.4265,36.32728],[127.42567,36.32845],[127.4221,36.32715],[127.4214,36.32617],[127.41822,36.32378],[127.41674,36.32312],[127.41676,36.32225],[127.41813,36.32117],[127.4178,36.31821],[127.41956,36.31735],[127.42707,36.31827],[127.4309,36.31969],[127.43138,36.32022],[127.43112,36.32254],[127.43058,36.32395],[127.43344,36.32467],[127.43254,36.32577]]]]}},{"type":"Feature","properties":{"id":"25020560","label":"문창동","selectable":true,"labelAnchor":[127.4356715588121,36.31811745062192],"parentGuId":"jung","admCd":"25020560","sgg":"30140"},"geometry":{"type":"MultiPolygon","coordinates":[[[[127.44022,36.31297],[127.43803,36.31839],[127.43344,36.32467],[127.43058,36.32395],[127.43112,36.32254],[127.43138,36.32022],[127.43272,36.32059],[127.43659,36.31379],[127.43489,36.31312],[127.43887,36.31122],[127.44022,36.31297]]]]}},{"type":"Feature","properties":{"id":"25020570","label":"석교동","selectable":true,"labelAnchor":[127.44077177264982,36.30057380959861],"parentGuId":"jung","admCd":"25020570","sgg":"30140"},"geometry":{"type":"MultiPolygon","coordinates":[[[[127.43103,36.29151],[127.43266,36.29108],[127.43771,36.29272],[127.44041,36.29507],[127.44092,36.29585],[127.4432,36.29642],[127.44623,36.29651],[127.44864,36.29484],[127.45124,36.29387],[127.45616,36.29286],[127.45783,36.29404],[127.45723,36.29453],[127.45585,36.30069],[127.45508,36.30113],[127.45085,36.30492],[127.44663,36.3105],[127.44486,36.31133],[127.44306,36.31125],[127.44022,36.31297],[127.43887,36.31122],[127.43748,36.30942],[127.43544,36.30773],[127.42959,36.30394],[127.42794,36.30246],[127.42841,36.3011],[127.43051,36.30003],[127.42952,36.29731],[127.42808,36.29757],[127.42428,36.29758],[127.42231,36.29614],[127.42534,36.29434],[127.42519,36.2936],[127.42634,36.29233],[127.42817,36.29158],[127.4302,36.29134],[127.43103,36.29151]]]]}},{"type":"Feature","properties":{"id":"25020580","label":"대사동","selectable":true,"labelAnchor":[127.42260191344914,36.30965506413289],"parentGuId":"jung","admCd":"25020580","sgg":"30140"},"geometry":{"type":"MultiPolygon","coordinates":[[[[127.42794,36.30246],[127.42599,36.30837],[127.42722,36.30945],[127.42838,36.31206],[127.42846,36.31369],[127.43063,36.31688],[127.43149,36.31917],[127.4309,36.31969],[127.42707,36.31827],[127.41956,36.31735],[127.4178,36.31821],[127.41813,36.32117],[127.41676,36.32225],[127.41589,36.32169],[127.41468,36.31875],[127.41433,36.31786],[127.41409,36.3157],[127.41547,36.31528],[127.41758,36.31294],[127.41589,36.30989],[127.41686,36.30333],[127.41995,36.30218],[127.42231,36.30077],[127.42368,36.29884],[127.42219,36.29775],[127.42169,36.29612],[127.42231,36.29614],[127.42428,36.29758],[127.42808,36.29757],[127.42952,36.29731],[127.43051,36.30003],[127.42841,36.3011],[127.42794,36.30246]]]]}},{"type":"Feature","properties":{"id":"25020590","label":"부사동","selectable":true,"labelAnchor":[127.43186464385883,36.311100606548266],"parentGuId":"jung","admCd":"25020590","sgg":"30140"},"geometry":{"type":"MultiPolygon","coordinates":[[[[127.42794,36.30246],[127.42959,36.30394],[127.43544,36.30773],[127.43748,36.30942],[127.43887,36.31122],[127.43489,36.31312],[127.43659,36.31379],[127.43272,36.32059],[127.43138,36.32022],[127.4309,36.31969],[127.43149,36.31917],[127.43063,36.31688],[127.42846,36.31369],[127.42838,36.31206],[127.42722,36.30945],[127.42599,36.30837],[127.42794,36.30246]]]]}},{"type":"Feature","properties":{"id":"25020600","label":"용두동","selectable":true,"labelAnchor":[127.40643428168325,36.330007345321114],"parentGuId":"jung","admCd":"25020600","sgg":"30140"},"geometry":{"type":"MultiPolygon","coordinates":[[[[127.41378,36.32755],[127.41001,36.32879],[127.40311,36.33476],[127.40259,36.33591],[127.40444,36.33786],[127.40276,36.33792],[127.40195,36.33818],[127.39766,36.33463],[127.39813,36.33425],[127.39858,36.33388],[127.39962,36.33302],[127.41198,36.32286],[127.41195,36.32232],[127.41497,36.32287],[127.41542,36.32385],[127.41286,36.32643],[127.41378,36.32755]]]]}},{"type":"Feature","properties":{"id":"25020620","label":"오류동","selectable":true,"labelAnchor":[127.40504682908005,36.3252248027353],"parentGuId":"jung","admCd":"25020620","sgg":"30140"},"geometry":{"type":"MultiPolygon","coordinates":[[[[127.40364,36.31988],[127.41195,36.32232],[127.41198,36.32286],[127.39962,36.33302],[127.39999,36.33059],[127.40242,36.3232],[127.40364,36.31988]]]]}},{"type":"Feature","properties":{"id":"25020630","label":"태평1동","selectable":true,"labelAnchor":[127.39845826467686,36.32680593694667],"parentGuId":"jung","admCd":"25020630","sgg":"30140"},"geometry":{"type":"MultiPolygon","coordinates":[[[[127.40242,36.3232],[127.39999,36.33059],[127.39962,36.33302],[127.39858,36.33388],[127.39481,36.32581],[127.3961,36.3221],[127.40242,36.3232]]]]}},{"type":"Feature","properties":{"id":"25020640","label":"태평2동","selectable":true,"labelAnchor":[127.3915033583506,36.32362547800343],"parentGuId":"jung","admCd":"25020640","sgg":"30140"},"geometry":{"type":"MultiPolygon","coordinates":[[[[127.3961,36.3221],[127.39481,36.32581],[127.39858,36.33388],[127.39813,36.33425],[127.39368,36.33073],[127.3897,36.32647],[127.38615,36.32097],[127.38567,36.31991],[127.38555,36.31844],[127.38644,36.31563],[127.39143,36.31689],[127.39315,36.32132],[127.3946,36.32172],[127.3961,36.3221]]]]}},{"type":"Feature","properties":{"id":"25020650","label":"유천1동","selectable":true,"labelAnchor":[127.39279972578446,36.315451099312966],"parentGuId":"jung","admCd":"25020650","sgg":"30140"},"geometry":{"type":"MultiPolygon","coordinates":[[[[127.3961,36.31192],[127.39795,36.3124],[127.3946,36.32172],[127.39315,36.32132],[127.39143,36.31689],[127.38644,36.31563],[127.38669,36.31259],[127.38873,36.31265],[127.39164,36.31388],[127.39262,36.31103],[127.3961,36.31192]]]]}},{"type":"Feature","properties":{"id":"25020660","label":"유천2동","selectable":true,"labelAnchor":[127.39953797821619,36.318265522773544],"parentGuId":"jung","admCd":"25020660","sgg":"30140"},"geometry":{"type":"MultiPolygon","coordinates":[[[[127.40237,36.31372],[127.40364,36.31988],[127.40242,36.3232],[127.3961,36.3221],[127.3946,36.32172],[127.39795,36.3124],[127.40237,36.31372]]]]}},{"type":"Feature","properties":{"id":"25020670","label":"문화1동","selectable":true,"labelAnchor":[127.41196593001257,36.31131755027785],"parentGuId":"jung","admCd":"25020670","sgg":"30140"},"geometry":{"type":"MultiPolygon","coordinates":[[[[127.42169,36.29612],[127.42219,36.29775],[127.42368,36.29884],[127.42231,36.30077],[127.41995,36.30218],[127.41686,36.30333],[127.41589,36.30989],[127.41758,36.31294],[127.41547,36.31528],[127.41409,36.3157],[127.41433,36.31786],[127.41468,36.31875],[127.41589,36.32169],[127.41676,36.32225],[127.41674,36.32312],[127.41497,36.32287],[127.41195,36.32232],[127.40364,36.31988],[127.40237,36.31372],[127.40366,36.31412],[127.40467,36.31377],[127.40433,36.31266],[127.40489,36.31148],[127.40974,36.3082],[127.41052,36.30669],[127.40946,36.30601],[127.40949,36.30262],[127.41899,36.29888],[127.41969,36.29843],[127.42169,36.29612]]]]}},{"type":"Feature","properties":{"id":"25020680","label":"문화2동","selectable":true,"labelAnchor":[127.40266757870755,36.30733136282403],"parentGuId":"jung","admCd":"25020680","sgg":"30140"},"geometry":{"type":"MultiPolygon","coordinates":[[[[127.3961,36.31192],[127.39672,36.3101],[127.39465,36.30784],[127.39602,36.30616],[127.40046,36.30193],[127.4032,36.30159],[127.40809,36.3021],[127.40949,36.30262],[127.40946,36.30601],[127.41052,36.30669],[127.40974,36.3082],[127.40489,36.31148],[127.40433,36.31266],[127.40467,36.31377],[127.40366,36.31412],[127.40237,36.31372],[127.39795,36.3124],[127.3961,36.31192]]]]}},{"type":"Feature","properties":{"id":"25020690","label":"산성동","selectable":true,"labelAnchor":[127.40790734424074,36.263598713595925],"parentGuId":"jung","admCd":"25020690","sgg":"30140"},"geometry":{"type":"MultiPolygon","coordinates":[[[[127.40949,36.30262],[127.40809,36.3021],[127.4032,36.30159],[127.40046,36.30193],[127.39602,36.30616],[127.39465,36.30784],[127.39672,36.3101],[127.3961,36.31192],[127.39262,36.31103],[127.39164,36.31388],[127.38873,36.31265],[127.38669,36.31259],[127.3845,36.30873],[127.38213,36.30639],[127.38166,36.30486],[127.38169,36.30291],[127.38305,36.29995],[127.3829,36.29906],[127.38115,36.29594],[127.37839,36.29288],[127.37343,36.29324],[127.37036,36.28837],[127.36924,36.28295],[127.36929,36.28189],[127.37273,36.27471],[127.37241,36.27218],[127.37669,36.27135],[127.37757,36.27146],[127.37994,36.26991],[127.38439,36.26839],[127.38881,36.26551],[127.3897,36.26422],[127.39037,36.26201],[127.39042,36.26079],[127.38852,36.25491],[127.38813,36.25424],[127.38695,36.25339],[127.38654,36.25273],[127.38639,36.25076],[127.38783,36.24595],[127.38946,36.24409],[127.39025,36.24365],[127.39112,36.24274],[127.39054,36.23955],[127.38783,36.23743],[127.3877,36.23584],[127.38788,36.23447],[127.39726,36.2329],[127.40057,36.23182],[127.40224,36.22696],[127.40456,36.22272],[127.40747,36.22145],[127.40978,36.21902],[127.41087,36.21751],[127.4109,36.21694],[127.40915,36.21489],[127.40827,36.21306],[127.41011,36.21179],[127.41214,36.21141],[127.41519,36.20927],[127.4195,36.20717],[127.42011,36.20793],[127.42236,36.20829],[127.42284,36.20893],[127.42581,36.21101],[127.42606,36.21141],[127.42536,36.21298],[127.42544,36.21512],[127.42604,36.21641],[127.4257,36.22478],[127.4248,36.2255],[127.42411,36.22572],[127.42372,36.22681],[127.42398,36.22789],[127.42464,36.22893],[127.42762,36.22919],[127.43105,36.22731],[127.43312,36.22744],[127.43413,36.22787],[127.43765,36.23226],[127.43755,36.23658],[127.4429,36.2387],[127.44202,36.24391],[127.43919,36.24563],[127.43531,36.24998],[127.4348,36.25098],[127.43478,36.25132],[127.43671,36.25294],[127.43353,36.25409],[127.42713,36.2546],[127.4302,36.25734],[127.42964,36.26094],[127.43863,36.26806],[127.43912,36.26993],[127.43669,36.27483],[127.43374,36.27546],[127.43214,36.27884],[127.43525,36.28134],[127.43512,36.28215],[127.43447,36.2822],[127.43275,36.28294],[127.43079,36.28478],[127.43061,36.2901],[127.43103,36.29151],[127.4302,36.29134],[127.42817,36.29158],[127.42634,36.29233],[127.42519,36.2936],[127.42534,36.29434],[127.42231,36.29614],[127.42169,36.29612],[127.41969,36.29843],[127.41899,36.29888],[127.40949,36.30262]]]]}},{"type":"Feature","properties":{"id":"25030510","label":"복수동","selectable":true,"labelAnchor":[127.37673031868776,36.30232001988027],"parentGuId":"seo","admCd":"25030510","sgg":"30170"},"geometry":{"type":"MultiPolygon","coordinates":[[[[127.3845,36.30873],[127.38195,36.31018],[127.37991,36.31098],[127.37762,36.31104],[127.37222,36.30994],[127.37122,36.30886],[127.37022,36.3067],[127.3711,36.30619],[127.37134,36.30457],[127.37141,36.30238],[127.37054,36.29757],[127.37182,36.2948],[127.37343,36.29324],[127.37839,36.29288],[127.38115,36.29594],[127.3829,36.29906],[127.38305,36.29995],[127.38169,36.30291],[127.38166,36.30486],[127.38213,36.30639],[127.3845,36.30873]]]]}},{"type":"Feature","properties":{"id":"25030520","label":"도마1동","selectable":true,"labelAnchor":[127.37918438196631,36.31862161040923],"parentGuId":"seo","admCd":"25030520","sgg":"30170"},"geometry":{"type":"MultiPolygon","coordinates":[[[[127.38644,36.31563],[127.38555,36.31844],[127.38567,36.31991],[127.38615,36.32097],[127.3751,36.32239],[127.37492,36.32756],[127.37471,36.32811],[127.3741,36.32833],[127.37304,36.32771],[127.37063,36.32805],[127.37022,36.32194],[127.37147,36.31929],[127.3777,36.31923],[127.38006,36.31311],[127.37991,36.31098],[127.38195,36.31018],[127.3845,36.30873],[127.38669,36.31259],[127.38644,36.31563]]]]}},{"type":"Feature","properties":{"id":"25030530","label":"도마2동","selectable":true,"labelAnchor":[127.36871853945395,36.31963726235556],"parentGuId":"seo","admCd":"25030530","sgg":"30170"},"geometry":{"type":"MultiPolygon","coordinates":[[[[127.37063,36.32805],[127.37083,36.32837],[127.36738,36.32821],[127.36537,36.32776],[127.36417,36.32925],[127.36368,36.33129],[127.36295,36.33157],[127.36249,36.33138],[127.35973,36.32777],[127.35945,36.32649],[127.35962,36.32493],[127.35948,36.3217],[127.35818,36.31978],[127.35844,36.31953],[127.36196,36.31898],[127.36506,36.31704],[127.36905,36.31338],[127.36927,36.30998],[127.37222,36.30994],[127.37762,36.31104],[127.37991,36.31098],[127.38006,36.31311],[127.3777,36.31923],[127.37147,36.31929],[127.37022,36.32194],[127.37063,36.32805]]]]}},{"type":"Feature","properties":{"id":"25030540","label":"정림동","selectable":true,"labelAnchor":[127.36374364305782,36.29131056780648],"parentGuId":"seo","admCd":"25030540","sgg":"30170"},"geometry":{"type":"MultiPolygon","coordinates":[[[[127.37343,36.29324],[127.37182,36.2948],[127.37054,36.29757],[127.37141,36.30238],[127.37134,36.30457],[127.3711,36.30619],[127.37022,36.3067],[127.37122,36.30886],[127.37222,36.30994],[127.36927,36.30998],[127.36905,36.31338],[127.36506,36.31704],[127.36196,36.31898],[127.35844,36.31953],[127.35818,36.31978],[127.35792,36.31747],[127.35687,36.31683],[127.35475,36.31399],[127.35725,36.30829],[127.3612,36.30454],[127.36191,36.30351],[127.36222,36.3019],[127.36213,36.29959],[127.36155,36.29772],[127.35948,36.29425],[127.35792,36.29069],[127.35679,36.28168],[127.35693,36.278],[127.3566,36.27756],[127.35444,36.27613],[127.34631,36.27493],[127.35111,36.27316],[127.35164,36.27347],[127.35415,36.27272],[127.35809,36.27037],[127.359,36.26833],[127.35997,36.26519],[127.36101,36.26446],[127.36183,36.26597],[127.36271,36.26919],[127.36335,36.26963],[127.36369,36.26977],[127.3667,36.26876],[127.37102,36.26994],[127.3718,36.27069],[127.37241,36.27218],[127.37273,36.27471],[127.36929,36.28189],[127.36924,36.28295],[127.37036,36.28837],[127.37343,36.29324]]]]}},{"type":"Feature","properties":{"id":"25030550","label":"변동","selectable":true,"labelAnchor":[127.37666625030877,36.32742600668184],"parentGuId":"seo","admCd":"25030550","sgg":"30170"},"geometry":{"type":"MultiPolygon","coordinates":[[[[127.3897,36.32647],[127.38547,36.32812],[127.38123,36.32871],[127.37678,36.33131],[127.37586,36.32998],[127.37221,36.33112],[127.36692,36.33503],[127.36409,36.33502],[127.36368,36.33129],[127.36417,36.32925],[127.36537,36.32776],[127.36738,36.32821],[127.37083,36.32837],[127.37063,36.32805],[127.37304,36.32771],[127.3741,36.32833],[127.37471,36.32811],[127.37492,36.32756],[127.3751,36.32239],[127.38615,36.32097],[127.3897,36.32647]]]]}},{"type":"Feature","properties":{"id":"25030560","label":"용문동","selectable":true,"labelAnchor":[127.39571257138952,36.3374814534138],"parentGuId":"seo","admCd":"25030560","sgg":"30170"},"geometry":{"type":"MultiPolygon","coordinates":[[[[127.39813,36.33425],[127.39766,36.33463],[127.40195,36.33818],[127.40328,36.3459],[127.39332,36.33843],[127.39135,36.33988],[127.38687,36.33642],[127.39368,36.33073],[127.39813,36.33425]]]]}},{"type":"Feature","properties":{"id":"25030570","label":"탄방동","selectable":true,"labelAnchor":[127.39158191544435,36.34501868230553],"parentGuId":"seo","admCd":"25030570","sgg":"30170"},"geometry":{"type":"MultiPolygon","coordinates":[[[[127.40309,36.34896],[127.39525,36.34898],[127.38294,36.34908],[127.38289,36.34669],[127.37992,36.34482],[127.37784,36.34147],[127.37936,36.34094],[127.38108,36.34184],[127.38212,36.34327],[127.38861,36.34183],[127.38956,36.34134],[127.39135,36.33988],[127.39332,36.33843],[127.40328,36.3459],[127.40309,36.34896]]]]}},{"type":"Feature","properties":{"id":"25030590","label":"둔산1동","selectable":true,"labelAnchor":[127.38980082780961,36.35316207820414],"parentGuId":"seo","admCd":"25030590","sgg":"30170"},"geometry":{"type":"MultiPolygon","coordinates":[[[[127.39525,36.34898],[127.39527,36.35768],[127.38675,36.35773],[127.38462,36.35582],[127.38462,36.35129],[127.38297,36.3513],[127.38294,36.34908],[127.39525,36.34898]]]]}},{"type":"Feature","properties":{"id":"25030600","label":"둔산2동","selectable":true,"labelAnchor":[127.38537505011668,36.35748555920754],"parentGuId":"seo","admCd":"25030600","sgg":"30170"},"geometry":{"type":"MultiPolygon","coordinates":[[[[127.40037,36.36093],[127.3961,36.36479],[127.39481,36.3648],[127.37951,36.36486],[127.37948,36.35778],[127.37426,36.35779],[127.37429,36.35279],[127.3732,36.35055],[127.37665,36.34879],[127.37992,36.34482],[127.38289,36.34669],[127.38294,36.34908],[127.38297,36.3513],[127.38462,36.35129],[127.38462,36.35582],[127.38675,36.35773],[127.39527,36.35768],[127.40087,36.35769],[127.40284,36.35733],[127.40037,36.36093]]]]}},{"type":"Feature","properties":{"id":"25030610","label":"괴정동","selectable":true,"labelAnchor":[127.38005512834701,36.33867782116901],"parentGuId":"seo","admCd":"25030610","sgg":"30170"},"geometry":{"type":"MultiPolygon","coordinates":[[[[127.38687,36.33642],[127.39135,36.33988],[127.38956,36.34134],[127.38861,36.34183],[127.38212,36.34327],[127.38108,36.34184],[127.37936,36.34094],[127.37784,36.34147],[127.37742,36.34075],[127.37372,36.34041],[127.37163,36.34226],[127.36843,36.34019],[127.36871,36.33809],[127.36942,36.33721],[127.37001,36.3369],[127.37526,36.3353],[127.3775,36.33718],[127.3825,36.33295],[127.38687,36.33642]]]]}},{"type":"Feature","properties":{"id":"25030620","label":"가장동","selectable":true,"labelAnchor":[127.38760899174186,36.331099124600925],"parentGuId":"seo","admCd":"25030620","sgg":"30170"},"geometry":{"type":"MultiPolygon","coordinates":[[[[127.3897,36.32647],[127.39368,36.33073],[127.38687,36.33642],[127.3825,36.33295],[127.38447,36.33134],[127.38123,36.32871],[127.38547,36.32812],[127.3897,36.32647]]]]}},{"type":"Feature","properties":{"id":"25030630","label":"내동","selectable":true,"labelAnchor":[127.37329120078549,36.33427525770791],"parentGuId":"seo","admCd":"25030630","sgg":"30170"},"geometry":{"type":"MultiPolygon","coordinates":[[[[127.38123,36.32871],[127.38447,36.33134],[127.3825,36.33295],[127.3775,36.33718],[127.37526,36.3353],[127.37001,36.3369],[127.36942,36.33721],[127.36871,36.33809],[127.36843,36.34019],[127.36792,36.3396],[127.36658,36.33909],[127.36347,36.33914],[127.36185,36.33948],[127.36161,36.3385],[127.36232,36.3369],[127.36409,36.33502],[127.36692,36.33503],[127.37221,36.33112],[127.37586,36.32998],[127.37678,36.33131],[127.38123,36.32871]]]]}},{"type":"Feature","properties":{"id":"25030640","label":"갈마1동","selectable":true,"labelAnchor":[127.36724394812504,36.34834469828138],"parentGuId":"seo","admCd":"25030640","sgg":"30170"},"geometry":{"type":"MultiPolygon","coordinates":[[[[127.3732,36.35055],[127.37429,36.35279],[127.37426,36.35779],[127.37426,36.35792],[127.36842,36.35782],[127.36787,36.35369],[127.36685,36.35411],[127.36545,36.35429],[127.36337,36.35424],[127.36251,36.34933],[127.36281,36.34656],[127.36123,36.34379],[127.36097,36.34167],[127.36095,36.34128],[127.36206,36.34011],[127.36185,36.33948],[127.36347,36.33914],[127.36658,36.33909],[127.36792,36.3396],[127.36843,36.34019],[127.37163,36.34226],[127.3699,36.34371],[127.36954,36.34441],[127.36924,36.3516],[127.36992,36.35244],[127.3732,36.35055]]]]}},{"type":"Feature","properties":{"id":"25030650","label":"갈마2동","selectable":true,"labelAnchor":[127.37389289898343,36.34584355683281],"parentGuId":"seo","admCd":"25030650","sgg":"30170"},"geometry":{"type":"MultiPolygon","coordinates":[[[[127.37992,36.34482],[127.37665,36.34879],[127.3732,36.35055],[127.36992,36.35244],[127.36924,36.3516],[127.36954,36.34441],[127.3699,36.34371],[127.37163,36.34226],[127.37372,36.34041],[127.37742,36.34075],[127.37784,36.34147],[127.37992,36.34482]]]]}},{"type":"Feature","properties":{"id":"25030660","label":"월평1동","selectable":true,"labelAnchor":[127.35776609267157,36.34590521190422],"parentGuId":"seo","admCd":"25030660","sgg":"30170"},"geometry":{"type":"MultiPolygon","coordinates":[[[[127.36185,36.33948],[127.36206,36.34011],[127.36095,36.34128],[127.36097,36.34167],[127.36123,36.34379],[127.36281,36.34656],[127.36251,36.34933],[127.36337,36.35424],[127.36545,36.35429],[127.36685,36.35411],[127.36787,36.35369],[127.36842,36.35782],[127.36204,36.3586],[127.35682,36.35895],[127.3526,36.35503],[127.34949,36.3519],[127.34942,36.35155],[127.34907,36.34985],[127.35302,36.33719],[127.35385,36.33295],[127.35364,36.33214],[127.35893,36.33231],[127.35973,36.32777],[127.36249,36.33138],[127.36295,36.33157],[127.36368,36.33129],[127.36409,36.33502],[127.36232,36.3369],[127.36161,36.3385],[127.36185,36.33948]]]]}},{"type":"Feature","properties":{"id":"25030670","label":"월평2동","selectable":true,"labelAnchor":[127.37482725151453,36.362109031045925],"parentGuId":"seo","admCd":"25030670","sgg":"30170"},"geometry":{"type":"MultiPolygon","coordinates":[[[[127.37426,36.35779],[127.37948,36.35778],[127.37951,36.36486],[127.36602,36.36493],[127.36849,36.36227],[127.37428,36.36225],[127.37426,36.35792],[127.37426,36.35779]]]]}},{"type":"Feature","properties":{"id":"25030680","label":"월평3동","selectable":true,"labelAnchor":[127.36666454101582,36.36060256632644],"parentGuId":"seo","admCd":"25030680","sgg":"30170"},"geometry":{"type":"MultiPolygon","coordinates":[[[[127.37426,36.35792],[127.37428,36.36225],[127.36849,36.36227],[127.36602,36.36493],[127.36578,36.36521],[127.36364,36.36397],[127.35682,36.35895],[127.36204,36.3586],[127.36842,36.35782],[127.37426,36.35792]]]]}},{"type":"Feature","properties":{"id":"25030690","label":"만년동","selectable":true,"labelAnchor":[127.38325176412137,36.36851384269142],"parentGuId":"seo","admCd":"25030690","sgg":"30170"},"geometry":{"type":"MultiPolygon","coordinates":[[[[127.39481,36.3648],[127.39466,36.37198],[127.39499,36.37267],[127.39305,36.3728],[127.38982,36.37354],[127.38284,36.37279],[127.38042,36.37287],[127.37648,36.37132],[127.37241,36.36938],[127.36854,36.3665],[127.36578,36.36521],[127.36602,36.36493],[127.37951,36.36486],[127.39481,36.3648]]]]}},{"type":"Feature","properties":{"id":"25030511","label":"가수원동","selectable":true,"labelAnchor":[127.35013917688072,36.289534824002175],"parentGuId":"seo","admCd":"25030511","sgg":"30170"},"geometry":{"type":"MultiPolygon","coordinates":[[[[127.3612,36.30454],[127.35829,36.30628],[127.35087,36.30448],[127.34515,36.30344],[127.34687,36.3016],[127.34804,36.29895],[127.34705,36.29412],[127.34534,36.29133],[127.3458,36.28991],[127.34667,36.28887],[127.34632,36.28849],[127.34483,36.288],[127.34189,36.28736],[127.33989,36.28736],[127.33629,36.28614],[127.33183,36.28417],[127.33239,36.28346],[127.33277,36.2819],[127.33493,36.28018],[127.33842,36.27981],[127.34287,36.27847],[127.34299,36.27754],[127.34511,36.27551],[127.34631,36.27493],[127.35444,36.27613],[127.3566,36.27756],[127.35693,36.278],[127.35679,36.28168],[127.35792,36.29069],[127.35948,36.29425],[127.36155,36.29772],[127.36213,36.29959],[127.36222,36.3019],[127.36191,36.30351],[127.3612,36.30454]]]]}},{"type":"Feature","properties":{"id":"25030710","label":"기성동","selectable":true,"labelAnchor":[127.32705466581636,36.242308421781246],"parentGuId":"seo","admCd":"25030710","sgg":"30170"},"geometry":{"type":"MultiPolygon","coordinates":[[[[127.34631,36.27493],[127.34511,36.27551],[127.34299,36.27754],[127.34287,36.27847],[127.33842,36.27981],[127.33493,36.28018],[127.33277,36.2819],[127.33239,36.28346],[127.33183,36.28417],[127.32685,36.28184],[127.31899,36.27924],[127.31947,36.282],[127.31901,36.28406],[127.31683,36.28576],[127.31565,36.28571],[127.3142,36.28487],[127.31093,36.282],[127.31043,36.2792],[127.31048,36.27812],[127.3095,36.27676],[127.30753,36.27562],[127.30711,36.27436],[127.30726,36.27255],[127.30282,36.27054],[127.30048,36.27],[127.29571,36.26745],[127.29403,36.26566],[127.29324,36.26437],[127.29245,36.26397],[127.29177,36.26419],[127.29088,36.26295],[127.28416,36.25975],[127.28206,36.25779],[127.28188,36.25723],[127.28255,36.2563],[127.28188,36.25395],[127.28094,36.25368],[127.28003,36.25234],[127.28124,36.24757],[127.28102,36.24583],[127.27962,36.24473],[127.27808,36.24407],[127.27999,36.24408],[127.2829,36.23864],[127.28299,36.23663],[127.28819,36.23293],[127.29113,36.23027],[127.29284,36.22743],[127.29376,36.22312],[127.30049,36.22121],[127.30181,36.22126],[127.30312,36.22172],[127.30361,36.22265],[127.30284,36.22697],[127.3032,36.22867],[127.3038,36.22897],[127.30474,36.22883],[127.3061,36.22678],[127.30871,36.22468],[127.30997,36.22439],[127.31445,36.22242],[127.3197,36.21545],[127.3215,36.2137],[127.32133,36.21278],[127.32067,36.21215],[127.32078,36.20966],[127.32319,36.20342],[127.32363,36.20312],[127.32808,36.20407],[127.33345,36.20045],[127.33356,36.19985],[127.33008,36.19444],[127.33069,36.19344],[127.33131,36.19121],[127.33178,36.18797],[127.33172,36.18499],[127.33143,36.18432],[127.33394,36.18327],[127.3351,36.18362],[127.34066,36.18912],[127.34189,36.19323],[127.34392,36.19673],[127.34748,36.19777],[127.34773,36.1985],[127.34765,36.20212],[127.34675,36.20251],[127.34684,36.2033],[127.34971,36.20829],[127.35303,36.21182],[127.35489,36.2128],[127.35946,36.21392],[127.35976,36.21653],[127.36052,36.2185],[127.36138,36.21838],[127.36423,36.21894],[127.36472,36.21997],[127.36395,36.22226],[127.36325,36.22348],[127.36031,36.22562],[127.36005,36.22679],[127.36305,36.2322],[127.36196,36.23404],[127.36451,36.24348],[127.36462,36.24503],[127.36459,36.24829],[127.364,36.25165],[127.36137,36.25358],[127.36067,36.25764],[127.3603,36.26208],[127.35966,36.26267],[127.36031,36.26405],[127.36101,36.26446],[127.35997,36.26519],[127.359,36.26833],[127.35809,36.27037],[127.35415,36.27272],[127.35164,36.27347],[127.35111,36.27316],[127.34631,36.27493]]]]}},{"type":"Feature","properties":{"id":"25030720","label":"관저1동","selectable":true,"labelAnchor":[127.33826940967903,36.306531678093194],"parentGuId":"seo","admCd":"25030720","sgg":"30170"},"geometry":{"type":"MultiPolygon","coordinates":[[[[127.33279,36.30156],[127.33661,36.30154],[127.34201,36.30293],[127.34515,36.30344],[127.34473,36.30587],[127.34509,36.30743],[127.34499,36.30912],[127.34325,36.3091],[127.34253,36.30834],[127.34127,36.30783],[127.34045,36.31029],[127.34036,36.31163],[127.33888,36.31321],[127.3375,36.31278],[127.33445,36.31038],[127.3334,36.30946],[127.33252,36.30792],[127.33279,36.30156]]]]}},{"type":"Feature","properties":{"id":"25030730","label":"관저2동","selectable":true,"labelAnchor":[127.33272559094088,36.29253088813439],"parentGuId":"seo","admCd":"25030730","sgg":"30170"},"geometry":{"type":"MultiPolygon","coordinates":[[[[127.31683,36.28576],[127.31901,36.28406],[127.31947,36.282],[127.31899,36.27924],[127.32685,36.28184],[127.33183,36.28417],[127.33629,36.28614],[127.33989,36.28736],[127.34189,36.28736],[127.34483,36.288],[127.34632,36.28849],[127.34667,36.28887],[127.3458,36.28991],[127.34534,36.29133],[127.34705,36.29412],[127.34804,36.29895],[127.34687,36.3016],[127.34515,36.30344],[127.34201,36.30293],[127.33661,36.30154],[127.33279,36.30156],[127.32968,36.30145],[127.32475,36.29984],[127.32292,36.29813],[127.32211,36.29716],[127.32008,36.29224],[127.32002,36.28911],[127.31967,36.28759],[127.31861,36.28655],[127.31683,36.28576]]]]}},{"type":"Feature","properties":{"id":"25030740","label":"둔산3동","selectable":true,"labelAnchor":[127.39918580630871,36.35330466640407],"parentGuId":"seo","admCd":"25030740","sgg":"30170"},"geometry":{"type":"MultiPolygon","coordinates":[[[[127.4029,36.35009],[127.40325,36.35149],[127.40326,36.35446],[127.40316,36.35629],[127.40284,36.35733],[127.40087,36.35769],[127.39527,36.35768],[127.39525,36.34898],[127.40309,36.34896],[127.4029,36.35009]]]]}},{"type":"Feature","properties":{"id":"25040680","label":"진잠동","selectable":true,"labelAnchor":[127.29159629961019,36.30123221644647],"parentGuId":"yuseong","admCd":"25040680","sgg":"30200"},"geometry":{"type":"MultiPolygon","coordinates":[[[[127.32823,36.33214],[127.32745,36.33171],[127.32638,36.33022],[127.32616,36.32799],[127.32509,36.32693],[127.32279,36.32779],[127.32225,36.32755],[127.32026,36.32816],[127.31773,36.32834],[127.31734,36.3294],[127.31565,36.33101],[127.31366,36.33206],[127.31204,36.33348],[127.31159,36.33199],[127.31182,36.32927],[127.31137,36.32685],[127.31191,36.32412],[127.31046,36.32244],[127.30874,36.32179],[127.30417,36.32318],[127.30168,36.32274],[127.29677,36.32481],[127.29605,36.32397],[127.29448,36.32443],[127.29324,36.32765],[127.29062,36.33255],[127.28526,36.33096],[127.28174,36.33024],[127.28124,36.32875],[127.27852,36.32949],[127.27787,36.33029],[127.27591,36.33147],[127.27426,36.33078],[127.26966,36.33099],[127.26801,36.33159],[127.26605,36.3285],[127.2657,36.32828],[127.26333,36.32734],[127.25975,36.32721],[127.26036,36.32344],[127.26038,36.32194],[127.25973,36.32004],[127.25861,36.3191],[127.25778,36.31796],[127.2575,36.3157],[127.25845,36.30505],[127.25885,36.3038],[127.2602,36.30184],[127.25929,36.29638],[127.25896,36.29601],[127.25802,36.29581],[127.25371,36.29654],[127.25185,36.29601],[127.25076,36.29513],[127.24763,36.29165],[127.24683,36.29044],[127.24762,36.28966],[127.2481,36.2884],[127.24891,36.28471],[127.24946,36.28343],[127.25205,36.28222],[127.25625,36.27801],[127.26026,36.27591],[127.26199,36.27578],[127.26645,36.27413],[127.26977,36.27102],[127.28101,36.26541],[127.283,36.26491],[127.28422,36.26487],[127.28731,36.26573],[127.29057,36.26575],[127.29147,36.26534],[127.29177,36.26419],[127.29245,36.26397],[127.29324,36.26437],[127.29403,36.26566],[127.29571,36.26745],[127.30048,36.27],[127.30282,36.27054],[127.30726,36.27255],[127.30711,36.27436],[127.30753,36.27562],[127.3095,36.27676],[127.31048,36.27812],[127.31043,36.2792],[127.31093,36.282],[127.3142,36.28487],[127.31565,36.28571],[127.31683,36.28576],[127.31861,36.28655],[127.31967,36.28759],[127.32002,36.28911],[127.32008,36.29224],[127.32211,36.29716],[127.32292,36.29813],[127.32475,36.29984],[127.32968,36.30145],[127.33279,36.30156],[127.33252,36.30792],[127.3334,36.30946],[127.33445,36.31038],[127.3375,36.31278],[127.33888,36.31321],[127.33982,36.31783],[127.33786,36.31786],[127.33676,36.32291],[127.33601,36.3283],[127.33601,36.33018],[127.33817,36.33019],[127.33821,36.33219],[127.33033,36.33207],[127.32823,36.33214]]]]}},{"type":"Feature","properties":{"id":"25040540","label":"온천2동","selectable":true,"labelAnchor":[127.34895566392551,36.36868007285513],"parentGuId":"yuseong","admCd":"25040540","sgg":"30200"},"geometry":{"type":"MultiPolygon","coordinates":[[[[127.36578,36.36521],[127.36854,36.3665],[127.37241,36.36938],[127.37648,36.37132],[127.38042,36.37287],[127.37936,36.37359],[127.3767,36.37669],[127.3756,36.37734],[127.37324,36.37753],[127.3699,36.37586],[127.3663,36.37568],[127.36264,36.37642],[127.35722,36.37899],[127.35564,36.38083],[127.35304,36.37837],[127.35279,36.3778],[127.35309,36.37665],[127.3513,36.37506],[127.35103,36.37288],[127.35111,36.37144],[127.35017,36.3713],[127.34851,36.37305],[127.34838,36.37538],[127.34639,36.37674],[127.3436,36.37755],[127.34304,36.37842],[127.33594,36.38199],[127.33179,36.37251],[127.33149,36.37128],[127.3312,36.36676],[127.32686,36.36412],[127.31991,36.36121],[127.32418,36.35955],[127.33004,36.35821],[127.33305,36.35704],[127.33633,36.3566],[127.34062,36.35759],[127.34248,36.35945],[127.34354,36.35979],[127.34906,36.35919],[127.35139,36.35925],[127.35625,36.36058],[127.36364,36.36397],[127.36578,36.36521]]]]}},{"type":"Feature","properties":{"id":"25040550","label":"신성동","selectable":true,"labelAnchor":[127.35797064276787,36.40303911286868],"parentGuId":"yuseong","admCd":"25040550","sgg":"30200"},"geometry":{"type":"MultiPolygon","coordinates":[[[[127.38708,36.41229],[127.38475,36.41231],[127.38304,36.41408],[127.37879,36.41713],[127.37853,36.41807],[127.38163,36.42134],[127.37995,36.42322],[127.37976,36.42629],[127.37746,36.42707],[127.37634,36.42788],[127.3737,36.43113],[127.37379,36.4317],[127.37236,36.43349],[127.36997,36.43329],[127.36632,36.43587],[127.36521,36.43507],[127.36341,36.43306],[127.36355,36.43208],[127.36278,36.43053],[127.36185,36.42935],[127.35806,36.43252],[127.35649,36.43422],[127.35604,36.43514],[127.35472,36.43599],[127.35255,36.43453],[127.35208,36.43348],[127.35192,36.42938],[127.351,36.42849],[127.34928,36.42849],[127.34604,36.42921],[127.3433,36.43008],[127.34221,36.43072],[127.34072,36.43098],[127.33457,36.42705],[127.32902,36.42313],[127.32698,36.42203],[127.32646,36.42112],[127.32626,36.41727],[127.32728,36.41527],[127.32783,36.41482],[127.32782,36.41352],[127.32721,36.41085],[127.32679,36.4102],[127.32576,36.41047],[127.32456,36.40991],[127.32438,36.40704],[127.32735,36.40005],[127.32977,36.39919],[127.33099,36.39831],[127.3313,36.3975],[127.33078,36.39524],[127.32917,36.39442],[127.32885,36.39399],[127.32881,36.39309],[127.33246,36.39232],[127.33326,36.39192],[127.3337,36.39134],[127.33282,36.38745],[127.33033,36.38381],[127.33594,36.38199],[127.34304,36.37842],[127.3436,36.37755],[127.34639,36.37674],[127.34838,36.37538],[127.34851,36.37305],[127.35017,36.3713],[127.35111,36.37144],[127.35103,36.37288],[127.3513,36.37506],[127.35309,36.37665],[127.35279,36.3778],[127.35304,36.37837],[127.35564,36.38083],[127.35722,36.37899],[127.36264,36.37642],[127.3663,36.37568],[127.3699,36.37586],[127.37324,36.37753],[127.3756,36.37734],[127.3767,36.37669],[127.37936,36.37359],[127.38042,36.37287],[127.38284,36.37279],[127.38982,36.37354],[127.39305,36.3728],[127.39499,36.37267],[127.40073,36.37496],[127.39744,36.37681],[127.39327,36.38052],[127.38773,36.38186],[127.38699,36.38261],[127.38465,36.3869],[127.38428,36.38805],[127.38002,36.39339],[127.38036,36.39423],[127.3807,36.39746],[127.38005,36.40009],[127.38007,36.40086],[127.381,36.40287],[127.38146,36.40357],[127.38545,36.40374],[127.38865,36.40718],[127.38918,36.4085],[127.38918,36.40888],[127.38708,36.41229]]]]}},{"type":"Feature","properties":{"id":"25040570","label":"전민동","selectable":true,"labelAnchor":[127.39812561577075,36.39433656287345],"parentGuId":"yuseong","admCd":"25040570","sgg":"30200"},"geometry":{"type":"MultiPolygon","coordinates":[[[[127.4094,36.37879],[127.41047,36.3803],[127.4111,36.38167],[127.41122,36.38384],[127.41071,36.38987],[127.41137,36.39509],[127.41217,36.39715],[127.413,36.39819],[127.41387,36.40137],[127.41408,36.40485],[127.41499,36.41039],[127.41346,36.41102],[127.4119,36.41075],[127.41163,36.40963],[127.41129,36.40927],[127.40335,36.40868],[127.40117,36.40813],[127.39704,36.40808],[127.39493,36.40835],[127.39362,36.40939],[127.39292,36.41033],[127.3941,36.41058],[127.38708,36.41229],[127.38918,36.40888],[127.38918,36.4085],[127.38865,36.40718],[127.38545,36.40374],[127.38146,36.40357],[127.381,36.40287],[127.38007,36.40086],[127.38005,36.40009],[127.3807,36.39746],[127.38036,36.39423],[127.38002,36.39339],[127.38428,36.38805],[127.38465,36.3869],[127.38699,36.38261],[127.38773,36.38186],[127.39327,36.38052],[127.39744,36.37681],[127.40073,36.37496],[127.40527,36.37618],[127.40817,36.3778],[127.4094,36.37879]]]]}},{"type":"Feature","properties":{"id":"25040590","label":"노은1동","selectable":true,"labelAnchor":[127.29934554174223,36.368262261638655],"parentGuId":"yuseong","admCd":"25040590","sgg":"30200"},"geometry":{"type":"MultiPolygon","coordinates":[[[[127.31991,36.36121],[127.32686,36.36412],[127.3312,36.36676],[127.33149,36.37128],[127.33179,36.37251],[127.33594,36.38199],[127.33033,36.38381],[127.32505,36.377],[127.32449,36.37668],[127.32266,36.37598],[127.31518,36.37597],[127.3155,36.37238],[127.31109,36.37157],[127.3068,36.37152],[127.30198,36.37531],[127.30151,36.37669],[127.30097,36.38007],[127.30029,36.38148],[127.29934,36.38143],[127.29864,36.38098],[127.29462,36.38102],[127.29066,36.38141],[127.28657,36.38234],[127.28311,36.38277],[127.28064,36.38177],[127.27897,36.38157],[127.27894,36.37949],[127.28004,36.37887],[127.28033,36.37847],[127.28099,36.37482],[127.27925,36.37064],[127.27758,36.36872],[127.27755,36.36526],[127.27555,36.3639],[127.27294,36.36298],[127.27084,36.36097],[127.27115,36.3573],[127.27225,36.35423],[127.27609,36.35102],[127.27789,36.34893],[127.28005,36.35047],[127.28131,36.35242],[127.28353,36.35389],[127.29073,36.35582],[127.2933,36.35694],[127.29602,36.35819],[127.29647,36.35953],[127.30132,36.36188],[127.30359,36.36156],[127.30402,36.3613],[127.30384,36.36308],[127.30346,36.36414],[127.30355,36.36483],[127.30468,36.36592],[127.30604,36.36589],[127.30712,36.36462],[127.30739,36.36217],[127.3151,36.36242],[127.31991,36.36121]]]]}},{"type":"Feature","properties":{"id":"25040610","label":"구즉동","selectable":true,"labelAnchor":[127.37667593563955,36.46105647638954],"parentGuId":"yuseong","admCd":"25040610","sgg":"30200"},"geometry":{"type":"MultiPolygon","coordinates":[[[[127.40262,36.45569],[127.40126,36.45738],[127.40044,36.46132],[127.4006,36.47017],[127.40252,36.47382],[127.40346,36.47615],[127.40431,36.48147],[127.40421,36.48332],[127.40268,36.48558],[127.40095,36.48744],[127.39386,36.49313],[127.39139,36.494],[127.38797,36.49851],[127.38649,36.49943],[127.38469,36.50014],[127.38277,36.50045],[127.38117,36.50002],[127.37866,36.49791],[127.37558,36.49385],[127.37133,36.49032],[127.36939,36.48959],[127.36668,36.48984],[127.36133,36.49107],[127.36035,36.49022],[127.35928,36.48723],[127.35915,36.48539],[127.36129,36.47757],[127.36233,36.47595],[127.36413,36.4751],[127.3645,36.47442],[127.36441,36.4717],[127.36362,36.47033],[127.36082,36.46803],[127.35849,36.46519],[127.35671,36.4647],[127.35595,36.46402],[127.35785,36.45795],[127.35871,36.45603],[127.35588,36.45093],[127.35309,36.44791],[127.34893,36.44722],[127.3447,36.44446],[127.3429,36.43992],[127.34255,36.43812],[127.34156,36.43798],[127.3399,36.43598],[127.34037,36.43183],[127.34072,36.43098],[127.34221,36.43072],[127.3433,36.43008],[127.34604,36.42921],[127.34928,36.42849],[127.351,36.42849],[127.35192,36.42938],[127.35208,36.43348],[127.35255,36.43453],[127.35472,36.43599],[127.35604,36.43514],[127.35649,36.43422],[127.35806,36.43252],[127.36185,36.42935],[127.36278,36.43053],[127.36355,36.43208],[127.36341,36.43306],[127.36521,36.43507],[127.36632,36.43587],[127.36997,36.43329],[127.37236,36.43349],[127.37379,36.4317],[127.3737,36.43113],[127.37634,36.42788],[127.37746,36.42707],[127.37976,36.42629],[127.37995,36.42322],[127.38163,36.42134],[127.38338,36.4232],[127.38395,36.42413],[127.38858,36.43394],[127.39446,36.43824],[127.39237,36.44023],[127.39118,36.44189],[127.39071,36.44661],[127.3919,36.44928],[127.39349,36.45057],[127.39843,36.45114],[127.40254,36.45275],[127.40282,36.45454],[127.40262,36.45569]]]]}},{"type":"Feature","properties":{"id":"25040630","label":"관평동","selectable":true,"labelAnchor":[127.39838194414499,36.42043355115345],"parentGuId":"yuseong","admCd":"25040630","sgg":"30200"},"geometry":{"type":"MultiPolygon","coordinates":[[[[127.41747,36.41877],[127.41685,36.41992],[127.41527,36.42141],[127.41452,36.42196],[127.41345,36.42228],[127.41228,36.42242],[127.40983,36.42502],[127.3977,36.43492],[127.39446,36.43824],[127.38858,36.43394],[127.38395,36.42413],[127.38338,36.4232],[127.38163,36.42134],[127.37853,36.41807],[127.37879,36.41713],[127.38304,36.41408],[127.38475,36.41231],[127.38708,36.41229],[127.3941,36.41058],[127.39292,36.41033],[127.39362,36.40939],[127.39493,36.40835],[127.39704,36.40808],[127.40117,36.40813],[127.40335,36.40868],[127.41129,36.40927],[127.41163,36.40963],[127.4119,36.41075],[127.41346,36.41102],[127.41499,36.41039],[127.41606,36.41189],[127.4184,36.414],[127.41863,36.41501],[127.41852,36.41657],[127.41747,36.41877]]]]}},{"type":"Feature","properties":{"id":"25040660","label":"노은2동","selectable":true,"labelAnchor":[127.30938438796375,36.40491990467407],"parentGuId":"yuseong","admCd":"25040660","sgg":"30200"},"geometry":{"type":"MultiPolygon","coordinates":[[[[127.33033,36.38381],[127.33282,36.38745],[127.3337,36.39134],[127.33326,36.39192],[127.33246,36.39232],[127.32881,36.39309],[127.32885,36.39399],[127.32917,36.39442],[127.33078,36.39524],[127.3313,36.3975],[127.33099,36.39831],[127.32977,36.39919],[127.32735,36.40005],[127.32438,36.40704],[127.32456,36.40991],[127.32576,36.41047],[127.32679,36.4102],[127.32721,36.41085],[127.32782,36.41352],[127.32783,36.41482],[127.32728,36.41527],[127.32626,36.41727],[127.32646,36.42112],[127.32698,36.42203],[127.32439,36.4221],[127.32323,36.4225],[127.32224,36.42359],[127.3215,36.42362],[127.32112,36.42351],[127.31992,36.4222],[127.31933,36.42098],[127.31705,36.42002],[127.31667,36.42012],[127.31496,36.42225],[127.31061,36.42479],[127.30526,36.42437],[127.30404,36.42509],[127.30275,36.42467],[127.30146,36.42198],[127.3007,36.42196],[127.29973,36.4224],[127.29932,36.42293],[127.29829,36.42314],[127.29423,36.4222],[127.29321,36.41947],[127.28926,36.41936],[127.28912,36.41594],[127.28616,36.41517],[127.2834,36.41495],[127.28231,36.41454],[127.28186,36.4092],[127.28077,36.4033],[127.2789,36.3989],[127.27859,36.39702],[127.27884,36.39624],[127.28596,36.39858],[127.28903,36.39921],[127.29951,36.40044],[127.31019,36.39887],[127.31129,36.39699],[127.31823,36.38721],[127.31842,36.38425],[127.31644,36.38017],[127.31561,36.37906],[127.31477,36.3792],[127.31475,36.37717],[127.31488,36.37619],[127.31518,36.37597],[127.32266,36.37598],[127.32449,36.37668],[127.32505,36.377],[127.33033,36.38381]]]]}},{"type":"Feature","properties":{"id":"25040670","label":"노은3동","selectable":true,"labelAnchor":[127.29958252920817,36.38785927034326],"parentGuId":"yuseong","admCd":"25040670","sgg":"30200"},"geometry":{"type":"MultiPolygon","coordinates":[[[[127.27897,36.38157],[127.28064,36.38177],[127.28311,36.38277],[127.28657,36.38234],[127.29066,36.38141],[127.29462,36.38102],[127.29864,36.38098],[127.29934,36.38143],[127.30029,36.38148],[127.30097,36.38007],[127.30151,36.37669],[127.30198,36.37531],[127.3068,36.37152],[127.31109,36.37157],[127.3155,36.37238],[127.31518,36.37597],[127.31488,36.37619],[127.31475,36.37717],[127.31477,36.3792],[127.31561,36.37906],[127.31644,36.38017],[127.31842,36.38425],[127.31823,36.38721],[127.31129,36.39699],[127.31019,36.39887],[127.29951,36.40044],[127.28903,36.39921],[127.28596,36.39858],[127.27884,36.39624],[127.27869,36.39531],[127.27918,36.39164],[127.27897,36.38157]]]]}},{"type":"Feature","properties":{"id":"25050510","label":"오정동","selectable":true,"labelAnchor":[127.41366030660473,36.353994369088724],"parentGuId":"daedeok","admCd":"25050510","sgg":"30230"},"geometry":{"type":"MultiPolygon","coordinates":[[[[127.42792,36.35259],[127.42757,36.35503],[127.42428,36.35507],[127.41911,36.35752],[127.41759,36.35868],[127.41944,36.36143],[127.42004,36.36333],[127.41402,36.36274],[127.41299,36.36179],[127.4024,36.36148],[127.40037,36.36093],[127.40284,36.35733],[127.40316,36.35629],[127.40326,36.35446],[127.40325,36.35149],[127.4029,36.35009],[127.40754,36.3489],[127.40977,36.3478],[127.41163,36.34593],[127.41277,36.34369],[127.41762,36.34468],[127.4207,36.34446],[127.41833,36.34622],[127.41958,36.3483],[127.4218,36.34857],[127.42389,36.34843],[127.42487,36.3488],[127.42725,36.35252],[127.42792,36.35259]]]]}},{"type":"Feature","properties":{"id":"25050520","label":"대화동","selectable":true,"labelAnchor":[127.4074926028376,36.36875182601023],"parentGuId":"daedeok","admCd":"25050520","sgg":"30230"},"geometry":{"type":"MultiPolygon","coordinates":[[[[127.42183,36.36784],[127.42115,36.36833],[127.42029,36.36882],[127.41633,36.37267],[127.41576,36.37445],[127.41458,36.37585],[127.41384,36.37612],[127.4125,36.37595],[127.4094,36.37879],[127.40817,36.3778],[127.40527,36.37618],[127.40073,36.37496],[127.39499,36.37267],[127.39466,36.37198],[127.39481,36.3648],[127.3961,36.36479],[127.40037,36.36093],[127.4024,36.36148],[127.41299,36.36179],[127.41402,36.36274],[127.42004,36.36333],[127.42081,36.36386],[127.42146,36.36523],[127.42149,36.36665],[127.42183,36.36784]]]]}},{"type":"Feature","properties":{"id":"25050530","label":"회덕동","selectable":true,"labelAnchor":[127.43427359552034,36.39961434032777],"parentGuId":"daedeok","admCd":"25050530","sgg":"30230"},"geometry":{"type":"MultiPolygon","coordinates":[[[[127.45131,36.38091],[127.45313,36.38358],[127.45469,36.38698],[127.45522,36.38871],[127.45395,36.39007],[127.45421,36.39586],[127.45528,36.39913],[127.45738,36.40297],[127.45965,36.40397],[127.45296,36.41262],[127.45239,36.41418],[127.4537,36.4174],[127.45536,36.4199],[127.4573,36.42187],[127.45863,36.4258],[127.45601,36.42837],[127.45332,36.42881],[127.4434,36.42783],[127.44143,36.4273],[127.43982,36.4245],[127.43831,36.42423],[127.43436,36.4193],[127.43499,36.41785],[127.43294,36.41353],[127.43203,36.41232],[127.43179,36.41392],[127.42568,36.4183],[127.42257,36.42013],[127.41747,36.41877],[127.41852,36.41657],[127.41863,36.41501],[127.4184,36.414],[127.41606,36.41189],[127.41499,36.41039],[127.41408,36.40485],[127.41387,36.40137],[127.413,36.39819],[127.41217,36.39715],[127.41137,36.39509],[127.41071,36.38987],[127.41122,36.38384],[127.4111,36.38167],[127.41047,36.3803],[127.4094,36.37879],[127.4125,36.37595],[127.41384,36.37612],[127.41458,36.37585],[127.41576,36.37445],[127.41633,36.37267],[127.42029,36.36882],[127.42115,36.36833],[127.42131,36.36954],[127.42215,36.37108],[127.42349,36.37183],[127.4239,36.37292],[127.42427,36.37537],[127.42691,36.37605],[127.4275,36.37597],[127.42932,36.37602],[127.43408,36.37723],[127.4366,36.37882],[127.43837,36.38085],[127.44008,36.38405],[127.45131,36.38091]]]]}},{"type":"Feature","properties":{"id":"25050540","label":"비래동","selectable":true,"labelAnchor":[127.45470438552931,36.36316803310694],"parentGuId":"daedeok","admCd":"25050540","sgg":"30230"},"geometry":{"type":"MultiPolygon","coordinates":[[[[127.44252,36.35185],[127.44516,36.35079],[127.44606,36.35237],[127.44551,36.35222],[127.4459,36.35362],[127.44699,36.354],[127.4545,36.35448],[127.45381,36.3533],[127.45605,36.35294],[127.45854,36.35299],[127.4639,36.35076],[127.46513,36.35155],[127.4651,36.35227],[127.4647,36.3531],[127.46477,36.35514],[127.46563,36.35744],[127.46607,36.35805],[127.46615,36.35933],[127.4659,36.36049],[127.46373,36.36131],[127.45965,36.36902],[127.45274,36.37793],[127.45131,36.38091],[127.45028,36.37953],[127.44932,36.37876],[127.44735,36.37793],[127.44562,36.37601],[127.44976,36.37105],[127.44871,36.36995],[127.44815,36.36816],[127.44699,36.36651],[127.44814,36.36464],[127.44998,36.3627],[127.44998,36.36212],[127.44577,36.35765],[127.44252,36.35185]]]]}},{"type":"Feature","properties":{"id":"25050550","label":"중리동","selectable":true,"labelAnchor":[127.42680888129338,36.3614141780257],"parentGuId":"daedeok","admCd":"25050550","sgg":"30230"},"geometry":{"type":"MultiPolygon","coordinates":[[[[127.4363,36.36555],[127.43071,36.36449],[127.42991,36.36732],[127.42324,36.36643],[127.42183,36.36784],[127.42149,36.36665],[127.42146,36.36523],[127.42081,36.36386],[127.42004,36.36333],[127.41944,36.36143],[127.41759,36.35868],[127.41911,36.35752],[127.42428,36.35507],[127.42757,36.35503],[127.43068,36.35905],[127.43255,36.35906],[127.43544,36.36075],[127.43572,36.36183],[127.43732,36.36195],[127.4363,36.36555]]]]}},{"type":"Feature","properties":{"id":"25050560","label":"법1동","selectable":true,"labelAnchor":[127.4256747374265,36.37057567692504],"parentGuId":"daedeok","admCd":"25050560","sgg":"30230"},"geometry":{"type":"MultiPolygon","coordinates":[[[[127.42991,36.36732],[127.4275,36.37597],[127.42691,36.37605],[127.42427,36.37537],[127.4239,36.37292],[127.42349,36.37183],[127.42215,36.37108],[127.42131,36.36954],[127.42115,36.36833],[127.42183,36.36784],[127.42324,36.36643],[127.42991,36.36732]]]]}},{"type":"Feature","properties":{"id":"25050570","label":"법2동","selectable":true,"labelAnchor":[127.4378870986641,36.37498669405778],"parentGuId":"daedeok","admCd":"25050570","sgg":"30230"},"geometry":{"type":"MultiPolygon","coordinates":[[[[127.44562,36.37601],[127.44735,36.37793],[127.44932,36.37876],[127.45028,36.37953],[127.45131,36.38091],[127.44008,36.38405],[127.43837,36.38085],[127.4366,36.37882],[127.43408,36.37723],[127.42932,36.37602],[127.4275,36.37597],[127.42991,36.36732],[127.43071,36.36449],[127.4363,36.36555],[127.43536,36.37006],[127.43707,36.3701],[127.43858,36.36984],[127.44309,36.37401],[127.44562,36.37601]]]]}},{"type":"Feature","properties":{"id":"25050580","label":"신탄진동","selectable":true,"labelAnchor":[127.46595859710992,36.4419862354869],"parentGuId":"daedeok","admCd":"25050580","sgg":"30230"},"geometry":{"type":"MultiPolygon","coordinates":[[[[127.48921,36.4327],[127.48944,36.43437],[127.49222,36.44044],[127.49579,36.44378],[127.49788,36.44539],[127.50017,36.44652],[127.5014,36.44761],[127.50265,36.44931],[127.50293,36.45005],[127.50313,36.45103],[127.50304,36.45305],[127.50266,36.45398],[127.50128,36.45534],[127.49892,36.45568],[127.49273,36.45453],[127.48717,36.45467],[127.48232,36.45598],[127.47934,36.45784],[127.47928,36.46014],[127.48452,36.47528],[127.48413,36.47762],[127.48168,36.47791],[127.4792,36.47746],[127.47171,36.47467],[127.46833,36.4719],[127.46677,36.47005],[127.46543,36.46787],[127.46403,36.46379],[127.46378,36.46043],[127.46423,36.4574],[127.46396,36.45657],[127.46273,36.45529],[127.46051,36.45364],[127.4551,36.45077],[127.45321,36.4501],[127.44966,36.44963],[127.447,36.44972],[127.44389,36.45032],[127.44213,36.45106],[127.4402,36.45349],[127.43626,36.45665],[127.43317,36.45724],[127.42626,36.45692],[127.42665,36.45534],[127.42914,36.44562],[127.42897,36.44411],[127.42841,36.44256],[127.42999,36.44156],[127.43079,36.44055],[127.43593,36.43822],[127.43646,36.43806],[127.43729,36.43826],[127.44135,36.4382],[127.44197,36.43772],[127.44356,36.43497],[127.44391,36.43293],[127.44392,36.43027],[127.44065,36.43017],[127.43987,36.42835],[127.44002,36.42795],[127.43978,36.42548],[127.43943,36.4248],[127.43831,36.42423],[127.43982,36.4245],[127.44143,36.4273],[127.4434,36.42783],[127.45332,36.42881],[127.45601,36.42837],[127.45863,36.4258],[127.4573,36.42187],[127.45536,36.4199],[127.4537,36.4174],[127.45239,36.41418],[127.45296,36.41262],[127.45965,36.40397],[127.46112,36.40462],[127.46311,36.40663],[127.46646,36.40841],[127.47282,36.41574],[127.47781,36.42227],[127.48132,36.42784],[127.48119,36.4293],[127.4818,36.4305],[127.48403,36.43349],[127.48627,36.43293],[127.48921,36.4327]]]]}},{"type":"Feature","properties":{"id":"25050590","label":"석봉동","selectable":true,"labelAnchor":[127.42304569950285,36.45049496815134],"parentGuId":"daedeok","admCd":"25050590","sgg":"30230"},"geometry":{"type":"MultiPolygon","coordinates":[[[[127.42841,36.44256],[127.42897,36.44411],[127.42914,36.44562],[127.42665,36.45534],[127.42464,36.45516],[127.42465,36.45643],[127.41907,36.45526],[127.41463,36.45487],[127.41711,36.45048],[127.41923,36.44845],[127.42159,36.44724],[127.42212,36.44631],[127.42289,36.44567],[127.42566,36.44408],[127.42663,36.44381],[127.42841,36.44256]]]]}},{"type":"Feature","properties":{"id":"25050600","label":"덕암동","selectable":true,"labelAnchor":[127.42702301975702,36.430798904265956],"parentGuId":"daedeok","admCd":"25050600","sgg":"30230"},"geometry":{"type":"MultiPolygon","coordinates":[[[[127.42841,36.44256],[127.42663,36.44381],[127.42566,36.44408],[127.42289,36.44567],[127.42212,36.44631],[127.42159,36.44724],[127.41923,36.44845],[127.41812,36.44891],[127.41656,36.44708],[127.41673,36.44534],[127.41653,36.44204],[127.41505,36.4388],[127.41575,36.43768],[127.41659,36.43721],[127.41707,36.43524],[127.41681,36.43408],[127.41562,36.43316],[127.41449,36.43294],[127.41352,36.43227],[127.41349,36.43029],[127.41422,36.42952],[127.41348,36.42645],[127.41345,36.42228],[127.41452,36.42196],[127.41527,36.42141],[127.41685,36.41992],[127.41747,36.41877],[127.42257,36.42013],[127.42568,36.4183],[127.43179,36.41392],[127.43203,36.41232],[127.43294,36.41353],[127.43499,36.41785],[127.43436,36.4193],[127.43831,36.42423],[127.43943,36.4248],[127.43978,36.42548],[127.44002,36.42795],[127.43987,36.42835],[127.44065,36.43017],[127.44392,36.43027],[127.44391,36.43293],[127.44356,36.43497],[127.44197,36.43772],[127.44135,36.4382],[127.43729,36.43826],[127.43646,36.43806],[127.43593,36.43822],[127.43079,36.44055],[127.42999,36.44156],[127.42841,36.44256]]]]}},{"type":"Feature","properties":{"id":"25050610","label":"목상동","selectable":true,"labelAnchor":[127.40580971730027,36.44176771484731],"parentGuId":"daedeok","admCd":"25050610","sgg":"30230"},"geometry":{"type":"MultiPolygon","coordinates":[[[[127.41923,36.44845],[127.41711,36.45048],[127.41463,36.45487],[127.40576,36.45494],[127.40262,36.45569],[127.40282,36.45454],[127.40254,36.45275],[127.39843,36.45114],[127.39349,36.45057],[127.3919,36.44928],[127.39071,36.44661],[127.39118,36.44189],[127.39237,36.44023],[127.39446,36.43824],[127.3977,36.43492],[127.40983,36.42502],[127.41228,36.42242],[127.41345,36.42228],[127.41348,36.42645],[127.41422,36.42952],[127.41349,36.43029],[127.41352,36.43227],[127.41449,36.43294],[127.41562,36.43316],[127.41681,36.43408],[127.41707,36.43524],[127.41659,36.43721],[127.41575,36.43768],[127.41505,36.4388],[127.41653,36.44204],[127.41673,36.44534],[127.41656,36.44708],[127.41812,36.44891],[127.41923,36.44845]]]]}},{"type":"Feature","properties":{"id":"25050620","label":"송촌동","selectable":true,"labelAnchor":[127.4428496484706,36.36466651663458],"parentGuId":"daedeok","admCd":"25050620","sgg":"30230"},"geometry":{"type":"MultiPolygon","coordinates":[[[[127.4414,36.35237],[127.44252,36.35185],[127.44577,36.35765],[127.44998,36.36212],[127.44998,36.3627],[127.44814,36.36464],[127.44699,36.36651],[127.44815,36.36816],[127.44871,36.36995],[127.44976,36.37105],[127.44562,36.37601],[127.44309,36.37401],[127.43858,36.36984],[127.43707,36.3701],[127.43536,36.37006],[127.4363,36.36555],[127.43732,36.36195],[127.43572,36.36183],[127.43544,36.36075],[127.4387,36.35973],[127.43927,36.35858],[127.4397,36.35664],[127.43966,36.35506],[127.44148,36.35356],[127.4414,36.35237]]]]}},{"type":"Feature","properties":{"id":"25040690","label":"학하동","selectable":true,"labelAnchor":[127.29798659995036,36.34068394809136],"parentGuId":"yuseong","admCd":"25040690","sgg":"30200"},"geometry":{"type":"MultiPolygon","coordinates":[[[[127.32476,36.34676],[127.32299,36.34759],[127.31935,36.34861],[127.31735,36.34867],[127.31517,36.34966],[127.31386,36.35099],[127.31133,36.35192],[127.30895,36.35241],[127.30841,36.35318],[127.30898,36.35498],[127.30925,36.3556],[127.31032,36.35561],[127.31078,36.35756],[127.30736,36.35836],[127.30556,36.35926],[127.30402,36.3613],[127.30359,36.36156],[127.30132,36.36188],[127.29647,36.35953],[127.29602,36.35819],[127.2933,36.35694],[127.29073,36.35582],[127.28353,36.35389],[127.28131,36.35242],[127.28005,36.35047],[127.27789,36.34893],[127.27729,36.34705],[127.27553,36.34472],[127.27266,36.34413],[127.2718,36.34337],[127.2712,36.34146],[127.26992,36.33993],[127.26716,36.33874],[127.26727,36.33456],[127.26801,36.33159],[127.26966,36.33099],[127.27426,36.33078],[127.27591,36.33147],[127.27787,36.33029],[127.27852,36.32949],[127.28124,36.32875],[127.28174,36.33024],[127.28526,36.33096],[127.29062,36.33255],[127.29324,36.32765],[127.29448,36.32443],[127.29605,36.32397],[127.29677,36.32481],[127.30168,36.32274],[127.30417,36.32318],[127.30874,36.32179],[127.31046,36.32244],[127.31191,36.32412],[127.31137,36.32685],[127.31182,36.32927],[127.31159,36.33199],[127.31204,36.33348],[127.31366,36.33206],[127.31565,36.33101],[127.31734,36.3294],[127.31773,36.32834],[127.32026,36.32816],[127.32225,36.32755],[127.32279,36.32779],[127.32509,36.32693],[127.32616,36.32799],[127.32638,36.33022],[127.32745,36.33171],[127.32823,36.33214],[127.32488,36.33479],[127.32027,36.33719],[127.31801,36.33788],[127.32032,36.34164],[127.32476,36.34676]]]]}},{"type":"Feature","properties":{"id":"25040640","label":"온천1동","selectable":true,"labelAnchor":[127.3280318070403,36.35535233339587],"parentGuId":"yuseong","admCd":"25040640","sgg":"30200"},"geometry":{"type":"MultiPolygon","coordinates":[[[[127.32476,36.34676],[127.32635,36.34846],[127.34025,36.34858],[127.34021,36.35035],[127.34129,36.35347],[127.34217,36.35348],[127.34942,36.35155],[127.34949,36.3519],[127.3526,36.35503],[127.35682,36.35895],[127.36364,36.36397],[127.35625,36.36058],[127.35139,36.35925],[127.34906,36.35919],[127.34354,36.35979],[127.34248,36.35945],[127.34062,36.35759],[127.33633,36.3566],[127.33305,36.35704],[127.33004,36.35821],[127.32418,36.35955],[127.31991,36.36121],[127.3151,36.36242],[127.30739,36.36217],[127.30712,36.36462],[127.30604,36.36589],[127.30468,36.36592],[127.30355,36.36483],[127.30346,36.36414],[127.30384,36.36308],[127.30402,36.3613],[127.30556,36.35926],[127.30736,36.35836],[127.31078,36.35756],[127.31032,36.35561],[127.30925,36.3556],[127.30898,36.35498],[127.30841,36.35318],[127.30895,36.35241],[127.31133,36.35192],[127.31386,36.35099],[127.31517,36.34966],[127.31735,36.34867],[127.31935,36.34861],[127.32299,36.34759],[127.32476,36.34676]]]]}},{"type":"Feature","properties":{"id":"25040710","label":"원신흥동","selectable":true,"labelAnchor":[127.34455407564552,36.34059576781766],"parentGuId":"yuseong","admCd":"25040710","sgg":"30200"},"geometry":{"type":"MultiPolygon","coordinates":[[[[127.34025,36.34858],[127.34023,36.34557],[127.33939,36.34296],[127.34146,36.34228],[127.33852,36.34088],[127.33676,36.33843],[127.33569,36.33564],[127.33378,36.33408],[127.33033,36.33207],[127.33821,36.33219],[127.35364,36.33214],[127.35385,36.33295],[127.35302,36.33719],[127.34907,36.34985],[127.34942,36.35155],[127.34217,36.35348],[127.34129,36.35347],[127.34021,36.35035],[127.34025,36.34858]]]]}},{"type":"Feature","properties":{"id":"25040700","label":"상대동","selectable":true,"labelAnchor":[127.33010975175229,36.341195241646325],"parentGuId":"yuseong","admCd":"25040700","sgg":"30200"},"geometry":{"type":"MultiPolygon","coordinates":[[[[127.34025,36.34858],[127.32635,36.34846],[127.32476,36.34676],[127.32032,36.34164],[127.31801,36.33788],[127.32027,36.33719],[127.32488,36.33479],[127.32823,36.33214],[127.33033,36.33207],[127.33378,36.33408],[127.33569,36.33564],[127.33676,36.33843],[127.33852,36.34088],[127.34146,36.34228],[127.33939,36.34296],[127.34023,36.34557],[127.34025,36.34858]]]]}},{"type":"Feature","properties":{"id":"25030512","label":"도안동","selectable":true,"labelAnchor":[127.34830700028606,36.319848046634064],"parentGuId":"seo","admCd":"25030512","sgg":"30170"},"geometry":{"type":"MultiPolygon","coordinates":[[[[127.34515,36.30344],[127.35087,36.30448],[127.35829,36.30628],[127.3612,36.30454],[127.35725,36.30829],[127.35475,36.31399],[127.35687,36.31683],[127.35792,36.31747],[127.35818,36.31978],[127.35948,36.3217],[127.35962,36.32493],[127.35945,36.32649],[127.35973,36.32777],[127.35893,36.33231],[127.35364,36.33214],[127.33821,36.33219],[127.33817,36.33019],[127.33601,36.33018],[127.33601,36.3283],[127.33676,36.32291],[127.33786,36.31786],[127.33982,36.31783],[127.33888,36.31321],[127.34036,36.31163],[127.34045,36.31029],[127.34127,36.30783],[127.34253,36.30834],[127.34325,36.3091],[127.34499,36.30912],[127.34509,36.30743],[127.34473,36.30587],[127.34515,36.30344]]]]}}],"bordersByParent":{"jung":[[[127.38644,36.31563],[127.39143,36.31689],[127.39315,36.32132],[127.3946,36.32172]],[[127.38669,36.31259],[127.38873,36.31265],[127.39164,36.31388],[127.39262,36.31103],[127.3961,36.31192]],[[127.3946,36.32172],[127.3961,36.3221]],[[127.39795,36.3124],[127.3946,36.32172]],[[127.3961,36.31192],[127.39795,36.3124]],[[127.3961,36.31192],[127.39672,36.3101],[127.39465,36.30784],[127.39602,36.30616],[127.40046,36.30193],[127.4032,36.30159],[127.40809,36.3021],[127.40949,36.30262]],[[127.3961,36.3221],[127.40242,36.3232]],[[127.39858,36.33388],[127.39481,36.32581],[127.3961,36.3221]],[[127.39795,36.3124],[127.40237,36.31372]],[[127.39813,36.33425],[127.39858,36.33388]],[[127.39858,36.33388],[127.39962,36.33302]],[[127.39962,36.33302],[127.39999,36.33059],[127.40242,36.3232]],[[127.39962,36.33302],[127.41198,36.32286],[127.41195,36.32232]],[[127.40195,36.33818],[127.40276,36.33792],[127.40444,36.33786]],[[127.40237,36.31372],[127.40366,36.31412],[127.40467,36.31377],[127.40433,36.31266],[127.40489,36.31148],[127.40974,36.3082],[127.41052,36.30669],[127.40946,36.30601],[127.40949,36.30262]],[[127.40237,36.31372],[127.40364,36.31988]],[[127.40242,36.3232],[127.40364,36.31988]],[[127.40364,36.31988],[127.41195,36.32232]],[[127.41327,36.33462],[127.40876,36.3381],[127.40444,36.33786]],[[127.40444,36.33786],[127.40259,36.33591],[127.40311,36.33476],[127.41001,36.32879],[127.41378,36.32755]],[[127.40949,36.30262],[127.41899,36.29888],[127.41969,36.29843],[127.42169,36.29612]],[[127.41195,36.32232],[127.41497,36.32287]],[[127.41858,36.33864],[127.41327,36.33462]],[[127.41327,36.33462],[127.41501,36.3334],[127.41423,36.33263],[127.41359,36.33085],[127.41342,36.32937],[127.41378,36.32755]],[[127.41378,36.32755],[127.41286,36.32643],[127.41542,36.32385],[127.41497,36.32287]],[[127.41497,36.32287],[127.41674,36.32312]],[[127.41674,36.32312],[127.41822,36.32378],[127.4214,36.32617],[127.4221,36.32715],[127.42567,36.32845],[127.4265,36.32728],[127.43087,36.32783]],[[127.41674,36.32312],[127.41676,36.32225]],[[127.41676,36.32225],[127.41589,36.32169],[127.41468,36.31875],[127.41433,36.31786],[127.41409,36.3157],[127.41547,36.31528],[127.41758,36.31294],[127.41589,36.30989],[127.41686,36.30333],[127.41995,36.30218],[127.42231,36.30077],[127.42368,36.29884],[127.42219,36.29775],[127.42169,36.29612]],[[127.41676,36.32225],[127.41813,36.32117],[127.4178,36.31821],[127.41956,36.31735],[127.42707,36.31827],[127.4309,36.31969]],[[127.42169,36.29612],[127.42231,36.29614]],[[127.42794,36.30246],[127.42841,36.3011],[127.43051,36.30003],[127.42952,36.29731],[127.42808,36.29757],[127.42428,36.29758],[127.42231,36.29614]],[[127.42231,36.29614],[127.42534,36.29434],[127.42519,36.2936],[127.42634,36.29233],[127.42817,36.29158],[127.4302,36.29134],[127.43103,36.29151]],[[127.43887,36.31122],[127.43748,36.30942],[127.43544,36.30773],[127.42959,36.30394],[127.42794,36.30246]],[[127.42794,36.30246],[127.42599,36.30837],[127.42722,36.30945],[127.42838,36.31206],[127.42846,36.31369],[127.43063,36.31688],[127.43149,36.31917],[127.4309,36.31969]],[[127.4309,36.31969],[127.43138,36.32022]],[[127.43138,36.32022],[127.43272,36.32059],[127.43659,36.31379],[127.43489,36.31312],[127.43887,36.31122]],[[127.43138,36.32022],[127.43112,36.32254],[127.43058,36.32395],[127.43344,36.32467]],[[127.43887,36.31122],[127.44022,36.31297]],[[127.43061,36.2901],[127.43079,36.28478],[127.43275,36.28294],[127.43447,36.2822],[127.43512,36.28215],[127.43525,36.28134],[127.43214,36.27884],[127.43374,36.27546],[127.43669,36.27483],[127.43912,36.26993],[127.43863,36.26806],[127.42964,36.26094],[127.4302,36.25734],[127.42713,36.2546],[127.43353,36.25409],[127.43671,36.25294],[127.43478,36.25132],[127.4348,36.25098],[127.43531,36.24998],[127.43919,36.24563],[127.44202,36.24391],[127.4429,36.2387],[127.43755,36.23658],[127.43765,36.23226],[127.43413,36.22787],[127.43312,36.22744],[127.43105,36.22731],[127.42762,36.22919],[127.42464,36.22893],[127.42398,36.22789],[127.42372,36.22681],[127.42411,36.22572],[127.4248,36.2255],[127.4257,36.22478],[127.42604,36.21641],[127.42544,36.21512],[127.42536,36.21298],[127.42606,36.21141],[127.42581,36.21101],[127.42284,36.20893],[127.42236,36.20829],[127.42011,36.20793],[127.4195,36.20717],[127.41519,36.20927],[127.41214,36.21141],[127.41011,36.21179],[127.40827,36.21306],[127.40915,36.21489],[127.4109,36.21694],[127.41087,36.21751],[127.40978,36.21902],[127.40747,36.22145],[127.40456,36.22272],[127.40224,36.22696],[127.40057,36.23182],[127.39726,36.2329],[127.38788,36.23447],[127.3877,36.23584],[127.38783,36.23743],[127.39054,36.23955],[127.39112,36.24274],[127.39025,36.24365],[127.38946,36.24409],[127.38783,36.24595],[127.38639,36.25076],[127.38654,36.25273],[127.38695,36.25339],[127.38813,36.25424],[127.38852,36.25491],[127.39042,36.26079],[127.39037,36.26201],[127.3897,36.26422],[127.38881,36.26551],[127.38439,36.26839],[127.37994,36.26991],[127.37757,36.27146],[127.37669,36.27135],[127.37241,36.27218],[127.37273,36.27471],[127.36929,36.28189],[127.36924,36.28295],[127.37036,36.28837],[127.37343,36.29324],[127.37839,36.29288],[127.38115,36.29594],[127.3829,36.29906],[127.38305,36.29995],[127.38169,36.30291],[127.38166,36.30486],[127.38213,36.30639],[127.3845,36.30873],[127.38669,36.31259],[127.38644,36.31563],[127.38555,36.31844],[127.38567,36.31991],[127.38615,36.32097],[127.3897,36.32647],[127.39368,36.33073],[127.39813,36.33425],[127.39766,36.33463],[127.40195,36.33818],[127.40328,36.3459],[127.40309,36.34896],[127.4029,36.35009],[127.40754,36.3489],[127.40977,36.3478],[127.41163,36.34593],[127.41277,36.34369],[127.41389,36.34148],[127.41603,36.33955],[127.41858,36.33864],[127.42128,36.33729],[127.42388,36.33426],[127.42545,36.33282],[127.42926,36.32984],[127.43087,36.32783],[127.43254,36.32577],[127.43344,36.32467],[127.43803,36.31839],[127.44022,36.31297],[127.44306,36.31125],[127.44486,36.31133],[127.44663,36.3105],[127.45085,36.30492],[127.45508,36.30113],[127.45585,36.30069],[127.45723,36.29453],[127.45783,36.29404],[127.45616,36.29286],[127.45124,36.29387],[127.44864,36.29484],[127.44623,36.29651],[127.4432,36.29642],[127.44092,36.29585],[127.44041,36.29507],[127.43771,36.29272],[127.43266,36.29108],[127.43103,36.29151],[127.43061,36.2901]]],"yuseong":[[[127.32823,36.33214],[127.32745,36.33171],[127.32638,36.33022],[127.32616,36.32799],[127.32509,36.32693],[127.32279,36.32779],[127.32225,36.32755],[127.32026,36.32816],[127.31773,36.32834],[127.31734,36.3294],[127.31565,36.33101],[127.31366,36.33206],[127.31204,36.33348],[127.31159,36.33199],[127.31182,36.32927],[127.31137,36.32685],[127.31191,36.32412],[127.31046,36.32244],[127.30874,36.32179],[127.30417,36.32318],[127.30168,36.32274],[127.29677,36.32481],[127.29605,36.32397],[127.29448,36.32443],[127.29324,36.32765],[127.29062,36.33255],[127.28526,36.33096],[127.28174,36.33024],[127.28124,36.32875],[127.27852,36.32949],[127.27787,36.33029],[127.27591,36.33147],[127.27426,36.33078],[127.26966,36.33099],[127.26801,36.33159]],[[127.27789,36.34893],[127.28005,36.35047],[127.28131,36.35242],[127.28353,36.35389],[127.29073,36.35582],[127.2933,36.35694],[127.29602,36.35819],[127.29647,36.35953],[127.30132,36.36188],[127.30359,36.36156],[127.30402,36.3613]],[[127.27884,36.39624],[127.28596,36.39858],[127.28903,36.39921],[127.29951,36.40044],[127.31019,36.39887],[127.31129,36.39699],[127.31823,36.38721],[127.31842,36.38425],[127.31644,36.38017],[127.31561,36.37906],[127.31477,36.3792],[127.31475,36.37717],[127.31488,36.37619],[127.31518,36.37597]],[[127.31518,36.37597],[127.3155,36.37238],[127.31109,36.37157],[127.3068,36.37152],[127.30198,36.37531],[127.30151,36.37669],[127.30097,36.38007],[127.30029,36.38148],[127.29934,36.38143],[127.29864,36.38098],[127.29462,36.38102],[127.29066,36.38141],[127.28657,36.38234],[127.28311,36.38277],[127.28064,36.38177],[127.27897,36.38157]],[[127.30402,36.3613],[127.30384,36.36308],[127.30346,36.36414],[127.30355,36.36483],[127.30468,36.36592],[127.30604,36.36589],[127.30712,36.36462],[127.30739,36.36217],[127.3151,36.36242],[127.31991,36.36121]],[[127.32476,36.34676],[127.32299,36.34759],[127.31935,36.34861],[127.31735,36.34867],[127.31517,36.34966],[127.31386,36.35099],[127.31133,36.35192],[127.30895,36.35241],[127.30841,36.35318],[127.30898,36.35498],[127.30925,36.3556],[127.31032,36.35561],[127.31078,36.35756],[127.30736,36.35836],[127.30556,36.35926],[127.30402,36.3613]],[[127.33033,36.38381],[127.32505,36.377],[127.32449,36.37668],[127.32266,36.37598],[127.31518,36.37597]],[[127.33594,36.38199],[127.33179,36.37251],[127.33149,36.37128],[127.3312,36.36676],[127.32686,36.36412],[127.31991,36.36121]],[[127.31991,36.36121],[127.32418,36.35955],[127.33004,36.35821],[127.33305,36.35704],[127.33633,36.3566],[127.34062,36.35759],[127.34248,36.35945],[127.34354,36.35979],[127.34906,36.35919],[127.35139,36.35925],[127.35625,36.36058],[127.36364,36.36397]],[[127.32476,36.34676],[127.32635,36.34846],[127.34025,36.34858]],[[127.32823,36.33214],[127.32488,36.33479],[127.32027,36.33719],[127.31801,36.33788],[127.32032,36.34164],[127.32476,36.34676]],[[127.32698,36.42203],[127.32646,36.42112],[127.32626,36.41727],[127.32728,36.41527],[127.32783,36.41482],[127.32782,36.41352],[127.32721,36.41085],[127.32679,36.4102],[127.32576,36.41047],[127.32456,36.40991],[127.32438,36.40704],[127.32735,36.40005],[127.32977,36.39919],[127.33099,36.39831],[127.3313,36.3975],[127.33078,36.39524],[127.32917,36.39442],[127.32885,36.39399],[127.32881,36.39309],[127.33246,36.39232],[127.33326,36.39192],[127.3337,36.39134],[127.33282,36.38745],[127.33033,36.38381]],[[127.33033,36.33207],[127.32823,36.33214]],[[127.33821,36.33219],[127.33033,36.33207]],[[127.34025,36.34858],[127.34023,36.34557],[127.33939,36.34296],[127.34146,36.34228],[127.33852,36.34088],[127.33676,36.33843],[127.33569,36.33564],[127.33378,36.33408],[127.33033,36.33207]],[[127.33033,36.38381],[127.33594,36.38199]],[[127.38042,36.37287],[127.37936,36.37359],[127.3767,36.37669],[127.3756,36.37734],[127.37324,36.37753],[127.3699,36.37586],[127.3663,36.37568],[127.36264,36.37642],[127.35722,36.37899],[127.35564,36.38083],[127.35304,36.37837],[127.35279,36.3778],[127.35309,36.37665],[127.3513,36.37506],[127.35103,36.37288],[127.35111,36.37144],[127.35017,36.3713],[127.34851,36.37305],[127.34838,36.37538],[127.34639,36.37674],[127.3436,36.37755],[127.34304,36.37842],[127.33594,36.38199]],[[127.34025,36.34858],[127.34021,36.35035],[127.34129,36.35347],[127.34217,36.35348],[127.34942,36.35155]],[[127.38163,36.42134],[127.37995,36.42322],[127.37976,36.42629],[127.37746,36.42707],[127.37634,36.42788],[127.3737,36.43113],[127.37379,36.4317],[127.37236,36.43349],[127.36997,36.43329],[127.36632,36.43587],[127.36521,36.43507],[127.36341,36.43306],[127.36355,36.43208],[127.36278,36.43053],[127.36185,36.42935],[127.35806,36.43252],[127.35649,36.43422],[127.35604,36.43514],[127.35472,36.43599],[127.35255,36.43453],[127.35208,36.43348],[127.35192,36.42938],[127.351,36.42849],[127.34928,36.42849],[127.34604,36.42921],[127.3433,36.43008],[127.34221,36.43072],[127.34072,36.43098]],[[127.38163,36.42134],[127.38338,36.4232],[127.38395,36.42413],[127.38858,36.43394],[127.39446,36.43824]],[[127.38708,36.41229],[127.38475,36.41231],[127.38304,36.41408],[127.37879,36.41713],[127.37853,36.41807],[127.38163,36.42134]],[[127.40073,36.37496],[127.39744,36.37681],[127.39327,36.38052],[127.38773,36.38186],[127.38699,36.38261],[127.38465,36.3869],[127.38428,36.38805],[127.38002,36.39339],[127.38036,36.39423],[127.3807,36.39746],[127.38005,36.40009],[127.38007,36.40086],[127.381,36.40287],[127.38146,36.40357],[127.38545,36.40374],[127.38865,36.40718],[127.38918,36.4085],[127.38918,36.40888],[127.38708,36.41229]],[[127.41499,36.41039],[127.41346,36.41102],[127.4119,36.41075],[127.41163,36.40963],[127.41129,36.40927],[127.40335,36.40868],[127.40117,36.40813],[127.39704,36.40808],[127.39493,36.40835],[127.39362,36.40939],[127.39292,36.41033],[127.3941,36.41058],[127.38708,36.41229]],[[127.33601,36.33018],[127.33601,36.3283],[127.33676,36.32291],[127.33786,36.31786],[127.33982,36.31783],[127.33888,36.31321],[127.3375,36.31278],[127.33445,36.31038],[127.3334,36.30946],[127.33252,36.30792],[127.33279,36.30156],[127.32968,36.30145],[127.32475,36.29984],[127.32292,36.29813],[127.32211,36.29716],[127.32008,36.29224],[127.32002,36.28911],[127.31967,36.28759],[127.31861,36.28655],[127.31683,36.28576],[127.31565,36.28571],[127.3142,36.28487],[127.31093,36.282],[127.31043,36.2792],[127.31048,36.27812],[127.3095,36.27676],[127.30753,36.27562],[127.30711,36.27436],[127.30726,36.27255],[127.30282,36.27054],[127.30048,36.27],[127.29571,36.26745],[127.29403,36.26566],[127.29324,36.26437],[127.29245,36.26397],[127.29177,36.26419],[127.29147,36.26534],[127.29057,36.26575],[127.28731,36.26573],[127.28422,36.26487],[127.283,36.26491],[127.28101,36.26541],[127.26977,36.27102],[127.26645,36.27413],[127.26199,36.27578],[127.26026,36.27591],[127.25625,36.27801],[127.25205,36.28222],[127.24946,36.28343],[127.24891,36.28471],[127.2481,36.2884],[127.24762,36.28966],[127.24683,36.29044],[127.24763,36.29165],[127.25076,36.29513],[127.25185,36.29601],[127.25371,36.29654],[127.25802,36.29581],[127.25896,36.29601],[127.25929,36.29638],[127.2602,36.30184],[127.25885,36.3038],[127.25845,36.30505],[127.2575,36.3157],[127.25778,36.31796],[127.25861,36.3191],[127.25973,36.32004],[127.26038,36.32194],[127.26036,36.32344],[127.25975,36.32721],[127.26333,36.32734],[127.2657,36.32828],[127.26605,36.3285],[127.26801,36.33159],[127.26727,36.33456],[127.26716,36.33874],[127.26992,36.33993],[127.2712,36.34146],[127.2718,36.34337],[127.27266,36.34413],[127.27553,36.34472],[127.27729,36.34705],[127.27789,36.34893],[127.27609,36.35102],[127.27225,36.35423],[127.27115,36.3573],[127.27084,36.36097],[127.27294,36.36298],[127.27555,36.3639],[127.27755,36.36526],[127.27758,36.36872],[127.27925,36.37064],[127.28099,36.37482],[127.28033,36.37847],[127.28004,36.37887],[127.27894,36.37949],[127.27897,36.38157],[127.27918,36.39164],[127.27869,36.39531],[127.27884,36.39624],[127.27859,36.39702],[127.2789,36.3989],[127.28077,36.4033],[127.28186,36.4092],[127.28231,36.41454],[127.2834,36.41495],[127.28616,36.41517],[127.28912,36.41594],[127.28926,36.41936],[127.29321,36.41947],[127.29423,36.4222],[127.29829,36.42314],[127.29932,36.42293],[127.29973,36.4224],[127.3007,36.42196],[127.30146,36.42198],[127.30275,36.42467],[127.30404,36.42509],[127.30526,36.42437],[127.31061,36.42479],[127.31496,36.42225],[127.31667,36.42012],[127.31705,36.42002],[127.31933,36.42098],[127.31992,36.4222],[127.32112,36.42351],[127.3215,36.42362],[127.32224,36.42359],[127.32323,36.4225],[127.32439,36.4221],[127.32698,36.42203],[127.32902,36.42313],[127.33457,36.42705],[127.34072,36.43098],[127.34037,36.43183],[127.3399,36.43598],[127.34156,36.43798],[127.34255,36.43812],[127.3429,36.43992],[127.3447,36.44446],[127.34893,36.44722],[127.35309,36.44791],[127.35588,36.45093],[127.35871,36.45603],[127.35785,36.45795],[127.35595,36.46402],[127.35671,36.4647],[127.35849,36.46519],[127.36082,36.46803],[127.36362,36.47033],[127.36441,36.4717],[127.3645,36.47442],[127.36413,36.4751],[127.36233,36.47595],[127.36129,36.47757],[127.35915,36.48539],[127.35928,36.48723],[127.36035,36.49022],[127.36133,36.49107],[127.36668,36.48984],[127.36939,36.48959],[127.37133,36.49032],[127.37558,36.49385],[127.37866,36.49791],[127.38117,36.50002],[127.38277,36.50045],[127.38469,36.50014],[127.38649,36.49943],[127.38797,36.49851],[127.39139,36.494],[127.39386,36.49313],[127.40095,36.48744],[127.40268,36.48558],[127.40421,36.48332],[127.40431,36.48147],[127.40346,36.47615],[127.40252,36.47382],[127.4006,36.47017],[127.40044,36.46132],[127.40126,36.45738],[127.40262,36.45569],[127.40282,36.45454],[127.40254,36.45275],[127.39843,36.45114],[127.39349,36.45057],[127.3919,36.44928],[127.39071,36.44661],[127.39118,36.44189],[127.39237,36.44023],[127.39446,36.43824],[127.3977,36.43492],[127.40983,36.42502],[127.41228,36.42242],[127.41345,36.42228],[127.41452,36.42196],[127.41527,36.42141],[127.41685,36.41992],[127.41747,36.41877],[127.41852,36.41657],[127.41863,36.41501],[127.4184,36.414],[127.41606,36.41189],[127.41499,36.41039],[127.41408,36.40485],[127.41387,36.40137],[127.413,36.39819],[127.41217,36.39715],[127.41137,36.39509],[127.41071,36.38987],[127.41122,36.38384],[127.4111,36.38167],[127.41047,36.3803],[127.4094,36.37879],[127.40817,36.3778],[127.40527,36.37618],[127.40073,36.37496],[127.39499,36.37267],[127.39305,36.3728],[127.38982,36.37354],[127.38284,36.37279],[127.38042,36.37287],[127.37648,36.37132],[127.37241,36.36938],[127.36854,36.3665],[127.36578,36.36521],[127.36364,36.36397],[127.35682,36.35895],[127.3526,36.35503],[127.34949,36.3519],[127.34942,36.35155],[127.34907,36.34985],[127.35302,36.33719],[127.35385,36.33295],[127.35364,36.33214],[127.33821,36.33219],[127.33817,36.33019],[127.33601,36.33018]]],"seo":[[[127.33183,36.28417],[127.32685,36.28184],[127.31899,36.27924],[127.31947,36.282],[127.31901,36.28406],[127.31683,36.28576]],[[127.34515,36.30344],[127.34687,36.3016],[127.34804,36.29895],[127.34705,36.29412],[127.34534,36.29133],[127.3458,36.28991],[127.34667,36.28887],[127.34632,36.28849],[127.34483,36.288],[127.34189,36.28736],[127.33989,36.28736],[127.33629,36.28614],[127.33183,36.28417]],[[127.33183,36.28417],[127.33239,36.28346],[127.33277,36.2819],[127.33493,36.28018],[127.33842,36.27981],[127.34287,36.27847],[127.34299,36.27754],[127.34511,36.27551],[127.34631,36.27493]],[[127.33279,36.30156],[127.33661,36.30154],[127.34201,36.30293],[127.34515,36.30344]],[[127.34515,36.30344],[127.34473,36.30587],[127.34509,36.30743],[127.34499,36.30912],[127.34325,36.3091],[127.34253,36.30834],[127.34127,36.30783],[127.34045,36.31029],[127.34036,36.31163],[127.33888,36.31321]],[[127.3612,36.30454],[127.35829,36.30628],[127.35087,36.30448],[127.34515,36.30344]],[[127.3612,36.30454],[127.36191,36.30351],[127.36222,36.3019],[127.36213,36.29959],[127.36155,36.29772],[127.35948,36.29425],[127.35792,36.29069],[127.35679,36.28168],[127.35693,36.278],[127.3566,36.27756],[127.35444,36.27613],[127.34631,36.27493]],[[127.34631,36.27493],[127.35111,36.27316],[127.35164,36.27347],[127.35415,36.27272],[127.35809,36.27037],[127.359,36.26833],[127.35997,36.26519],[127.36101,36.26446]],[[127.35364,36.33214],[127.35893,36.33231],[127.35973,36.32777]],[[127.36842,36.35782],[127.36204,36.3586],[127.35682,36.35895]],[[127.35973,36.32777],[127.35945,36.32649],[127.35962,36.32493],[127.35948,36.3217],[127.35818,36.31978]],[[127.35818,36.31978],[127.35792,36.31747],[127.35687,36.31683],[127.35475,36.31399],[127.35725,36.30829],[127.3612,36.30454]],[[127.35818,36.31978],[127.35844,36.31953],[127.36196,36.31898],[127.36506,36.31704],[127.36905,36.31338],[127.36927,36.30998],[127.37222,36.30994]],[[127.36368,36.33129],[127.36295,36.33157],[127.36249,36.33138],[127.35973,36.32777]],[[127.36842,36.35782],[127.36787,36.35369],[127.36685,36.35411],[127.36545,36.35429],[127.36337,36.35424],[127.36251,36.34933],[127.36281,36.34656],[127.36123,36.34379],[127.36097,36.34167],[127.36095,36.34128],[127.36206,36.34011],[127.36185,36.33948]],[[127.36185,36.33948],[127.36161,36.3385],[127.36232,36.3369],[127.36409,36.33502]],[[127.36843,36.34019],[127.36792,36.3396],[127.36658,36.33909],[127.36347,36.33914],[127.36185,36.33948]],[[127.36409,36.33502],[127.36368,36.33129]],[[127.37063,36.32805],[127.37083,36.32837],[127.36738,36.32821],[127.36537,36.32776],[127.36417,36.32925],[127.36368,36.33129]],[[127.38123,36.32871],[127.37678,36.33131],[127.37586,36.32998],[127.37221,36.33112],[127.36692,36.33503],[127.36409,36.33502]],[[127.36602,36.36493],[127.36578,36.36521]],[[127.36602,36.36493],[127.36849,36.36227],[127.37428,36.36225],[127.37426,36.35792]],[[127.37951,36.36486],[127.36602,36.36493]],[[127.37426,36.35792],[127.36842,36.35782]],[[127.37163,36.34226],[127.36843,36.34019]],[[127.36843,36.34019],[127.36871,36.33809],[127.36942,36.33721],[127.37001,36.3369],[127.37526,36.3353],[127.3775,36.33718],[127.3825,36.33295]],[[127.37063,36.32805],[127.37022,36.32194],[127.37147,36.31929],[127.3777,36.31923],[127.38006,36.31311],[127.37991,36.31098]],[[127.38615,36.32097],[127.3751,36.32239],[127.37492,36.32756],[127.37471,36.32811],[127.3741,36.32833],[127.37304,36.32771],[127.37063,36.32805]],[[127.37163,36.34226],[127.3699,36.34371],[127.36954,36.34441],[127.36924,36.3516],[127.36992,36.35244],[127.3732,36.35055]],[[127.37784,36.34147],[127.37742,36.34075],[127.37372,36.34041],[127.37163,36.34226]],[[127.37991,36.31098],[127.37762,36.31104],[127.37222,36.30994]],[[127.37222,36.30994],[127.37122,36.30886],[127.37022,36.3067],[127.3711,36.30619],[127.37134,36.30457],[127.37141,36.30238],[127.37054,36.29757],[127.37182,36.2948],[127.37343,36.29324]],[[127.37426,36.35779],[127.37429,36.35279],[127.3732,36.35055]],[[127.3732,36.35055],[127.37665,36.34879],[127.37992,36.34482]],[[127.37426,36.35779],[127.37426,36.35792]],[[127.37951,36.36486],[127.37948,36.35778],[127.37426,36.35779]],[[127.37992,36.34482],[127.37784,36.34147]],[[127.37784,36.34147],[127.37936,36.34094],[127.38108,36.34184],[127.38212,36.34327],[127.38861,36.34183],[127.38956,36.34134],[127.39135,36.33988]],[[127.39481,36.3648],[127.37951,36.36486]],[[127.3845,36.30873],[127.38195,36.31018],[127.37991,36.31098]],[[127.38294,36.34908],[127.38289,36.34669],[127.37992,36.34482]],[[127.3825,36.33295],[127.38447,36.33134],[127.38123,36.32871]],[[127.3897,36.32647],[127.38547,36.32812],[127.38123,36.32871]],[[127.3825,36.33295],[127.38687,36.33642]],[[127.39527,36.35768],[127.38675,36.35773],[127.38462,36.35582],[127.38462,36.35129],[127.38297,36.3513],[127.38294,36.34908]],[[127.39525,36.34898],[127.38294,36.34908]],[[127.39135,36.33988],[127.38687,36.33642]],[[127.38687,36.33642],[127.39368,36.33073]],[[127.40328,36.3459],[127.39332,36.33843],[127.39135,36.33988]],[[127.39525,36.34898],[127.39527,36.35768]],[[127.40309,36.34896],[127.39525,36.34898]],[[127.39527,36.35768],[127.40087,36.35769],[127.40284,36.35733]],[[127.3603,36.26208],[127.36067,36.25764],[127.36137,36.25358],[127.364,36.25165],[127.36459,36.24829],[127.36462,36.24503],[127.36451,36.24348],[127.36196,36.23404],[127.36305,36.2322],[127.36005,36.22679],[127.36031,36.22562],[127.36325,36.22348],[127.36395,36.22226],[127.36472,36.21997],[127.36423,36.21894],[127.36138,36.21838],[127.36052,36.2185],[127.35976,36.21653],[127.35946,36.21392],[127.35489,36.2128],[127.35303,36.21182],[127.34971,36.20829],[127.34684,36.2033],[127.34675,36.20251],[127.34765,36.20212],[127.34773,36.1985],[127.34748,36.19777],[127.34392,36.19673],[127.34189,36.19323],[127.34066,36.18912],[127.3351,36.18362],[127.33394,36.18327],[127.33143,36.18432],[127.33172,36.18499],[127.33178,36.18797],[127.33131,36.19121],[127.33069,36.19344],[127.33008,36.19444],[127.33356,36.19985],[127.33345,36.20045],[127.32808,36.20407],[127.32363,36.20312],[127.32319,36.20342],[127.32078,36.20966],[127.32067,36.21215],[127.32133,36.21278],[127.3215,36.2137],[127.3197,36.21545],[127.31445,36.22242],[127.30997,36.22439],[127.30871,36.22468],[127.3061,36.22678],[127.30474,36.22883],[127.3038,36.22897],[127.3032,36.22867],[127.30284,36.22697],[127.30361,36.22265],[127.30312,36.22172],[127.30181,36.22126],[127.30049,36.22121],[127.29376,36.22312],[127.29284,36.22743],[127.29113,36.23027],[127.28819,36.23293],[127.28299,36.23663],[127.2829,36.23864],[127.27999,36.24408],[127.27808,36.24407],[127.27962,36.24473],[127.28102,36.24583],[127.28124,36.24757],[127.28003,36.25234],[127.28094,36.25368],[127.28188,36.25395],[127.28255,36.2563],[127.28188,36.25723],[127.28206,36.25779],[127.28416,36.25975],[127.29088,36.26295],[127.29177,36.26419],[127.29245,36.26397],[127.29324,36.26437],[127.29403,36.26566],[127.29571,36.26745],[127.30048,36.27],[127.30282,36.27054],[127.30726,36.27255],[127.30711,36.27436],[127.30753,36.27562],[127.3095,36.27676],[127.31048,36.27812],[127.31043,36.2792],[127.31093,36.282],[127.3142,36.28487],[127.31565,36.28571],[127.31683,36.28576],[127.31861,36.28655],[127.31967,36.28759],[127.32002,36.28911],[127.32008,36.29224],[127.32211,36.29716],[127.32292,36.29813],[127.32475,36.29984],[127.32968,36.30145],[127.33279,36.30156],[127.33252,36.30792],[127.3334,36.30946],[127.33445,36.31038],[127.3375,36.31278],[127.33888,36.31321],[127.33982,36.31783],[127.33786,36.31786],[127.33676,36.32291],[127.33601,36.3283],[127.33601,36.33018],[127.33817,36.33019],[127.33821,36.33219],[127.35364,36.33214],[127.35385,36.33295],[127.35302,36.33719],[127.34907,36.34985],[127.34942,36.35155],[127.34949,36.3519],[127.3526,36.35503],[127.35682,36.35895],[127.36364,36.36397],[127.36578,36.36521],[127.36854,36.3665],[127.37241,36.36938],[127.37648,36.37132],[127.38042,36.37287],[127.38284,36.37279],[127.38982,36.37354],[127.39305,36.3728],[127.39499,36.37267],[127.39466,36.37198],[127.39481,36.3648],[127.3961,36.36479],[127.40037,36.36093],[127.40284,36.35733],[127.40316,36.35629],[127.40326,36.35446],[127.40325,36.35149],[127.4029,36.35009],[127.40309,36.34896],[127.40328,36.3459],[127.40195,36.33818],[127.39766,36.33463],[127.39813,36.33425],[127.39368,36.33073],[127.3897,36.32647],[127.38615,36.32097],[127.38567,36.31991],[127.38555,36.31844],[127.38644,36.31563],[127.38669,36.31259],[127.3845,36.30873],[127.38213,36.30639],[127.38166,36.30486],[127.38169,36.30291],[127.38305,36.29995],[127.3829,36.29906],[127.38115,36.29594],[127.37839,36.29288],[127.37343,36.29324],[127.37036,36.28837],[127.36924,36.28295],[127.36929,36.28189],[127.37273,36.27471],[127.37241,36.27218],[127.3718,36.27069],[127.37102,36.26994],[127.3667,36.26876],[127.36369,36.26977],[127.36335,36.26963],[127.36271,36.26919],[127.36183,36.26597],[127.36101,36.26446],[127.36031,36.26405],[127.35966,36.26267],[127.3603,36.26208]]],"dong":[[[127.4207,36.34446],[127.42321,36.34368]],[[127.42321,36.34368],[127.42664,36.34256],[127.42778,36.34198],[127.42923,36.34079],[127.4359,36.33844],[127.43761,36.33838]],[[127.42321,36.34368],[127.42727,36.34367],[127.43197,36.34744]],[[127.43807,36.33774],[127.43346,36.3363],[127.43289,36.33667],[127.43167,36.33637],[127.42545,36.33282]],[[127.42792,36.35259],[127.42837,36.34999],[127.43222,36.34962],[127.43197,36.34744]],[[127.43197,36.34744],[127.43756,36.34942]],[[127.43254,36.32577],[127.43518,36.32677],[127.43641,36.32444],[127.43804,36.32505],[127.43795,36.32539]],[[127.44146,36.35068],[127.43756,36.34942]],[[127.43756,36.34942],[127.43891,36.34375],[127.43917,36.34081],[127.43861,36.33907],[127.43761,36.33838]],[[127.43761,36.33838],[127.43807,36.33774]],[[127.44697,36.32386],[127.44656,36.32356],[127.44555,36.32454],[127.44465,36.32618],[127.4408,36.32646],[127.43795,36.32539]],[[127.43795,36.32539],[127.4383,36.32637],[127.44021,36.32812],[127.44076,36.3315]],[[127.44846,36.31925],[127.44693,36.31955],[127.44139,36.31926],[127.43803,36.31839]],[[127.43807,36.33774],[127.4398,36.33765],[127.44054,36.33735],[127.44179,36.33671],[127.44263,36.33566]],[[127.44076,36.3315],[127.44321,36.33174],[127.44391,36.33227],[127.4452,36.33406],[127.44835,36.33258],[127.45158,36.33237]],[[127.44263,36.33566],[127.44076,36.3315]],[[127.4414,36.35237],[127.44146,36.35068]],[[127.4483,36.34198],[127.44224,36.35093],[127.44146,36.35068]],[[127.4483,36.34198],[127.44415,36.3377],[127.44263,36.33566]],[[127.44734,36.32413],[127.44697,36.32386]],[[127.44697,36.32386],[127.44886,36.32187],[127.44787,36.32041],[127.44708,36.32068],[127.44697,36.32052],[127.44913,36.31929]],[[127.46267,36.32155],[127.45819,36.32534],[127.45484,36.32428],[127.4511,36.32533],[127.44993,36.32484],[127.44959,36.32446],[127.44734,36.32413]],[[127.45158,36.33237],[127.45221,36.33157],[127.45163,36.32999],[127.44872,36.32515],[127.44734,36.32413]],[[127.45699,36.34388],[127.45349,36.34519],[127.44955,36.34313],[127.4483,36.34198]],[[127.44913,36.31929],[127.44846,36.31925]],[[127.46162,36.30093],[127.46124,36.30748],[127.46526,36.31151],[127.46506,36.31203],[127.46319,36.31343],[127.46265,36.31294],[127.46205,36.31277],[127.45425,36.31215],[127.45066,36.31109],[127.44978,36.31172],[127.45086,36.31588],[127.44969,36.31772],[127.44832,36.31888],[127.44846,36.31925]],[[127.46267,36.32155],[127.46126,36.3213],[127.45745,36.32002],[127.4567,36.31872],[127.45644,36.31696],[127.45394,36.3173],[127.44913,36.31929]],[[127.45699,36.34388],[127.45508,36.3376],[127.45364,36.3343],[127.45158,36.33237]],[[127.45585,36.30069],[127.45656,36.30161],[127.45571,36.30243],[127.4586,36.30446],[127.46122,36.3017],[127.46162,36.30093]],[[127.46482,36.34519],[127.46181,36.34501],[127.45699,36.34388]],[[127.46162,36.30093],[127.46186,36.30062],[127.4642,36.30066],[127.46623,36.30259],[127.46858,36.30307],[127.47302,36.30134],[127.47597,36.2997],[127.47685,36.29949],[127.47953,36.2994],[127.481,36.30044]],[[127.47077,36.3295],[127.47066,36.3286],[127.46709,36.32208],[127.46603,36.32167],[127.46418,36.32195],[127.46267,36.32155]],[[127.46482,36.34519],[127.4639,36.35076]],[[127.47077,36.3295],[127.47214,36.33246],[127.47235,36.33447],[127.47142,36.33639],[127.46832,36.34088],[127.46482,36.34519]],[[127.481,36.30044],[127.48038,36.30217],[127.4804,36.30319],[127.48113,36.30953],[127.48275,36.31585],[127.48167,36.3195],[127.48021,36.32162],[127.48023,36.32246],[127.48037,36.323],[127.48144,36.32376],[127.48356,36.32766],[127.48402,36.33005],[127.48061,36.331],[127.48064,36.33157],[127.48123,36.33269],[127.48026,36.33427],[127.47697,36.33215],[127.47077,36.3295]],[[127.481,36.30044],[127.4822,36.29982],[127.48437,36.29955],[127.489,36.30084]],[[127.43344,36.32467],[127.43254,36.32577],[127.43087,36.32783],[127.42926,36.32984],[127.42545,36.33282],[127.42388,36.33426],[127.42128,36.33729],[127.41858,36.33864],[127.41603,36.33955],[127.41389,36.34148],[127.41277,36.34369],[127.41762,36.34468],[127.4207,36.34446],[127.41833,36.34622],[127.41958,36.3483],[127.4218,36.34857],[127.42389,36.34843],[127.42487,36.3488],[127.42725,36.35252],[127.42792,36.35259],[127.42757,36.35503],[127.43068,36.35905],[127.43255,36.35906],[127.43544,36.36075],[127.4387,36.35973],[127.43927,36.35858],[127.4397,36.35664],[127.43966,36.35506],[127.44148,36.35356],[127.4414,36.35237],[127.44252,36.35185],[127.44516,36.35079],[127.44606,36.35237],[127.44551,36.35222],[127.4459,36.35362],[127.44699,36.354],[127.4545,36.35448],[127.45381,36.3533],[127.45605,36.35294],[127.45854,36.35299],[127.4639,36.35076],[127.46513,36.35155],[127.4651,36.35227],[127.4647,36.3531],[127.46477,36.35514],[127.46563,36.35744],[127.46607,36.35805],[127.46615,36.35933],[127.4659,36.36049],[127.46373,36.36131],[127.45965,36.36902],[127.45274,36.37793],[127.45131,36.38091],[127.45313,36.38358],[127.45469,36.38698],[127.45522,36.38871],[127.45395,36.39007],[127.45421,36.39586],[127.45528,36.39913],[127.45738,36.40297],[127.45965,36.40397],[127.46112,36.40462],[127.46311,36.40663],[127.46646,36.40841],[127.47282,36.41574],[127.47781,36.42227],[127.48132,36.42784],[127.48119,36.4293],[127.4818,36.4305],[127.48403,36.43349],[127.48627,36.43293],[127.48921,36.4327],[127.49771,36.41895],[127.50256,36.4082],[127.50412,36.40706],[127.50909,36.40519],[127.51004,36.40312],[127.51453,36.41757],[127.51569,36.42228],[127.51756,36.42175],[127.51949,36.42018],[127.52298,36.42279],[127.52415,36.42319],[127.52879,36.42058],[127.52934,36.41934],[127.53399,36.41879],[127.53546,36.419],[127.53975,36.42072],[127.5424,36.42075],[127.54436,36.41976],[127.54313,36.41687],[127.54348,36.41326],[127.54463,36.41109],[127.55207,36.40528],[127.55386,36.40287],[127.55515,36.39897],[127.55597,36.39794],[127.55725,36.39724],[127.55639,36.3959],[127.55419,36.39473],[127.55147,36.39525],[127.54812,36.39676],[127.54361,36.3961],[127.54311,36.39701],[127.53916,36.39719],[127.5341,36.39368],[127.53305,36.39153],[127.52572,36.38731],[127.52521,36.38619],[127.52529,36.37622],[127.52576,36.37456],[127.52658,36.37335],[127.52686,36.36929],[127.52308,36.35764],[127.52131,36.3532],[127.51847,36.3535],[127.51587,36.353],[127.51419,36.35152],[127.50977,36.35045],[127.50856,36.34812],[127.50792,36.34574],[127.50816,36.34394],[127.50931,36.3431],[127.50683,36.34064],[127.50584,36.3403],[127.50398,36.34022],[127.50214,36.33976],[127.50125,36.33871],[127.50122,36.3333],[127.50205,36.32918],[127.50351,36.3267],[127.50358,36.32576],[127.50018,36.32054],[127.49828,36.31895],[127.49929,36.31579],[127.49926,36.31493],[127.49643,36.31239],[127.49476,36.31169],[127.49945,36.30528],[127.49869,36.30404],[127.4933,36.30003],[127.49202,36.29985],[127.489,36.30084],[127.49014,36.30022],[127.49131,36.29844],[127.49101,36.29694],[127.4967,36.28709],[127.4973,36.28668],[127.49826,36.28287],[127.49807,36.28126],[127.49666,36.27947],[127.48858,36.27324],[127.4886,36.27225],[127.48936,36.27003],[127.48859,36.26744],[127.48625,36.26144],[127.48619,36.25924],[127.48752,36.25833],[127.48885,36.25838],[127.48981,36.25789],[127.49029,36.25394],[127.49015,36.25339],[127.48993,36.25294],[127.48867,36.25273],[127.48756,36.2515],[127.48852,36.24736],[127.48954,36.24552],[127.49046,36.24514],[127.49192,36.24527],[127.49259,36.24471],[127.49336,36.2407],[127.49334,36.2402],[127.4927,36.23933],[127.49277,36.23809],[127.48997,36.23737],[127.48932,36.23601],[127.48988,36.23468],[127.48995,36.23377],[127.48837,36.23282],[127.4836,36.2308],[127.47783,36.22974],[127.47805,36.22844],[127.47788,36.22678],[127.47748,36.22652],[127.47441,36.22512],[127.47185,36.22513],[127.47088,36.22492],[127.46752,36.22325],[127.46712,36.22243],[127.4673,36.21894],[127.4678,36.21709],[127.46903,36.21607],[127.46922,36.2155],[127.46835,36.21474],[127.46012,36.21293],[127.45989,36.21133],[127.45909,36.20978],[127.45752,36.20871],[127.4553,36.20801],[127.45325,36.20677],[127.45349,36.20586],[127.45591,36.20452],[127.45649,36.20375],[127.45645,36.203],[127.45573,36.20087],[127.4548,36.20084],[127.45043,36.19876],[127.44281,36.19406],[127.44108,36.19447],[127.44074,36.19594],[127.43663,36.19828],[127.43349,36.19918],[127.43091,36.20404],[127.42968,36.20511],[127.42646,36.20604],[127.42385,36.20615],[127.42305,36.20685],[127.42236,36.20829],[127.42284,36.20893],[127.42581,36.21101],[127.42606,36.21141],[127.42536,36.21298],[127.42544,36.21512],[127.42604,36.21641],[127.4257,36.22478],[127.4248,36.2255],[127.42411,36.22572],[127.42372,36.22681],[127.42398,36.22789],[127.42464,36.22893],[127.42762,36.22919],[127.43105,36.22731],[127.43312,36.22744],[127.43413,36.22787],[127.43765,36.23226],[127.43755,36.23658],[127.4429,36.2387],[127.44202,36.24391],[127.43919,36.24563],[127.43531,36.24998],[127.4348,36.25098],[127.43478,36.25132],[127.43671,36.25294],[127.43353,36.25409],[127.42713,36.2546],[127.4302,36.25734],[127.42964,36.26094],[127.43863,36.26806],[127.43912,36.26993],[127.43669,36.27483],[127.43374,36.27546],[127.43214,36.27884],[127.43525,36.28134],[127.43512,36.28215],[127.43447,36.2822],[127.43275,36.28294],[127.43079,36.28478],[127.43061,36.2901],[127.43103,36.29151],[127.43266,36.29108],[127.43771,36.29272],[127.44041,36.29507],[127.44092,36.29585],[127.4432,36.29642],[127.44623,36.29651],[127.44864,36.29484],[127.45124,36.29387],[127.45616,36.29286],[127.45783,36.29404],[127.45723,36.29453],[127.45585,36.30069],[127.45508,36.30113],[127.45085,36.30492],[127.44663,36.3105],[127.44486,36.31133],[127.44306,36.31125],[127.44022,36.31297],[127.43803,36.31839],[127.43344,36.32467]]],"daedeok":[[[127.42004,36.36333],[127.41402,36.36274],[127.41299,36.36179],[127.4024,36.36148],[127.40037,36.36093]],[[127.42115,36.36833],[127.42029,36.36882],[127.41633,36.37267],[127.41576,36.37445],[127.41458,36.37585],[127.41384,36.37612],[127.4125,36.37595],[127.4094,36.37879]],[[127.41923,36.44845],[127.41812,36.44891],[127.41656,36.44708],[127.41673,36.44534],[127.41653,36.44204],[127.41505,36.4388],[127.41575,36.43768],[127.41659,36.43721],[127.41707,36.43524],[127.41681,36.43408],[127.41562,36.43316],[127.41449,36.43294],[127.41352,36.43227],[127.41349,36.43029],[127.41422,36.42952],[127.41348,36.42645],[127.41345,36.42228]],[[127.41463,36.45487],[127.41711,36.45048],[127.41923,36.44845]],[[127.43831,36.42423],[127.43436,36.4193],[127.43499,36.41785],[127.43294,36.41353],[127.43203,36.41232],[127.43179,36.41392],[127.42568,36.4183],[127.42257,36.42013],[127.41747,36.41877]],[[127.41923,36.44845],[127.42159,36.44724],[127.42212,36.44631],[127.42289,36.44567],[127.42566,36.44408],[127.42663,36.44381],[127.42841,36.44256]],[[127.42004,36.36333],[127.42081,36.36386],[127.42146,36.36523],[127.42149,36.36665],[127.42183,36.36784]],[[127.42757,36.35503],[127.42428,36.35507],[127.41911,36.35752],[127.41759,36.35868],[127.41944,36.36143],[127.42004,36.36333]],[[127.42115,36.36833],[127.42131,36.36954],[127.42215,36.37108],[127.42349,36.37183],[127.4239,36.37292],[127.42427,36.37537],[127.42691,36.37605],[127.4275,36.37597]],[[127.42183,36.36784],[127.42115,36.36833]],[[127.42991,36.36732],[127.42324,36.36643],[127.42183,36.36784]],[[127.42665,36.45534],[127.42914,36.44562],[127.42897,36.44411],[127.42841,36.44256]],[[127.4275,36.37597],[127.42932,36.37602],[127.43408,36.37723],[127.4366,36.37882],[127.43837,36.38085],[127.44008,36.38405],[127.45131,36.38091],[127.45028,36.37953],[127.44932,36.37876],[127.44735,36.37793],[127.44562,36.37601]],[[127.42991,36.36732],[127.4275,36.37597]],[[127.42841,36.44256],[127.42999,36.44156],[127.43079,36.44055],[127.43593,36.43822],[127.43646,36.43806],[127.43729,36.43826],[127.44135,36.4382],[127.44197,36.43772],[127.44356,36.43497],[127.44391,36.43293],[127.44392,36.43027],[127.44065,36.43017],[127.43987,36.42835],[127.44002,36.42795],[127.43978,36.42548],[127.43943,36.4248],[127.43831,36.42423]],[[127.4363,36.36555],[127.43071,36.36449],[127.42991,36.36732]],[[127.43544,36.36075],[127.43572,36.36183],[127.43732,36.36195],[127.4363,36.36555]],[[127.4363,36.36555],[127.43536,36.37006],[127.43707,36.3701],[127.43858,36.36984],[127.44309,36.37401],[127.44562,36.37601]],[[127.45965,36.40397],[127.45296,36.41262],[127.45239,36.41418],[127.4537,36.4174],[127.45536,36.4199],[127.4573,36.42187],[127.45863,36.4258],[127.45601,36.42837],[127.45332,36.42881],[127.4434,36.42783],[127.44143,36.4273],[127.43982,36.4245],[127.43831,36.42423]],[[127.44562,36.37601],[127.44976,36.37105],[127.44871,36.36995],[127.44815,36.36816],[127.44699,36.36651],[127.44814,36.36464],[127.44998,36.3627],[127.44998,36.36212],[127.44577,36.35765],[127.44252,36.35185]],[[127.42487,36.3488],[127.42389,36.34843],[127.4218,36.34857],[127.41958,36.3483],[127.41833,36.34622],[127.4207,36.34446],[127.41762,36.34468],[127.41277,36.34369],[127.41163,36.34593],[127.40977,36.3478],[127.40754,36.3489],[127.4029,36.35009],[127.40325,36.35149],[127.40326,36.35446],[127.40316,36.35629],[127.40284,36.35733],[127.40037,36.36093],[127.3961,36.36479],[127.39481,36.3648],[127.39466,36.37198],[127.39499,36.37267],[127.40073,36.37496],[127.40527,36.37618],[127.40817,36.3778],[127.4094,36.37879],[127.41047,36.3803],[127.4111,36.38167],[127.41122,36.38384],[127.41071,36.38987],[127.41137,36.39509],[127.41217,36.39715],[127.413,36.39819],[127.41387,36.40137],[127.41408,36.40485],[127.41499,36.41039],[127.41606,36.41189],[127.4184,36.414],[127.41863,36.41501],[127.41852,36.41657],[127.41747,36.41877],[127.41685,36.41992],[127.41527,36.42141],[127.41452,36.42196],[127.41345,36.42228],[127.41228,36.42242],[127.40983,36.42502],[127.3977,36.43492],[127.39446,36.43824],[127.39237,36.44023],[127.39118,36.44189],[127.39071,36.44661],[127.3919,36.44928],[127.39349,36.45057],[127.39843,36.45114],[127.40254,36.45275],[127.40282,36.45454],[127.40262,36.45569],[127.40576,36.45494],[127.41463,36.45487],[127.41907,36.45526],[127.42465,36.45643],[127.42464,36.45516],[127.42665,36.45534],[127.42626,36.45692],[127.43317,36.45724],[127.43626,36.45665],[127.4402,36.45349],[127.44213,36.45106],[127.44389,36.45032],[127.447,36.44972],[127.44966,36.44963],[127.45321,36.4501],[127.4551,36.45077],[127.46051,36.45364],[127.46273,36.45529],[127.46396,36.45657],[127.46423,36.4574],[127.46378,36.46043],[127.46403,36.46379],[127.46543,36.46787],[127.46677,36.47005],[127.46833,36.4719],[127.47171,36.47467],[127.4792,36.47746],[127.48168,36.47791],[127.48413,36.47762],[127.48452,36.47528],[127.47928,36.46014],[127.47934,36.45784],[127.48232,36.45598],[127.48717,36.45467],[127.49273,36.45453],[127.49892,36.45568],[127.50128,36.45534],[127.50266,36.45398],[127.50304,36.45305],[127.50313,36.45103],[127.50293,36.45005],[127.50265,36.44931],[127.5014,36.44761],[127.50017,36.44652],[127.49788,36.44539],[127.49579,36.44378],[127.49222,36.44044],[127.48944,36.43437],[127.48921,36.4327],[127.48627,36.43293],[127.48403,36.43349],[127.4818,36.4305],[127.48119,36.4293],[127.48132,36.42784],[127.47781,36.42227],[127.47282,36.41574],[127.46646,36.40841],[127.46311,36.40663],[127.46112,36.40462],[127.45965,36.40397],[127.45738,36.40297],[127.45528,36.39913],[127.45421,36.39586],[127.45395,36.39007],[127.45522,36.38871],[127.45469,36.38698],[127.45313,36.38358],[127.45131,36.38091],[127.45274,36.37793],[127.45965,36.36902],[127.46373,36.36131],[127.4659,36.36049],[127.46615,36.35933],[127.46607,36.35805],[127.46563,36.35744],[127.46477,36.35514],[127.4647,36.3531],[127.4651,36.35227],[127.46513,36.35155],[127.4639,36.35076],[127.45854,36.35299],[127.45605,36.35294],[127.45381,36.3533],[127.4545,36.35448],[127.44699,36.354],[127.4459,36.35362],[127.44551,36.35222],[127.44606,36.35237],[127.44516,36.35079],[127.44252,36.35185],[127.4414,36.35237],[127.44148,36.35356],[127.43966,36.35506],[127.4397,36.35664],[127.43927,36.35858],[127.4387,36.35973],[127.43544,36.36075],[127.43255,36.35906],[127.43068,36.35905],[127.42757,36.35503],[127.42792,36.35259],[127.42725,36.35252],[127.42487,36.3488]]]},"metadata":{"source":"vuski/admdongkor (SGIS 행정동 경계 가공)","sourceUrl":"https://github.com/vuski/admdongkor","sourceVersion":"ver20260701","sourceFile":"HangJeongDong_ver20260701.geojson","boundaryType":"행정동","crs":"EPSG:4326 (WGS84)","license":"CC BY 4.0 (admdongkor processing) + KOGL Type 1 attribution for SGIS original","attribution":"본 데이터는 통계청 통계지리정보서비스(SGIS)에서 공공누리 제1유형으로 개방한 행정동 경계를 vuski/admdongkor가 가공한 것(CC BY 4.0)을 사용합니다.","parentGuMapping":{"30110":"dong","30140":"jung","30170":"seo","30200":"yuseong","30230":"daedeok"},"note":"Planar partition per gu (bordersByParent). Gu outlines may differ from GADM daejeon_gus — see gadmMismatch.","simplify":"set_precision(1e-05) + topojson toposimplify epsilon=0.00015","borderStats":{"jung":{"dongCount":17,"innerCount":39,"outerCount":1,"borderCount":40},"yuseong":{"dongCount":13,"innerCount":23,"outerCount":1,"borderCount":24},"seo":{"dongCount":24,"innerCount":52,"outerCount":1,"borderCount":53},"dong":{"dongCount":16,"innerCount":36,"outerCount":1,"borderCount":37},"daedeok":{"dongCount":12,"innerCount":20,"outerCount":1,"borderCount":21}},"gadmMismatch":{"jung":{"iou":0.2047,"fractionOnlyInDongUnion":0.6797,"fractionOnlyInGadmGu":0.6379,"note":"GADM gu vs SGIS-derived dong union; not clipped"},"yuseong":{"iou":0.545,"fractionOnlyInDongUnion":0.3798,"fractionOnlyInGadmGu":0.182,"note":"GADM gu vs SGIS-derived dong union; not clipped"},"seo":{"iou":0.3735,"fractionOnlyInDongUnion":0.5025,"fractionOnlyInGadmGu":0.4003,"note":"GADM gu vs SGIS-derived dong union; not clipped"},"dong":{"iou":0.4745,"fractionOnlyInDongUnion":0.3226,"fractionOnlyInGadmGu":0.387,"note":"GADM gu vs SGIS-derived dong union; not clipped"},"daedeok":{"iou":0.2906,"fractionOnlyInDongUnion":0.5401,"fractionOnlyInGadmGu":0.5588,"note":"GADM gu vs SGIS-derived dong union; not clipped"}},"dongCount":82}}