{"type":"FeatureCollection","features":[{"type":"Feature","properties":{"id":"busan","label":"부산","selectable":false,"labelAnchor":[129.08226722522363,35.20326101771227],"nameEn":"Busan"},"geometry":{"type":"MultiPolygon","coordinates":[[[[128.82791,34.98847],[128.83014,34.9943],[128.81847,35.00264],[128.82709,35.0132],[128.80542,35.02097],[128.81541,35.02792],[128.79652,35.05403],[128.83041,35.06681],[128.83569,35.05458],[128.84653,35.05708],[128.85153,35.04181],[128.8343,35.01208],[128.84097,34.99653],[128.82791,34.98847]]],[[[128.93541,35.05431],[128.93459,35.05931],[128.94542,35.05875],[128.9482,35.05819],[128.93541,35.05431]]],[[[128.90903,35.05597],[128.90154,35.05847],[128.90459,35.05819],[128.90848,35.05708],[128.90903,35.05597]]],[[[128.89653,35.06014],[128.89764,35.06042],[128.89931,35.05986],[128.89931,35.05903],[128.89653,35.06014]]],[[[128.90514,35.06153],[128.91153,35.06292],[128.9207,35.06181],[128.91847,35.05653],[128.90514,35.06153]]],[[[128.88597,35.06625],[128.86542,35.06681],[128.86069,35.07069],[128.88542,35.06847],[128.88597,35.06625]]],[[[128.85847,35.06347],[128.83653,35.06625],[128.83875,35.0757],[128.85542,35.06958],[128.85847,35.06347]]],[[[128.92236,35.07764],[128.91910998240763,35.076695227444084],[128.9182,35.07681],[128.91376,35.0757],[128.915497893368,35.07564520156047],[128.91376,35.07514],[128.90402,35.06931],[128.90263,35.07014],[128.91069,35.07597],[128.91847,35.07819],[128.92236,35.07764]]],[[[128.92264,35.07625],[128.92264,35.07542],[128.915497893368,35.07564520156047],[128.91910998240763,35.076695227444084],[128.92264,35.07625]]],[[[128.83597,35.08181],[128.83237,35.08375],[128.8343,35.08625],[128.8343,35.08347],[128.83597,35.08181]]],[[[128.98819,34.9782],[128.99042,34.9818],[128.99403,34.98153],[128.99181,34.97875],[128.98819,34.9782]]],[[[128.96986,35.0257],[128.96986,35.02819],[128.97403,35.03097],[128.97403,35.02542],[128.96986,35.0257]]],[[[129.01459,35.04986],[129.0157,35.04986],[129.01598,35.04708],[129.01402,35.04681],[129.01459,35.04986]]],[[[128.94653,35.05514],[128.9482,35.05458],[128.94376,35.05292],[128.94264,35.0532],[128.94653,35.05514]]],[[[128.94458,35.06986],[128.94098,35.07458],[128.94514,35.07486],[128.94653,35.07153],[128.94458,35.06986]]],[[[129.09653,35.05958],[129.09291,35.05153],[129.0818,35.05014],[129.07681,35.06042],[129.07014,35.05819],[129.06403,35.06931],[129.03375,35.08601],[129.0471,35.08747],[129.04857,35.09986],[129.05931,35.10181],[129.07903,35.08792],[129.08347,35.07764],[129.07597,35.07375],[129.09653,35.05958]]],[[[129.08958,35.0793],[129.09514,35.08042],[129.09125,35.07375],[129.08514,35.07458],[129.08958,35.0793]]],[[[129.12625,35.09042],[129.12598,35.09403],[129.12709,35.09431],[129.12819,35.09208],[129.12625,35.09042]]],[[[129.06459,35.11014],[129.0643,35.1118],[129.06625,35.1118],[129.0668,35.11097],[129.06459,35.11014]]],[[[129.25403,35.24653],[129.24513,35.24375],[129.25014,35.24014],[129.23514,35.21569],[129.22874,35.22458],[129.22237,35.21292],[129.23209,35.20153],[129.22485,35.18542],[129.20013,35.17958],[129.1918,35.15875],[129.14291,35.15403],[129.11403,35.19264],[129.13542,35.15708],[129.11736,35.15208],[129.11098,35.13542],[129.1207,35.13403],[129.12987,35.11792],[129.12653,35.09708],[129.10597,35.10236],[129.09459,35.09653],[129.09209,35.10847],[129.08986,35.10292],[129.06931,35.10514],[129.07208,35.12181],[129.06541,35.12625],[129.05515,35.11764],[129.05069,35.12208],[129.05319,35.1157],[129.0407,35.10609],[129.01558,35.10061],[129.0267,35.08458],[129.02431,35.07542],[129.01625,35.07514],[129.02347,35.06208],[129.01402,35.05208],[129.0043,35.08375],[128.99292,35.08208],[129.00264,35.04847],[128.99265,35.04486],[128.99097,35.05764],[128.9807,35.0607],[128.97319,35.05431],[128.9843,35.05347],[128.98291,35.04625],[128.97069,35.04736],[128.97792,35.03931],[128.96542,35.03208],[128.96848,35.04486],[128.95847,35.0493],[128.95013,35.07958],[128.95598,35.10597],[128.94986,35.10653],[128.94041,35.08125],[128.93236,35.09042],[128.93791,35.10736],[128.9332,35.10986],[128.91235,35.07847],[128.89487,35.07847],[128.9057,35.11792],[128.89458,35.12125],[128.88431,35.07847],[128.83308,35.08792],[128.85553,35.10352],[128.85553,35.11792],[128.84262,35.1268],[128.8443,35.14252],[128.90192,35.15088],[128.89877,35.18237],[128.90588,35.19067],[128.9292,35.20441],[128.94211,35.19821],[129.00031,35.20673],[129.02368,35.24908],[129.04871,35.27411],[129.0825,35.28471],[129.1088,35.31409],[129.13867,35.32251],[129.15527,35.34949],[129.20789,35.35028],[129.24648,35.38944],[129.26331,35.38568],[129.28052,35.39508],[129.29712,35.39345],[129.32486,35.34599],[129.2993,35.3182],[129.28098,35.32625],[129.26402,35.31792],[129.25626,35.27458],[129.23375,35.26236],[129.25375,35.26042],[129.25403,35.24653]]]]}},{"type":"Feature","properties":{"id":"chungbuk","label":"충북","selectable":false,"labelAnchor":[127.8176549373216,36.70077253609175],"nameEn":"Chungcheongbuk-do"},"geometry":{"type":"Polygon","coordinates":[[[128.64468,37.01654],[128.63379,37.03699],[128.5672,37.04691],[128.53308,37.07471],[128.49188,37.07849],[128.47607,37.06979],[128.42551,37.06509],[128.39749,37.0849],[128.3847,37.11679],[128.32881,37.11396],[128.30219,37.09949],[128.28389,37.10278],[128.26212,37.12456],[128.32376,37.16516],[128.31238,37.18095],[128.2666,37.1748],[128.21335,37.20121],[128.1799,37.2038],[128.15509,37.18918],[128.11609,37.18558],[128.08789,37.15781],[128.03488,37.155],[128.02734,37.15823],[128.01422,37.2015],[127.97101,37.2142],[127.9187,37.19119],[127.94052,37.1539],[127.9288,37.12564],[127.81949,37.11591],[127.80591,37.12488],[127.77622,37.21256],[127.7565,37.2059],[127.73499,37.16351],[127.67511,37.09675],[127.66019,37.09],[127.63808,37.09921],[127.6283,37.0473],[127.60822,37.01672],[127.57031,37.01251],[127.56456,36.9895],[127.55698,36.9856],[127.48389,36.99811],[127.47296,36.99289],[127.44922,36.96451],[127.40219,36.94888],[127.37769,36.90833],[127.29819,36.88882],[127.28079,36.8786],[127.26831,36.85291],[127.29709,36.82828],[127.2963,36.81944],[127.32062,36.811],[127.32867,36.79449],[127.34259,36.78949],[127.39319,36.7373],[127.38031,36.72888],[127.32458,36.73175],[127.31628,36.70648],[127.2894,36.69901],[127.2673,36.66],[127.2691,36.6384],[127.2417,36.60687],[127.24528,36.59609],[127.27112,36.58081],[127.26938,36.56439],[127.30908,36.55829],[127.32288,36.5379],[127.35489,36.5173],[127.34184,36.49711],[127.33807,36.45684],[127.37021,36.45398],[127.38063,36.42847],[127.41264,36.41824],[127.42929,36.41833],[127.44611,36.43909],[127.45459,36.43591],[127.46115,36.42294],[127.47913,36.41632],[127.47888,36.37869],[127.4848,36.3718],[127.5036,36.38193],[127.52377,36.37342],[127.5295,36.3614],[127.5134,36.34909],[127.4946,36.3017],[127.4787,36.28671],[127.46597,36.22791],[127.47158,36.2049],[127.54779,36.19281],[127.5679,36.17587],[127.56668,36.104],[127.5936,36.08078],[127.61359,36.02982],[127.6347,36.01147],[127.64892,36.01969],[127.6626,36.02007],[127.6741,36.00482],[127.7348,36.00427],[127.75715,35.9917],[127.79449,35.9931],[127.82642,36.0065],[127.84988,35.99609],[127.87929,36.00213],[127.88031,36.0123],[127.905,36.02621],[127.94373,36.03052],[127.94989,36.07611],[127.9711,36.09219],[127.97549,36.1145],[127.96051,36.1431],[127.9649,36.15289],[127.98682,36.16629],[128.02182,36.155],[128.03571,36.16968],[128.0166,36.18979],[128.01181,36.22229],[127.98029,36.23029],[127.92792,36.22607],[127.88229,36.25079],[127.85229,36.24521],[127.82896,36.25045],[127.82831,36.28229],[127.86983,36.32472],[127.85856,36.33857],[127.8608,36.34816],[127.84738,36.35263],[127.84439,36.36209],[127.86108,36.42911],[127.84984,36.44615],[127.8521,36.457],[127.87881,36.46512],[127.88651,36.47645],[127.84982,36.53254],[127.79578,36.5474],[127.78882,36.5752],[127.82403,36.57994],[127.84238,36.6059],[127.86292,36.5986],[127.88894,36.57543],[127.89722,36.57788],[127.91412,36.59486],[127.91177,36.62979],[127.8847,36.63751],[127.88589,36.64468],[127.9525,36.69778],[128.0542,36.67621],[128.05655,36.68433],[128.02051,36.7113],[128.02441,36.74371],[128.04251,36.75519],[128.05754,36.78069],[128.07761,36.7666],[128.0979,36.76508],[128.12451,36.79639],[128.13452,36.78113],[128.19891,36.7728],[128.20569,36.80151],[128.23547,36.8327],[128.24864,36.82402],[128.25916,36.7991],[128.28448,36.7937],[128.29849,36.77802],[128.34332,36.76852],[128.37091,36.78207],[128.40271,36.7749],[128.43213,36.79688],[128.43549,36.8222],[128.41914,36.85236],[128.4429,36.89648],[128.4967,36.9281],[128.50809,36.94632],[128.54871,36.9588],[128.57068,36.99573],[128.59589,37.00488],[128.633,37.00272],[128.64468,37.01654]]]}},{"type":"Feature","properties":{"id":"chungnam","label":"충남","selectable":false,"labelAnchor":[126.84715451465924,36.525959632593285],"nameEn":"Chungcheongnam-do"},"geometry":{"type":"MultiPolygon","coordinates":[[[[125.99292,36.11069],[125.98514,36.12097],[125.98764,36.11347],[125.97292,36.11153],[125.96653,36.12486],[125.97375,36.12736],[125.99431,36.1232],[125.99292,36.11069]]],[[[126.06153,36.2007],[126.05347,36.19819],[126.04792,36.20653],[126.05764,36.20958],[126.06153,36.2007]]],[[[126.04208,36.2093],[126.04014,36.20986],[126.0407,36.21125],[126.04236,36.21153],[126.04208,36.2093]]],[[[126.11125,36.21736],[126.11153,36.21569],[126.10736,36.21736],[126.10764,36.21847],[126.11125,36.21736]]],[[[126.02431,36.21875],[126.02541,36.22569],[126.0357,36.21931],[126.03098,36.21653],[126.03792,36.21041],[126.02431,36.21875]]],[[[126.06819,36.21764],[126.06486,36.21819],[126.06514,36.21931],[126.06819,36.21986],[126.06819,36.21764]]],[[[126.10514,36.22042],[126.10347,36.2207],[126.10375,36.22208],[126.10486,36.22181],[126.10514,36.22042]]],[[[126.09653,36.22625],[126.06847,36.22153],[126.07819,36.23486],[126.08986,36.23486],[126.09653,36.22625]]],[[[125.95764,36.22847],[125.95847,36.23514],[125.96653,36.24014],[125.9668,36.22653],[125.95764,36.22847]]],[[[125.95819,36.23653],[125.9568,36.23597],[125.9568,36.23792],[125.95819,36.23875],[125.95819,36.23653]]],[[[126.06764,36.23819],[126.06792,36.23708],[126.06375,36.23764],[126.06431,36.23875],[126.06764,36.23819]]],[[[126.06097,36.23764],[126.04764,36.2407],[126.05653,36.24097],[126.05791,36.24236],[126.06097,36.23764]]],[[[126.1032,36.25208],[126.10347,36.25486],[126.1057,36.25486],[126.10653,36.25375],[126.1032,36.25208]]],[[[125.9957,36.25736],[125.99264,36.25875],[125.99431,36.25903],[125.99597,36.25792],[125.9957,36.25736]]],[[[126.07125,36.48097],[126.07069,36.48236],[126.0743,36.48292],[126.07347,36.48153],[126.07125,36.48097]]],[[[126.16209,36.50903],[126.15598,36.51014],[126.15875,36.51431],[126.16097,36.51431],[126.16209,36.50903]]],[[[125.54736,36.60958],[125.54652,36.60847],[125.54097,36.61431],[125.54459,36.61319],[125.54736,36.60958]]],[[[125.58153,36.61125],[125.57153,36.61625],[125.57375,36.62153],[125.58125,36.61403],[125.58153,36.61125]]],[[[125.56153,36.62236],[125.55708,36.62542],[125.56042,36.62736],[125.56319,36.6268],[125.56153,36.62236]]],[[[125.71236,36.62708],[125.70959,36.62903],[125.71014,36.63347],[125.71931,36.63097],[125.71236,36.62708]]],[[[126.08736,36.63542],[126.08486,36.63403],[126.08403,36.63569],[126.08791,36.63792],[126.08736,36.63542]]],[[[126.12653,36.64014],[126.12292,36.64153],[126.12347,36.64264],[126.12625,36.64292],[126.12653,36.64014]]],[[[125.70236,36.63764],[125.68931,36.63958],[125.69153,36.64708],[125.69347,36.64097],[125.70236,36.63764]]],[[[126.00542,36.64653],[126.00542,36.64791],[126.00958,36.64931],[126.00875,36.64597],[126.00542,36.64653]]],[[[125.85069,36.65236],[125.84875,36.65208],[125.84764,36.65458],[125.84959,36.65653],[125.85069,36.65236]]],[[[125.82458,36.6582],[125.82097,36.65875],[125.82097,36.66014],[125.82514,36.66153],[125.82458,36.6582]]],[[[125.74847,36.66375],[125.7468,36.66097],[125.74347,36.66403],[125.74625,36.6657],[125.74847,36.66375]]],[[[125.86236,36.66153],[125.8568,36.66403],[125.86042,36.66597],[125.86347,36.66347],[125.86236,36.66153]]],[[[126.0368,36.66597],[126.03181,36.66653],[126.03431,36.66819],[126.03625,36.66764],[126.0368,36.66597]]],[[[126.12625,36.67653],[126.12347,36.67958],[126.13541,36.68847],[126.14931,36.68486],[126.1443,36.67986],[126.15153,36.67875],[126.1532,36.67125],[126.1293,36.6693],[126.12653,36.67597],[126.13736,36.67986],[126.13375,36.68486],[126.12625,36.67653]]],[[[126.07625,36.67958],[126.0843,36.69153],[126.09014,36.68236],[126.08153,36.67181],[126.04681,36.6707],[126.07625,36.67958]]],[[[126.09402,36.70319],[126.09236,36.70292],[126.09209,36.70486],[126.09375,36.70486],[126.09402,36.70319]]],[[[126.11042,36.70236],[126.11236,36.70681],[126.11708,36.70792],[126.11569,36.70403],[126.11042,36.70236]]],[[[125.9418,36.72319],[125.94597,36.72681],[125.94847,36.72514],[125.94514,36.72042],[125.9418,36.72319]]],[[[126.16125,36.74903],[126.1593,36.74653],[126.15681,36.7482],[126.15736,36.75264],[126.16125,36.74903]]],[[[126.14597,36.79486],[126.14597,36.79403],[126.14403,36.79319],[126.1432,36.79597],[126.14597,36.79486]]],[[[126.14542,36.80153],[126.14597,36.80014],[126.14153,36.79958],[126.13986,36.80375],[126.14542,36.80153]]],[[[126.14986,36.89431],[126.15097,36.89542],[126.15208,36.89514],[126.1532,36.89431],[126.14986,36.89431]]],[[[126.15153,36.89708],[126.14902,36.89764],[126.14958,36.89903],[126.15153,36.89819],[126.15153,36.89708]]],[[[126.28597,36.24958],[126.28347,36.24403],[126.2768,36.25014],[126.2782,36.25125],[126.28597,36.24958]]],[[[126.29208,36.25958],[126.29041,36.25597],[126.28819,36.26014],[126.29125,36.26097],[126.29208,36.25958]]],[[[126.27348,36.2682],[126.27458,36.2668],[126.27209,36.2668],[126.27209,36.26847],[126.27348,36.2682]]],[[[126.25569,36.27125],[126.25347,36.27291],[126.25653,36.27291],[126.25653,36.27264],[126.25569,36.27125]]],[[[126.26653,36.26514],[126.26041,36.26653],[126.2607,36.27597],[126.2718,36.28014],[126.26653,36.26514]]],[[[126.22569,36.28153],[126.22542,36.28014],[126.22264,36.28097],[126.2243,36.28208],[126.22569,36.28153]]],[[[126.21403,36.28292],[126.21458,36.28181],[126.2093,36.28264],[126.21069,36.28375],[126.21403,36.28292]]],[[[126.19292,36.28208],[126.19597,36.28708],[126.20069,36.2868],[126.20125,36.28292],[126.19292,36.28208]]],[[[126.20431,36.28569],[126.20458,36.2868],[126.20708,36.2868],[126.20764,36.28514],[126.20431,36.28569]]],[[[126.29569,36.29208],[126.29347,36.29153],[126.29459,36.29486],[126.29569,36.29458],[126.29569,36.29208]]],[[[126.25819,36.29403],[126.26014,36.30375],[126.26986,36.30181],[126.25681,36.28653],[126.25153,36.2943],[126.25819,36.29403]]],[[[126.24736,36.29514],[126.24375,36.2957],[126.24431,36.29681],[126.24792,36.29653],[126.24736,36.29514]]],[[[126.31986,36.29819],[126.31875,36.29875],[126.31958,36.30042],[126.32014,36.29958],[126.31986,36.29819]]],[[[126.32569,36.30486],[126.32736,36.30653],[126.32819,36.30625],[126.32986,36.30514],[126.32569,36.30486]]],[[[126.25542,36.30847],[126.25486,36.30708],[126.24958,36.30958],[126.25236,36.31125],[126.25542,36.30847]]],[[[126.24764,36.3107],[126.24736,36.30958],[126.24486,36.3107],[126.24625,36.31153],[126.24764,36.3107]]],[[[126.27402,36.3457],[126.27042,36.3457],[126.27125,36.34764],[126.27348,36.34764],[126.27402,36.3457]]],[[[126.32792,36.35792],[126.33041,36.36125],[126.3318,36.36097],[126.32986,36.35792],[126.32792,36.35792]]],[[[126.33292,36.37764],[126.33264,36.38097],[126.3343,36.38097],[126.33486,36.37875],[126.33292,36.37764]]],[[[126.21458,36.4282],[126.20875,36.42764],[126.21181,36.43125],[126.21403,36.43097],[126.21458,36.4282]]],[[[126.30959,36.45458],[126.30486,36.44931],[126.30347,36.44931],[126.30375,36.4557],[126.30959,36.45458]]],[[[126.23653,36.45014],[126.23153,36.45403],[126.23236,36.4557],[126.2382,36.4557],[126.23653,36.45014]]],[[[126.2218,36.45819],[126.22208,36.4593],[126.22598,36.46041],[126.22569,36.4593],[126.2218,36.45819]]],[[[126.18875,36.57153],[126.19486,36.57153],[126.19486,36.57125],[126.19347,36.56736],[126.18875,36.57153]]],[[[126.17625,36.56986],[126.17403,36.57042],[126.17653,36.57208],[126.1768,36.5718],[126.17625,36.56986]]],[[[126.19903,36.57736],[126.19486,36.57819],[126.19542,36.58292],[126.20125,36.58264],[126.19903,36.57736]]],[[[126.20625,36.58458],[126.20208,36.58319],[126.20264,36.58541],[126.20514,36.58514],[126.20625,36.58458]]],[[[126.20431,36.59097],[126.20042,36.59097],[126.19847,36.5957],[126.20097,36.59486],[126.20431,36.59097]]],[[[126.23542,36.60653],[126.24375,36.60792],[126.24625,36.60014],[126.24181,36.58792],[126.23402,36.59681],[126.23542,36.60653]]],[[[126.26569,36.6693],[126.26625,36.66708],[126.2618,36.66792],[126.26292,36.66986],[126.26569,36.6693]]],[[[126.2618,36.67347],[126.26014,36.67403],[126.26041,36.67569],[126.26319,36.67597],[126.2618,36.67347]]],[[[126.30736,36.86292],[126.30736,36.86542],[126.31125,36.86542],[126.31486,36.86292],[126.30736,36.86292]]],[[[126.19681,36.89986],[126.19847,36.90125],[126.20042,36.90125],[126.20097,36.90014],[126.19681,36.89986]]],[[[126.16292,36.92319],[126.16097,36.92347],[126.1618,36.92486],[126.16402,36.92486],[126.16292,36.92319]]],[[[126.17152,36.92764],[126.16708,36.92514],[126.16681,36.92875],[126.1682,36.92986],[126.17152,36.92764]]],[[[126.3093,36.92958],[126.30903,36.9282],[126.30486,36.92958],[126.30597,36.93347],[126.3093,36.92958]]],[[[126.16125,36.93236],[126.1582,36.9318],[126.15875,36.93347],[126.1607,36.93319],[126.16125,36.93236]]],[[[126.30791,36.93597],[126.3093,36.94236],[126.31153,36.9432],[126.31403,36.9393],[126.30791,36.93597]]],[[[126.38764,36.2593],[126.38625,36.25875],[126.38514,36.26097],[126.3868,36.26125],[126.38764,36.2593]]],[[[126.3568,36.30931],[126.34653,36.30903],[126.34764,36.31181],[126.35291,36.31208],[126.3568,36.30931]]],[[[126.34625,36.31347],[126.34597,36.31208],[126.34348,36.31375],[126.34486,36.3143],[126.34625,36.31347]]],[[[126.39764,36.33847],[126.39736,36.33708],[126.39486,36.33847],[126.3968,36.33931],[126.39764,36.33847]]],[[[126.36264,36.33403],[126.36153,36.32625],[126.34764,36.33153],[126.34264,36.3257],[126.34014,36.33764],[126.3557,36.35653],[126.37097,36.33486],[126.36264,36.33403]]],[[[126.41209,36.38153],[126.43069,36.38514],[126.43958,36.37486],[126.43181,36.36819],[126.45903,36.36292],[126.45903,36.35375],[126.38347,36.36736],[126.38514,36.38042],[126.39709,36.38181],[126.41764,36.3693],[126.41209,36.38153]]],[[[126.4082,36.37958],[126.40459,36.38042],[126.40514,36.38125],[126.40681,36.38125],[126.4082,36.37958]]],[[[126.36653,36.37847],[126.36181,36.37958],[126.36514,36.39347],[126.37125,36.38986],[126.36653,36.37847]]],[[[126.4093,36.38736],[126.4107,36.38903],[126.41375,36.38875],[126.41209,36.38653],[126.4093,36.38736]]],[[[126.39403,36.39014],[126.39458,36.38875],[126.39153,36.38847],[126.39181,36.39097],[126.39403,36.39014]]],[[[126.33598,36.39958],[126.3493,36.40542],[126.35597,36.39958],[126.3393,36.39542],[126.33598,36.38403],[126.33598,36.39958]]],[[[126.40569,36.39708],[126.40652,36.39486],[126.40264,36.39597],[126.40041,36.39903],[126.40569,36.39708]]],[[[126.41514,36.39653],[126.41125,36.3968],[126.4107,36.39903],[126.41402,36.39847],[126.41514,36.39653]]],[[[126.42931,36.3968],[126.43097,36.40014],[126.43708,36.40097],[126.43792,36.39875],[126.42931,36.3968]]],[[[126.33791,36.4043],[126.33875,36.40319],[126.3343,36.40208],[126.33459,36.40514],[126.33791,36.4043]]],[[[126.38903,36.40931],[126.39403,36.41208],[126.39014,36.40708],[126.38875,36.40681],[126.38903,36.40931]]],[[[126.42847,36.4507],[126.42625,36.45042],[126.4268,36.45292],[126.42819,36.45208],[126.42847,36.4507]]],[[[126.43208,36.46347],[126.43236,36.46458],[126.43542,36.46458],[126.43542,36.46347],[126.43208,36.46347]]],[[[126.42347,36.46431],[126.4193,36.46431],[126.41986,36.46875],[126.42347,36.46514],[126.42347,36.46431]]],[[[126.41875,36.47292],[126.41514,36.47014],[126.4157,36.47292],[126.41875,36.4743],[126.41875,36.47292]]],[[[126.37875,36.51764],[126.40236,36.50708],[126.39875,36.48986],[126.41042,36.49264],[126.40875,36.47709],[126.41792,36.46486],[126.40736,36.45264],[126.43236,36.43764],[126.42792,36.43236],[126.43514,36.4193],[126.42152,36.41069],[126.42764,36.39903],[126.41209,36.40319],[126.41042,36.41319],[126.39764,36.41319],[126.40153,36.41958],[126.38125,36.41986],[126.3718,36.41047],[126.36125,36.41514],[126.35986,36.42375],[126.35042,36.42486],[126.36125,36.44069],[126.3318,36.43708],[126.3393,36.47153],[126.32486,36.46819],[126.33625,36.49292],[126.32569,36.51958],[126.3318,36.55597],[126.31208,36.57042],[126.31236,36.58597],[126.31519482337737,36.58868802107786],[126.3168,36.58792],[126.32216688691858,36.5953728169676],[126.3393,36.6118],[126.35653,36.61708],[126.37653,36.58847],[126.37597,36.57875],[126.35986,36.57042],[126.37542,36.56458],[126.37653,36.5368],[126.38736,36.52514],[126.37875,36.51764]]],[[[126.30403,36.59403],[126.30486,36.58514],[126.2932,36.57708],[126.28291,36.5918],[126.29014,36.60569],[126.28181,36.62236],[126.29181,36.62153],[126.28819,36.61958],[126.28986,36.61653],[126.29986,36.6232],[126.29708,36.65847],[126.28125,36.67347],[126.26569,36.6707],[126.2607,36.69069],[126.27292,36.70319],[126.27069,36.72653],[126.27847,36.72014],[126.28098,36.72709],[126.27069,36.73069],[126.25208,36.71375],[126.23597,36.71792],[126.2393,36.70236],[126.22903,36.69209],[126.20819,36.69347],[126.20959,36.68792],[126.19764,36.6857],[126.19681,36.67375],[126.15542,36.67708],[126.14653,36.70319],[126.16209,36.70764],[126.16792,36.71764],[126.1982,36.70514],[126.21542,36.70903],[126.2232,36.72097],[126.20264,36.72458],[126.21597,36.74097],[126.20292,36.73597],[126.18264,36.74514],[126.19264,36.75681],[126.15598,36.75431],[126.13958,36.76153],[126.1518,36.73014],[126.11903,36.70736],[126.13347,36.74931],[126.12431,36.74931],[126.11153,36.77319],[126.12903,36.77236],[126.13042,36.78708],[126.13486,36.78264],[126.14597,36.78986],[126.15041,36.8032],[126.14264,36.80875],[126.15459,36.81125],[126.14902,36.81597],[126.16097,36.82736],[126.14486,36.8382],[126.15403,36.83736],[126.14819,36.84653],[126.15958,36.85069],[126.16125,36.84097],[126.17181,36.84097],[126.16653,36.82986],[126.17458,36.82542],[126.17125,36.80931],[126.17847,36.81375],[126.19875,36.78236],[126.18153,36.81931],[126.19319,36.82014],[126.17819,36.83347],[126.20014,36.8568],[126.18958,36.85625],[126.19014,36.86653],[126.18236,36.87069],[126.1918,36.87653],[126.17653,36.88486],[126.19736,36.88569],[126.20264,36.90486],[126.21236,36.89819],[126.23736,36.91431],[126.25291,36.91514],[126.24819,36.90931],[126.2757,36.89819],[126.28736,36.90014],[126.28347,36.90931],[126.29347,36.92931],[126.28069,36.96347],[126.30486,36.97986],[126.30514,36.96708],[126.2932,36.96375],[126.31236,36.9557],[126.30236,36.94458],[126.29931,36.92042],[126.31986,36.90458],[126.32097,36.89153],[126.33208,36.89097],[126.31541,36.88486],[126.30319,36.86625],[126.2943,36.84292],[126.3168,36.8343],[126.28291,36.82375],[126.28597,36.8032],[126.29347,36.79792],[126.30569,36.81569],[126.33681,36.81625],[126.32569,36.82458],[126.32875,36.83458],[126.3157,36.8418],[126.33041,36.86375],[126.34736,36.86125],[126.34292,36.84681],[126.36486,36.83125],[126.35514,36.84764],[126.3707,36.85764],[126.3643,36.87653],[126.39792,36.88042],[126.39625,36.89347],[126.43125,36.90181],[126.40958,36.90764],[126.4043,36.91903],[126.41875,36.92375],[126.41847,36.93653],[126.40875,36.94014],[126.40903,36.93236],[126.39098,36.92875],[126.38125,36.94486],[126.3718,36.94653],[126.35902,36.93736],[126.36125,36.95014],[126.35152,36.95153],[126.34959,36.96125],[126.3343,36.95986],[126.33652,36.96903],[126.36264,36.96903],[126.36819,36.96403],[126.36875,36.95986],[126.37014,36.95958],[126.38764,36.97097],[126.37708,36.97236],[126.37959,36.98014],[126.37236,36.98292],[126.33041,36.98486],[126.32708,37.00042],[126.33903,36.99875],[126.33847,37.00625],[126.34375,37.00875],[126.34431,37.00208],[126.35208,37.00486],[126.35792,37.01208],[126.35014,37.02014],[126.3557,37.02319],[126.36403,37.00708],[126.38625,37.01597],[126.4082,37.01236],[126.4032,37.02431],[126.41486,37.01875],[126.41348,37.01236],[126.45819,37.00125],[126.46986,37.00736],[126.45708,37.02597],[126.46375,37.02208],[126.48431,37.04097],[126.48153,37.04875],[126.49819,37.06542],[126.51319,37.06458],[126.53986,37.03819],[126.5593,37.03708],[126.63125,37.00264],[126.69847,37.00069],[126.70458,36.99181],[126.78181,36.97681],[126.78098,36.96514],[126.80097,36.92625],[126.81069,36.92875],[126.82653,36.88625],[126.8643,36.8807],[126.90847,36.88847],[126.91077,36.89486],[126.97809,36.90668],[127.0332,36.9006],[127.0791,36.90915],[127.0936,36.92291],[127.11997,36.92511],[127.20531,36.89249],[127.26831,36.85291],[127.29709,36.82828],[127.2963,36.81944],[127.32062,36.811],[127.32867,36.79449],[127.34259,36.78949],[127.39319,36.7373],[127.38031,36.72888],[127.32458,36.73175],[127.31628,36.70648],[127.2894,36.69901],[127.2673,36.66],[127.2691,36.6384],[127.2417,36.60687],[127.24528,36.59609],[127.27112,36.58081],[127.26938,36.56439],[127.30908,36.55829],[127.32288,36.5379],[127.35489,36.5173],[127.34184,36.49711],[127.33807,36.45684],[127.33701,36.43188],[127.32449,36.4147],[127.298,36.39899],[127.26335,36.39206],[127.25751,36.3725],[127.26581,36.35599],[127.25411,36.34564],[127.25659,36.32098],[127.23932,36.29031],[127.24215,36.27559],[127.26572,36.25153],[127.27228,36.22632],[127.30856,36.19948],[127.33261,36.21899],[127.34364,36.25854],[127.36298,36.25018],[127.3645,36.21808],[127.40747,36.18268],[127.42334,36.18047],[127.44115,36.19914],[127.47158,36.2049],[127.54779,36.19281],[127.5679,36.17587],[127.56668,36.104],[127.5936,36.08078],[127.61359,36.02982],[127.6347,36.01147],[127.64892,36.01969],[127.64346,35.98889],[127.61488,35.9736],[127.55029,35.97569],[127.53738,36.00159],[127.46359,35.98929],[127.3898,36.02084],[127.36749,36.06708],[127.30649,36.12807],[127.24051,36.10449],[127.22699,36.0892],[127.19348,36.0965],[127.14539,36.07748],[127.13208,36.0802],[127.12618,36.06728],[127.08759,36.06842],[127.05072,36.07892],[127.0257,36.13388],[126.94128,36.1597],[126.88695,36.14118],[126.86518,36.08755],[126.87347,36.08588],[126.85739,36.0625],[126.82339,36.04904],[126.81421,36.03711],[126.78229,36.03668],[126.74125,36.01807],[126.72514,36.00014],[126.67986,36.0093],[126.66653,36.00431],[126.65958,36.02875],[126.66764,36.03292],[126.64375,36.05514],[126.63264,36.05431],[126.62959,36.07847],[126.61847,36.07681],[126.62569,36.08569],[126.64291,36.08708],[126.6443,36.09347],[126.63181,36.09072],[126.63208,36.09792],[126.62097,36.10209],[126.61236,36.09597],[126.5982,36.12125],[126.57125,36.14014],[126.55653,36.12819],[126.54681,36.14403],[126.51903,36.15208],[126.50653,36.14931],[126.50347,36.12875],[126.49208,36.13708],[126.49236,36.16069],[126.51736,36.15875],[126.52541,36.16708],[126.52348,36.18625],[126.53931,36.20014],[126.5257,36.23403],[126.54819,36.2632],[126.5407,36.27736],[126.53431,36.27653],[126.53958,36.2793],[126.52708,36.29847],[126.51736,36.29736],[126.49986,36.32486],[126.55875,36.35042],[126.58041,36.34903],[126.58598,36.34486],[126.58681,36.34542],[126.57792,36.35097],[126.54569,36.35403],[126.5107,36.38042],[126.4807,36.38208],[126.48514,36.40958],[126.49931,36.42097],[126.49486,36.42597],[126.51681,36.43875],[126.53347,36.44014],[126.54041,36.45042],[126.56541,36.45208],[126.57264,36.47569],[126.5918,36.46958],[126.61264,36.4832],[126.5882,36.47569],[126.56236,36.48431],[126.52736,36.4557],[126.52402,36.44375],[126.49514,36.43292],[126.49903,36.4432],[126.48347,36.45236],[126.48959,36.46903],[126.48014,36.47764],[126.48264,36.50681],[126.50403,36.52486],[126.54236,36.50403],[126.5593,36.5057],[126.56097,36.51069],[126.54542,36.50736],[126.50459,36.53125],[126.48875,36.52042],[126.46375,36.54514],[126.4707,36.55958],[126.45541,36.59486],[126.41264,36.60458],[126.41402,36.61431],[126.40542,36.61681],[126.3643,36.62625],[126.3318,36.60875],[126.32216688691858,36.5953728169676],[126.31519482337737,36.58868802107786],[126.30403,36.59403]]],[[[126.42847,36.52375],[126.42625,36.52375],[126.42764,36.52625],[126.42903,36.52625],[126.42847,36.52375]]],[[[126.43042,36.52514],[126.42986,36.52625],[126.43236,36.52764],[126.43291,36.52542],[126.43042,36.52514]]],[[[126.37986,36.59097],[126.37486,36.59708],[126.38319,36.60764],[126.38625,36.60125],[126.37986,36.59097]]],[[[126.37625,36.61653],[126.37403,36.61681],[126.37375,36.61847],[126.37569,36.6193],[126.37625,36.61653]]],[[[126.36375,36.87125],[126.36264,36.8693],[126.36125,36.86986],[126.36236,36.87208],[126.36375,36.87125]]],[[[126.38653,36.89264],[126.38708,36.88875],[126.38236,36.88764],[126.38319,36.89264],[126.38653,36.89264]]],[[[126.3457,36.90125],[126.33319,36.90292],[126.32764,36.91514],[126.3382,36.91347],[126.3457,36.90125]]],[[[126.35069,36.91875],[126.35431,36.91875],[126.35431,36.91847],[126.35458,36.91708],[126.35069,36.91875]]],[[[126.37014,36.92653],[126.37764,36.92903],[126.39042,36.92403],[126.39069,36.92208],[126.37097,36.91736],[126.37014,36.92653]]],[[[126.38931,36.92653],[126.38792,36.92653],[126.38875,36.9282],[126.39042,36.92764],[126.38931,36.92653]]],[[[126.34541,36.92319],[126.34541,36.92153],[126.33652,36.93264],[126.33625,36.94014],[126.34541,36.92319]]],[[[126.35236,36.92958],[126.35403,36.93264],[126.3568,36.93236],[126.3568,36.92986],[126.35236,36.92958]]],[[[126.33625,36.96931],[126.3343,36.97042],[126.33542,36.97181],[126.33652,36.97042],[126.33625,36.96931]]],[[[126.43181,37.02291],[126.43403,37.02014],[126.42208,37.02403],[126.42542,37.02625],[126.43181,37.02291]]],[[[126.38875,37.02347],[126.38375,37.02125],[126.3857,37.02625],[126.38847,37.02708],[126.38875,37.02347]]],[[[126.41792,37.06292],[126.42819,37.06486],[126.44514,37.06153],[126.45069,37.04403],[126.42069,37.04125],[126.41792,37.06292]]],[[[126.41042,37.05208],[126.40986,37.05292],[126.4118,37.05514],[126.41236,37.05264],[126.41042,37.05208]]],[[[126.38653,37.11681],[126.39458,37.11319],[126.39236,37.09847],[126.37986,37.10292],[126.37875,37.11236],[126.38653,37.11681]]],[[[126.52486,36.03403],[126.5218,36.03403],[126.52292,36.03625],[126.52458,36.03597],[126.52486,36.03403]]],[[[126.63181,36.03486],[126.6293,36.03542],[126.62959,36.03708],[126.63153,36.03708],[126.63181,36.03486]]],[[[126.53152,36.03597],[126.52514,36.03764],[126.52625,36.03986],[126.52986,36.04042],[126.53152,36.03597]]],[[[126.55681,36.03181],[126.53986,36.03597],[126.54486,36.04403],[126.55403,36.04681],[126.55681,36.03181]]],[[[126.54153,36.04625],[126.54181,36.04486],[126.53875,36.04486],[126.53902,36.04708],[126.54153,36.04625]]],[[[126.61625,36.06486],[126.61347,36.0643],[126.61347,36.06653],[126.61597,36.06736],[126.61625,36.06486]]],[[[126.44653,36.08153],[126.44542,36.07542],[126.42986,36.08042],[126.43625,36.08764],[126.44653,36.08153]]],[[[126.57597,36.12569],[126.57792,36.12708],[126.57848,36.12597],[126.57653,36.12597],[126.57597,36.12569]]],[[[126.5507,36.12431],[126.54931,36.12792],[126.55264,36.12931],[126.55319,36.12542],[126.5507,36.12431]]],[[[126.48597,36.13764],[126.48597,36.13653],[126.48431,36.13708],[126.48486,36.13847],[126.48597,36.13764]]],[[[126.50625,36.21069],[126.50514,36.21014],[126.50403,36.21236],[126.50625,36.2132],[126.50625,36.21069]]],[[[126.51903,36.21431],[126.51653,36.21569],[126.51681,36.2168],[126.51903,36.21653],[126.51903,36.21431]]],[[[126.52625,36.21931],[126.52708,36.22014],[126.52847,36.21986],[126.52847,36.21847],[126.52625,36.21931]]],[[[126.51736,36.24097],[126.51764,36.2443],[126.52375,36.24597],[126.52348,36.2443],[126.51736,36.24097]]],[[[126.50903,36.36903],[126.5043,36.36958],[126.50486,36.37153],[126.50819,36.37181],[126.50903,36.36903]]],[[[126.43847,36.38764],[126.44569,36.38986],[126.44791,36.38319],[126.45653,36.37903],[126.43958,36.37903],[126.43847,36.38764]]],[[[126.45875,36.40403],[126.45875,36.40181],[126.45403,36.40458],[126.45486,36.40597],[126.45875,36.40403]]],[[[126.43958,36.40375],[126.43542,36.40486],[126.43681,36.40792],[126.44097,36.40542],[126.43958,36.40375]]],[[[126.4593,36.40792],[126.45486,36.40958],[126.45653,36.41153],[126.45792,36.41153],[126.4593,36.40792]]],[[[126.47097,36.40903],[126.46597,36.4082],[126.46764,36.41125],[126.46986,36.41097],[126.47097,36.40903]]],[[[126.46653,36.41125],[126.46514,36.41069],[126.46458,36.41403],[126.46653,36.41375],[126.46653,36.41125]]],[[[126.46486,36.41847],[126.46458,36.4157],[126.46181,36.41903],[126.46291,36.42042],[126.46486,36.41847]]],[[[126.55236,36.45542],[126.54931,36.46514],[126.5582,36.47097],[126.55791,36.4593],[126.55236,36.45542]]],[[[126.44403,36.51569],[126.43875,36.51569],[126.43903,36.52125],[126.44292,36.52014],[126.44403,36.51569]]],[[[126.48764,36.51958],[126.48264,36.51653],[126.48264,36.52125],[126.48542,36.52097],[126.48764,36.51958]]],[[[126.81181,36.94514],[126.81236,36.9432],[126.80625,36.94069],[126.80681,36.94625],[126.81181,36.94514]]],[[[126.79958,36.94819],[126.79792,36.94847],[126.79819,36.9507],[126.79931,36.95014],[126.79958,36.94819]]],[[[126.45264,37.01375],[126.44681,37.02458],[126.44986,37.0257],[126.45431,37.01764],[126.45264,37.01375]]],[[[126.44625,37.03347],[126.44847,37.03069],[126.43681,37.03292],[126.43958,37.03375],[126.44625,37.03347]]],[[[126.45375,37.03208],[126.44014,37.03542],[126.4407,37.03875],[126.45319,37.04236],[126.45375,37.03208]]],[[[126.55875,37.06097],[126.54931,37.05153],[126.55514,37.06375],[126.55458,37.07125],[126.55875,37.06097]]],[[[126.48681,37.07431],[126.48431,37.07514],[126.48597,37.07986],[126.48764,37.07681],[126.48681,37.07431]]],[[[126.46514,37.08014],[126.46264,37.08153],[126.4643,37.08375],[126.46597,37.08181],[126.46514,37.08014]]],[[[126.46098,37.09097],[126.46208,37.08764],[126.45458,37.09014],[126.45903,37.09347],[126.46098,37.09097]]],[[[126.45403,37.09708],[126.4493,37.09486],[126.44625,37.10014],[126.45014,37.10431],[126.45403,37.09708]]],[[[126.54264,37.10958],[126.54125,37.09347],[126.53736,37.09375],[126.5357,37.11514],[126.54264,37.10958]]],[[[126.45208,37.10931],[126.45153,37.11125],[126.45348,37.11375],[126.45514,37.11097],[126.45208,37.10931]]],[[[126.45236,37.11514],[126.45236,37.11736],[126.45431,37.11764],[126.45514,37.11597],[126.45236,37.11514]]]]}},{"type":"Feature","properties":{"id":"daegu","label":"대구","selectable":false,"labelAnchor":[128.5796697775335,35.781084410001526],"nameEn":"Daegu"},"geometry":{"type":"Polygon","coordinates":[[[128.55606,35.60935],[128.5461,35.63231],[128.55763,35.66991],[128.61819,35.69201],[128.62946,35.67706],[128.62329,35.66449],[128.65366,35.66229],[128.67543,35.67171],[128.6933,35.6897],[128.69843,35.7085],[128.6889,35.72989],[128.724,35.76981],[128.73299,35.79311],[128.75439,35.7988],[128.76071,35.84531],[128.75241,35.8674],[128.72321,35.8891],[128.73242,35.89441],[128.73929,35.93051],[128.7207,35.95581],[128.68271,35.9682],[128.617,35.9623],[128.5817,35.92728],[128.5434,35.91171],[128.53329,35.87289],[128.5047,35.84472],[128.47971,35.85751],[128.47501,35.88361],[128.4342,35.87299],[128.41206,35.8556],[128.40808,35.83051],[128.41412,35.81787],[128.46689,35.80191],[128.48749,35.78888],[128.48914,35.77512],[128.44431,35.7717],[128.42072,35.72968],[128.42641,35.70275],[128.46114,35.68348],[128.45749,35.66591],[128.4411,35.65869],[128.41028,35.66748],[128.39278,35.66399],[128.4411,35.6077],[128.43575,35.58686],[128.41724,35.57499],[128.4306,35.56738],[128.48331,35.56631],[128.55606,35.60935]]]}},{"type":"Feature","properties":{"id":"daejeon","label":"대전","selectable":true,"labelAnchor":[127.37824712215497,36.31860751615555],"nameEn":"Daejeon"},"geometry":{"type":"Polygon","coordinates":[[[127.47158,36.2049],[127.46597,36.22791],[127.4787,36.28671],[127.4946,36.3017],[127.5134,36.34909],[127.5295,36.3614],[127.52377,36.37342],[127.5036,36.38193],[127.4848,36.3718],[127.47888,36.37869],[127.47913,36.41632],[127.46115,36.42294],[127.45459,36.43591],[127.44611,36.43909],[127.42929,36.41833],[127.41264,36.41824],[127.38063,36.42847],[127.37021,36.45398],[127.33807,36.45684],[127.33701,36.43188],[127.32449,36.4147],[127.298,36.39899],[127.26335,36.39206],[127.25751,36.3725],[127.26581,36.35599],[127.25411,36.34564],[127.25659,36.32098],[127.23932,36.29031],[127.24215,36.27559],[127.26572,36.25153],[127.27228,36.22632],[127.30856,36.19948],[127.33261,36.21899],[127.34364,36.25854],[127.36298,36.25018],[127.3645,36.21808],[127.40747,36.18268],[127.42334,36.18047],[127.44115,36.19914],[127.47158,36.2049]]]}},{"type":"Feature","properties":{"id":"gangwon","label":"강원","selectable":false,"labelAnchor":[128.2812890537771,37.716643903385005],"nameEn":"Gangwon-do"},"geometry":{"type":"MultiPolygon","coordinates":[[[[129.33014,37.28014],[129.32736,37.26486],[129.35709,37.23597],[129.34097,37.22375],[129.34903,37.21153],[129.34152,37.17736],[129.35126,37.16486],[129.35239,37.15579],[129.31259,37.12122],[129.27341,37.10419],[129.2467,37.0755],[129.24561,37.02139],[129.23581,37.013],[129.18118,37.01828],[129.11768,37.05688],[129.0979,37.04819],[129.0733,37.0191],[129.03149,37.03308],[128.97229,37.03601],[128.93649,37.05006],[128.92853,37.03088],[128.88391,37.03281],[128.8255,37.0603],[128.76439,37.07503],[128.75711,37.0712],[128.78009,37.04187],[128.77974,37.02856],[128.74667,37.02521],[128.7363,37.00888],[128.68872,37.02271],[128.64468,37.01654],[128.63379,37.03699],[128.5672,37.04691],[128.53308,37.07471],[128.49188,37.07849],[128.47607,37.06979],[128.42551,37.06509],[128.39749,37.0849],[128.3847,37.11679],[128.32881,37.11396],[128.30219,37.09949],[128.28389,37.10278],[128.26212,37.12456],[128.32376,37.16516],[128.31238,37.18095],[128.2666,37.1748],[128.21335,37.20121],[128.1799,37.2038],[128.15509,37.18918],[128.11609,37.18558],[128.08789,37.15781],[128.03488,37.155],[128.02734,37.15823],[128.01422,37.2015],[127.97101,37.2142],[127.9187,37.19119],[127.94052,37.1539],[127.9288,37.12564],[127.81949,37.11591],[127.80591,37.12488],[127.77622,37.21256],[127.78641,37.2251],[127.78084,37.31044],[127.79744,37.33589],[127.80829,37.3847],[127.80624,37.41772],[127.7795,37.4375],[127.77504,37.45045],[127.82593,37.49969],[127.82788,37.51208],[127.81733,37.52686],[127.77185,37.52386],[127.74605,37.53944],[127.71803,37.54325],[127.61462,37.59408],[127.57563,37.58854],[127.554,37.59687],[127.5423,37.60992],[127.55084,37.62372],[127.54968,37.66248],[127.51908,37.67403],[127.54184,37.70447],[127.5343,37.74847],[127.53964,37.78804],[127.57611,37.80328],[127.60827,37.83173],[127.61351,37.90152],[127.56812,37.90445],[127.55618,37.94511],[127.49544,37.95043],[127.47528,37.99409],[127.46124,38.0692],[127.45527,38.07151],[127.43329,38.05029],[127.39229,38.06984],[127.36011,38.04205],[127.35089,38.06445],[127.32122,38.07151],[127.28308,38.0553],[127.27089,38.07484],[127.31128,38.1281],[127.29608,38.1347],[127.22888,38.08929],[127.19733,38.07672],[127.17699,38.07257],[127.1015,38.08252],[127.08891,38.09224],[127.09131,38.09833],[127.11386,38.11183],[127.09272,38.11926],[127.0965,38.15393],[127.02032,38.15124],[126.98503,38.20043],[126.98715,38.20691],[127.00598,38.22215],[127.01659,38.23742],[127.13235,38.30494],[127.16795,38.30177],[127.23874,38.32727],[127.27487,38.3229],[127.29181,38.31295],[127.40125,38.33114],[127.49892,38.29782],[127.58607,38.33311],[127.61362,38.32115],[127.68185,38.31897],[127.70255,38.32993],[127.76379,38.3275],[127.79066,38.33913],[127.82943,38.3008],[127.87099,38.31004],[127.89333,38.3287],[127.9599,38.31337],[127.97874,38.31701],[128.04695,38.305],[128.07831,38.30883],[128.10983,38.32916],[128.14517,38.33145],[128.21703,38.37654],[128.23067,38.39412],[128.28918,38.43443],[128.31207,38.47272],[128.30966,38.48475],[128.32069,38.5109],[128.31511,38.58635],[128.35959,38.61208],[128.37291,38.58958],[128.4118,38.55625],[128.40625,38.54208],[128.41763,38.52375],[128.42458,38.52431],[128.41875,38.51181],[128.43069,38.50486],[128.42931,38.49125],[128.46848,38.4507],[128.45653,38.44653],[128.45403,38.43736],[128.47653,38.40569],[128.47264,38.39931],[128.4807,38.40097],[128.51292,38.37264],[128.50653,38.3618],[128.53125,38.32764],[128.52708,38.32069],[128.55153,38.30403],[128.54514,38.30069],[128.55208,38.29625],[128.54875,38.28597],[128.56985,38.24653],[128.55959,38.23958],[128.57153,38.24458],[128.60265,38.21375],[128.60292,38.20486],[128.59486,38.21041],[128.59514,38.2007],[128.61542,38.18153],[128.6057,38.17319],[128.61264,38.15458],[128.60791,38.15153],[128.64264,38.10847],[128.64153,38.08847],[128.63319,38.07986],[128.64236,38.08625],[128.64847,38.10375],[128.68015,38.0793],[128.67319,38.0793],[128.67708,38.06486],[128.68959,38.05069],[128.71652,38.02764],[128.73653,38.02208],[128.73125,38.00625],[128.76459,37.98014],[128.75931,37.97514],[128.76625,37.97181],[128.7693,37.94903],[128.78653,37.94736],[128.79459,37.92847],[128.83098,37.90653],[128.83041,37.88347],[128.84903,37.86819],[128.84764,37.8618],[128.92291,37.79153],[128.95514,37.77319],[128.95181,37.7668],[129.05875,37.67375],[129.05792,37.6582],[129.04431,37.63875],[129.05098,37.62625],[129.05681,37.6268],[129.06487,37.6232],[129.05458,37.62569],[129.07764,37.60097],[129.11874,37.57625],[129.12263,37.55653],[129.11958,37.5407],[129.11458,37.55125],[129.11264,37.54014],[129.1293,37.51181],[129.14764,37.49958],[129.13486,37.50319],[129.13597,37.49542],[129.12514,37.48986],[129.14487,37.49597],[129.19069,37.45181],[129.19431,37.43125],[129.19153,37.43347],[129.18097,37.4318],[129.17319,37.4357],[129.17236,37.43486],[129.18069,37.43069],[129.19208,37.43208],[129.19958,37.41375],[129.23569,37.38903],[129.23459,37.38236],[129.23848,37.39014],[129.25986,37.38097],[129.25153,37.36319],[129.26764,37.34458],[129.26764,37.32319],[129.29903,37.31125],[129.30292,37.29042],[129.32097,37.28986],[129.32568878170412,37.284858194311454],[129.32513,37.28403],[129.32791,37.28236],[129.32793455994502,37.282477718357086],[129.33014,37.28014]]],[[[129.32625,37.28569],[129.3282,37.28375],[129.32793455994502,37.282477718357086],[129.32568878170412,37.284858194311454],[129.32625,37.28569]]],[[[128.74208,38.00542],[128.74181,38.00764],[128.74319,38.00792],[128.74458,38.00681],[128.74208,38.00542]]],[[[128.6118,38.19736],[128.61208,38.19875],[128.61487,38.19875],[128.61487,38.19653],[128.6118,38.19736]]],[[[128.58098,38.25403],[128.5782,38.25375],[128.57848,38.25514],[128.57986,38.25542],[128.58098,38.25403]]],[[[128.54652,38.31292],[128.54486,38.31208],[128.54431,38.31403],[128.54597,38.31375],[128.54652,38.31292]]],[[[128.5368,38.33569],[128.53708,38.33403],[128.53014,38.33486],[128.53348,38.33708],[128.5368,38.33569]]],[[[128.44292,38.48486],[128.44347,38.48792],[128.44542,38.48764],[128.44514,38.48542],[128.44292,38.48486]]],[[[128.40875,38.55931],[128.40848,38.56236],[128.40987,38.56264],[128.41069,38.56014],[128.40875,38.55931]]]]}},{"type":"Feature","properties":{"id":"gwangju","label":"광주","selectable":false,"labelAnchor":[126.85383937962787,35.13469872265334],"nameEn":"Gwangju"},"geometry":{"type":"Polygon","coordinates":[[[126.91563,35.22182],[126.86708,35.21587],[126.85611,35.19564],[126.84009,35.1911],[126.81685,35.19353],[126.77643,35.21833],[126.76646,35.2166],[126.74286,35.18703],[126.70251,35.17511],[126.67513,35.13666],[126.67371,35.1095],[126.67742,35.10315],[126.77871,35.08205],[126.79966,35.04747],[126.85933,35.0547],[126.89784,35.04301],[126.91914,35.07291],[127.0061,35.08771],[127.03046,35.13985],[127.0285,35.15266],[126.9707,35.17007],[126.97333,35.18573],[126.96391,35.20564],[126.91563,35.22182]]]}},{"type":"Feature","properties":{"id":"gyeonggi","label":"경기","selectable":false,"labelAnchor":[127.18504601931541,37.490629745867],"nameEn":"Gyeonggi-do"},"geometry":{"type":"MultiPolygon","coordinates":[[[[126.62125,37.12014],[126.62681,37.1193],[126.61014,37.11736],[126.61514,37.12542],[126.62125,37.12014]]],[[[126.63236,37.17569],[126.61875,37.15903],[126.61569,37.17375],[126.62097,37.17847],[126.63236,37.17569]]],[[[126.63292,37.18625],[126.63097,37.18625],[126.63264,37.18819],[126.63375,37.18819],[126.63292,37.18625]]],[[[126.57347,37.20236],[126.57347,37.20319],[126.57708,37.20292],[126.57764,37.20236],[126.57347,37.20236]]],[[[126.5257,37.24569],[126.51153,37.25458],[126.51791,37.26181],[126.53403,37.24792],[126.53291,37.22764],[126.52402,37.23514],[126.51097,37.22847],[126.5257,37.23764],[126.5257,37.24569]]],[[[126.65569,37.24875],[126.6532,37.23958],[126.64902,37.24403],[126.65125,37.25097],[126.65569,37.24875]]],[[[126.63153,37.24958],[126.62764,37.24847],[126.6282,37.24986],[126.63014,37.25042],[126.63153,37.24958]]],[[[126.50847,37.27014],[126.50625,37.26625],[126.50708,37.27625],[126.50819,37.27653],[126.50847,37.27014]]],[[[126.66736,37.27458],[126.67292,37.28264],[126.68042,37.28292],[126.67986,37.27458],[126.66736,37.27458]]],[[[126.60458,37.31514],[126.6057,37.31736],[126.60764,37.31653],[126.60653,37.3143],[126.60458,37.31514]]],[[[126.53848,37.77736],[126.53958,37.77486],[126.53014,37.77792],[126.53542,37.77903],[126.53848,37.77736]]],[[[126.72958,37.01264],[126.72847,37.01125],[126.72708,37.01153],[126.72764,37.01403],[126.72958,37.01264]]],[[[126.74153,37.01347],[126.73903,37.01431],[126.7393,37.01514],[126.74097,37.01486],[126.74153,37.01347]]],[[[126.74181,37.03847],[126.73653,37.03931],[126.73708,37.04042],[126.73903,37.04014],[126.74181,37.03847]]],[[[126.72764,37.04542],[126.72931,37.04708],[126.7307,37.04708],[126.73236,37.04486],[126.72764,37.04542]]],[[[126.71958,37.0493],[126.72041,37.04597],[126.72569,37.0443],[126.7218,37.04375],[126.71931,37.04597],[126.71958,37.0493]]],[[[126.73681,37.1118],[126.72958,37.11125],[126.73097,37.11319],[126.73514,37.11319],[126.73681,37.1118]]],[[[126.67597,37.25792],[126.67653,37.25903],[126.67792,37.25875],[126.67819,37.25681],[126.67597,37.25792]]],[[[126.76681,37.25903],[126.76236,37.26014],[126.76431,37.26181],[126.76625,37.26069],[126.76681,37.25903]]],[[[126.73319,37.28347],[126.73847,37.28931],[126.74375,37.28903],[126.74597,37.28264],[126.73319,37.28347]]],[[[127.09131,38.09833],[127.08891,38.09224],[127.1015,38.08252],[127.17699,38.07257],[127.19733,38.07672],[127.22888,38.08929],[127.29608,38.1347],[127.31128,38.1281],[127.27089,38.07484],[127.28308,38.0553],[127.32122,38.07151],[127.35089,38.06445],[127.36011,38.04205],[127.39229,38.06984],[127.43329,38.05029],[127.45527,38.07151],[127.46124,38.0692],[127.47528,37.99409],[127.49544,37.95043],[127.55618,37.94511],[127.56812,37.90445],[127.61351,37.90152],[127.60827,37.83173],[127.57611,37.80328],[127.53964,37.78804],[127.5343,37.74847],[127.54184,37.70447],[127.51908,37.67403],[127.54968,37.66248],[127.55084,37.62372],[127.5423,37.60992],[127.554,37.59687],[127.57563,37.58854],[127.61462,37.59408],[127.71803,37.54325],[127.74605,37.53944],[127.77185,37.52386],[127.81733,37.52686],[127.82788,37.51208],[127.82593,37.49969],[127.77504,37.45045],[127.7795,37.4375],[127.80624,37.41772],[127.80829,37.3847],[127.79744,37.33589],[127.78084,37.31044],[127.78641,37.2251],[127.77622,37.21256],[127.7565,37.2059],[127.73499,37.16351],[127.67511,37.09675],[127.66019,37.09],[127.63808,37.09921],[127.6283,37.0473],[127.60822,37.01672],[127.57031,37.01251],[127.56456,36.9895],[127.55698,36.9856],[127.48389,36.99811],[127.47296,36.99289],[127.44922,36.96451],[127.40219,36.94888],[127.37769,36.90833],[127.29819,36.88882],[127.28079,36.8786],[127.26831,36.85291],[127.20531,36.89249],[127.11997,36.92511],[127.0936,36.92291],[127.0791,36.90915],[127.0332,36.9006],[126.97809,36.90668],[126.91077,36.89486],[126.90514,36.92458],[126.89208,36.93514],[126.83569,36.92792],[126.86708,36.93347],[126.86236,36.94931],[126.84209,36.95597],[126.82486,36.99125],[126.78931,36.99375],[126.77375,37.00347],[126.79708,37.00875],[126.79403,37.02653],[126.74847,37.0293],[126.74486,37.04292],[126.75486,37.05514],[126.70069,37.09847],[126.75736,37.05542],[126.76625,37.09625],[126.7607,37.1193],[126.78208,37.13569],[126.7932,37.12958],[126.80764,37.14069],[126.81625,37.13764],[126.80653,37.14625],[126.82848,37.15125],[126.77903,37.15181],[126.8018,37.16292],[126.79181,37.18319],[126.77708,37.16514],[126.75014,37.16708],[126.7282,37.1382],[126.69264,37.12208],[126.68847,37.10847],[126.67958,37.11514],[126.68153,37.13014],[126.66792,37.13708],[126.69153,37.15514],[126.64986,37.15403],[126.66125,37.16347],[126.64875,37.18403],[126.66097,37.19653],[126.67597,37.1968],[126.6657,37.20986],[126.6757,37.22458],[126.66597,37.22958],[126.6618,37.2443],[126.67986,37.24736],[126.68764,37.26292],[126.72542,37.25653],[126.72903,37.24736],[126.75708,37.25458],[126.76347,37.22903],[126.75736,37.22319],[126.77125,37.21569],[126.79486,37.24403],[126.78792,37.24569],[126.79764,37.25292],[126.78986,37.26764],[126.81014,37.2668],[126.80014,37.27764],[126.80375,37.28431],[126.81319,37.28708],[126.81153,37.2793],[126.8318,37.27514],[126.84847,37.25819],[126.85902,37.27319],[126.8457,37.26958],[126.81653,37.29736],[126.78375,37.29403],[126.68459,37.33236],[126.61597,37.31347],[126.58208,37.29458],[126.57125,37.2793],[126.59375,37.26236],[126.61708,37.25903],[126.62375,37.23625],[126.65153,37.22486],[126.64875,37.21181],[126.65514,37.21097],[126.64597,37.2057],[126.6468,37.19125],[126.64069,37.19653],[126.64625,37.21097],[126.62847,37.21736],[126.62236,37.23542],[126.61181,37.21792],[126.61403,37.20736],[126.58208,37.22042],[126.56264,37.19181],[126.5518,37.20514],[126.53431,37.19931],[126.54569,37.20847],[126.54264,37.21569],[126.55542,37.21569],[126.54014,37.2282],[126.56319,37.23958],[126.55764,37.2482],[126.56403,37.25653],[126.53236,37.28931],[126.56292,37.27764],[126.57653,37.28931],[126.57153,37.29764],[126.57819,37.29403],[126.61236,37.3143],[126.69153,37.33597],[126.68847,37.34875],[126.7382,37.37097],[126.74236,37.38375],[126.73375,37.38903],[126.74319,37.39791],[126.7857,37.39208],[126.76764,37.39653],[126.77153,37.40264],[126.75097,37.40153],[126.75569,37.41588],[126.76971,37.43488],[126.76986,37.51542],[126.79379,37.51077],[126.8153,37.52],[126.82373,37.50708],[126.82104,37.46989],[126.8697,37.45543],[126.89619,37.43833],[126.93969,37.43491],[126.97088,37.44565],[127.02078,37.44852],[127.03168,37.44629],[127.0437,37.42212],[127.06073,37.41528],[127.09418,37.42881],[127.13748,37.43441],[127.15614,37.45626],[127.14503,37.49462],[127.17089,37.5173],[127.1571,37.53502],[127.12569,37.53687],[127.11792,37.62109],[127.10036,37.65018],[127.08029,37.65912],[127.06171,37.65409],[127.01611,37.66309],[126.9659,37.63212],[126.93872,37.63312],[126.90393,37.62207],[126.87711,37.57316],[126.85107,37.56848],[126.82349,37.58069],[126.79327,37.5603],[126.69891,37.58868],[126.62793,37.57568],[126.58125,37.57986],[126.55959,37.60069],[126.53152,37.65403],[126.54403,37.66292],[126.52736,37.67292],[126.53264,37.69903],[126.52125,37.71569],[126.53042,37.74958],[126.51875,37.76431],[126.54097,37.77042],[126.54375,37.78083],[126.56513,37.76733],[126.60282,37.7629],[126.63534,37.78359],[126.66711,37.78506],[126.68924,37.85895],[126.69527,37.91129],[126.68578,37.95237],[126.784,37.96796],[126.85652,38.03467],[126.88202,38.09124],[126.97116,38.14318],[126.96199,38.1579],[126.96451,38.18052],[126.98715,38.20691],[126.98503,38.20043],[127.02032,38.15124],[127.0965,38.15393],[127.09272,38.11926],[127.11386,38.11183],[127.09131,38.09833]]]]}},{"type":"Feature","properties":{"id":"gyeongbuk","label":"경북","selectable":false,"labelAnchor":[128.74936083882565,36.314475250901886],"nameEn":"Gyeongsangbuk-do"},"geometry":{"type":"MultiPolygon","coordinates":[[[[129.42291,36.01847],[129.4218,36.01875],[129.42236,36.01569],[129.42403,36.01792],[129.42291,36.01847]]],[[[129.4032,36.15597],[129.40263,36.15458],[129.40431,36.15375],[129.40459,36.15486],[129.4032,36.15597]]],[[[129.45226,35.61486],[129.44153,35.64431],[129.44958,35.64764],[129.4532,35.66459],[129.46597,35.6657],[129.46597,35.67958],[129.4782,35.69069],[129.47264,35.70375],[129.48264,35.70903],[129.4843,35.74347],[129.49542,35.75208],[129.49847,35.77153],[129.49181,35.78792],[129.5018,35.79292],[129.50487,35.80819],[129.5132,35.8068],[129.50931,35.82403],[129.52235,35.83681],[129.5193,35.84875],[129.53542,35.87042],[129.51848,35.87431],[129.52319,35.88153],[129.52875,35.87542],[129.52542,35.89486],[129.53458,35.90125],[129.51848,35.92903],[129.53098,35.93125],[129.53958,35.94903],[129.54958,35.95181],[129.54764,35.96431],[129.55597,35.96764],[129.55208,35.97903],[129.55902,35.98347],[129.55264,35.98625],[129.56847,35.98958],[129.56653,35.99708],[129.58458,36.01653],[129.57736,36.02458],[129.58403,36.04597],[129.57124,36.07819],[129.56152,36.07875],[129.55875,36.08736],[129.54709,36.08569],[129.53348,36.05792],[129.52403,36.05847],[129.50348,36.03653],[129.50291,36.02514],[129.45876,36.00375],[129.45013,35.99097],[129.4207,35.99958],[129.41624,36.00625],[129.42375,36.01347],[129.41792,36.01792],[129.40819,36.00986],[129.39319,36.01264],[129.40764,36.02903],[129.43153,36.03069],[129.40402,36.03875],[129.38625,36.02875],[129.37598,36.05014],[129.3707,36.03875],[129.3732,36.05042],[129.37791,36.05097],[129.38208,36.04903],[129.38264,36.06292],[129.41931,36.07458],[129.41736,36.08708],[129.43015,36.09625],[129.43597,36.11347],[129.40015,36.13097],[129.39514,36.18264],[129.38042,36.18792],[129.37152,36.20153],[129.38736,36.22264],[129.38153,36.22986],[129.38625,36.24042],[129.3732,36.25292],[129.38181,36.27431],[129.37459,36.28597],[129.37958,36.33208],[129.38931,36.35708],[129.38069,36.3582],[129.37625,36.37986],[129.38431,36.3732],[129.38153,36.35875],[129.39153,36.35847],[129.4368,36.42681],[129.43347,36.4818],[129.44569,36.48903],[129.45348,36.50903],[129.44403,36.51292],[129.44098,36.55236],[129.42986,36.56486],[129.42041,36.5568],[129.42041,36.56292],[129.42403,36.56708],[129.40958,36.59347],[129.41681,36.60125],[129.41264,36.62264],[129.43791,36.67097],[129.45876,36.68125],[129.45764,36.67208],[129.47765,36.69931],[129.4718,36.72125],[129.47736,36.73347],[129.47069,36.73431],[129.46764,36.75764],[129.47874,36.76792],[129.44569,36.82681],[129.45264,36.82458],[129.42152,36.86319],[129.41515,36.88903],[129.42097,36.89597],[129.41542,36.90736],[129.42014,36.95125],[129.41319,36.96903],[129.40015,36.96486],[129.41986,36.99292],[129.40987,37.02264],[129.41792,37.03486],[129.41486,37.05431],[129.43181,37.05736],[129.37625,37.10181],[129.37486,37.13597],[129.35126,37.16486],[129.35239,37.15579],[129.31259,37.12122],[129.27341,37.10419],[129.2467,37.0755],[129.24561,37.02139],[129.23581,37.013],[129.18118,37.01828],[129.11768,37.05688],[129.0979,37.04819],[129.0733,37.0191],[129.03149,37.03308],[128.97229,37.03601],[128.93649,37.05006],[128.92853,37.03088],[128.88391,37.03281],[128.8255,37.0603],[128.76439,37.07503],[128.75711,37.0712],[128.78009,37.04187],[128.77974,37.02856],[128.74667,37.02521],[128.7363,37.00888],[128.68872,37.02271],[128.64468,37.01654],[128.633,37.00272],[128.59589,37.00488],[128.57068,36.99573],[128.54871,36.9588],[128.50809,36.94632],[128.4967,36.9281],[128.4429,36.89648],[128.41914,36.85236],[128.43549,36.8222],[128.43213,36.79688],[128.40271,36.7749],[128.37091,36.78207],[128.34332,36.76852],[128.29849,36.77802],[128.28448,36.7937],[128.25916,36.7991],[128.24864,36.82402],[128.23547,36.8327],[128.20569,36.80151],[128.19891,36.7728],[128.13452,36.78113],[128.12451,36.79639],[128.0979,36.76508],[128.07761,36.7666],[128.05754,36.78069],[128.04251,36.75519],[128.02441,36.74371],[128.02051,36.7113],[128.05655,36.68433],[128.0542,36.67621],[127.9525,36.69778],[127.88589,36.64468],[127.8847,36.63751],[127.91177,36.62979],[127.91412,36.59486],[127.89722,36.57788],[127.88894,36.57543],[127.86292,36.5986],[127.84238,36.6059],[127.82403,36.57994],[127.78882,36.5752],[127.79578,36.5474],[127.84982,36.53254],[127.88651,36.47645],[127.87881,36.46512],[127.8521,36.457],[127.84984,36.44615],[127.86108,36.42911],[127.84439,36.36209],[127.84738,36.35263],[127.8608,36.34816],[127.85856,36.33857],[127.86983,36.32472],[127.82831,36.28229],[127.82896,36.25045],[127.85229,36.24521],[127.88229,36.25079],[127.92792,36.22607],[127.98029,36.23029],[128.01181,36.22229],[128.0166,36.18979],[128.03571,36.16968],[128.02182,36.155],[127.98682,36.16629],[127.9649,36.15289],[127.96051,36.1431],[127.97549,36.1145],[127.9711,36.09219],[127.94989,36.07611],[127.94373,36.03052],[127.905,36.02621],[127.88031,36.0123],[127.87929,36.00213],[127.91852,35.9411],[127.91529,35.87199],[127.92538,35.85489],[127.95093,35.84711],[127.96741,35.82651],[128.05829,35.82208],[128.13281,35.7872],[128.1441,35.75787],[128.21143,35.70053],[128.21518,35.67682],[128.19688,35.6367],[128.23071,35.6095],[128.25568,35.59949],[128.33218,35.61588],[128.39008,35.59729],[128.41724,35.57499],[128.43575,35.58686],[128.4411,35.6077],[128.39278,35.66399],[128.41028,35.66748],[128.4411,35.65869],[128.45749,35.66591],[128.46114,35.68348],[128.42641,35.70275],[128.42072,35.72968],[128.44431,35.7717],[128.48914,35.77512],[128.48749,35.78888],[128.46689,35.80191],[128.41412,35.81787],[128.40808,35.83051],[128.41206,35.8556],[128.4342,35.87299],[128.47501,35.88361],[128.47971,35.85751],[128.5047,35.84472],[128.53329,35.87289],[128.5434,35.91171],[128.5817,35.92728],[128.617,35.9623],[128.68271,35.9682],[128.7207,35.95581],[128.73929,35.93051],[128.73242,35.89441],[128.72321,35.8891],[128.75241,35.8674],[128.76071,35.84531],[128.75439,35.7988],[128.73299,35.79311],[128.724,35.76981],[128.6889,35.72989],[128.69843,35.7085],[128.6933,35.6897],[128.67543,35.67171],[128.65366,35.66229],[128.62329,35.66449],[128.62946,35.67706],[128.61819,35.69201],[128.55763,35.66991],[128.5461,35.63231],[128.55606,35.60935],[128.56929,35.59851],[128.58173,35.56628],[128.62189,35.53748],[128.64868,35.5365],[128.69012,35.54932],[128.74652,35.53851],[128.77972,35.52252],[128.84772,35.5509],[128.88751,35.58929],[128.92108,35.58911],[128.98328,35.56873],[129.02568,35.58931],[129.03931,35.6067],[129.07251,35.60229],[129.07648,35.61792],[129.06512,35.64508],[129.06909,35.65167],[129.13208,35.67969],[129.17366,35.67786],[129.24985,35.6566],[129.24829,35.62567],[129.2757,35.6095],[129.31891,35.60632],[129.33765,35.63147],[129.42029,35.60669],[129.44771,35.60516],[129.45226,35.61486]]],[[[130.93791,37.53236],[130.93459,37.52792],[130.9393,37.52403],[130.94041,37.53181],[130.93791,37.53236]]],[[[130.92291,37.54292],[130.92319,37.54514],[130.91792,37.54375],[130.92125,37.54125],[130.92291,37.54292]]],[[[130.89291,37.54764],[130.89209,37.54736],[130.89209,37.54625],[130.89375,37.54653],[130.89291,37.54764]]],[[[130.90875,37.54764],[130.8232,37.53014],[130.80208,37.51875],[130.79292,37.52347],[130.79236,37.51347],[130.80458,37.50375],[130.8018,37.48347],[130.8107,37.47375],[130.87486,37.45292],[130.88513,37.47153],[130.9207,37.48514],[130.91347,37.48847],[130.91763,37.51514],[130.90819,37.52764],[130.91959,37.5407],[130.90875,37.54764]]]]}},{"type":"Feature","properties":{"id":"gyeongnam","label":"경남","selectable":false,"labelAnchor":[128.27662101265622,35.300525629532316],"nameEn":"Gyeongsangnam-do"},"geometry":{"type":"MultiPolygon","coordinates":[[[[127.95069,34.67625],[127.94791,34.67458],[127.9482,34.67653],[127.95014,34.67708],[127.95069,34.67625]]],[[[128.03375,34.69042],[128.03264,34.69347],[128.0368,34.69431],[128.03708,34.69236],[128.03375,34.69042]]],[[[128.02097,34.69569],[128.02403,34.69792],[128.02597,34.69764],[128.02515,34.69542],[128.02097,34.69569]]],[[[128.02902,34.69708],[128.0318,34.69736],[128.03403,34.69931],[128.03458,34.69569],[128.02902,34.69708]]],[[[127.99541,34.70347],[127.99709,34.70542],[127.99764,34.70514],[127.99792,34.70292],[127.99541,34.70347]]],[[[127.98569,34.7043],[127.98347,34.70403],[127.98319,34.70542],[127.98514,34.70514],[127.98569,34.7043]]],[[[127.93291,34.72736],[127.93653,34.73069],[127.94153,34.73069],[127.94292,34.72319],[127.93291,34.72736]]],[[[127.83652,34.80792],[127.81347,34.83319],[127.80736,34.85792],[127.81847,34.87514],[127.82875,34.87569],[127.83319,34.89153],[127.82486,34.90264],[127.83208,34.89708],[127.84264,34.89847],[127.84209,34.90653],[127.86236,34.90208],[127.85152,34.91042],[127.85902,34.92181],[127.85458,34.92792],[127.86597,34.93125],[127.87041,34.94208],[127.89347,34.94653],[127.91681,34.9357],[127.91875,34.94264],[127.92542,34.94014],[127.92152,34.93264],[127.93097,34.92486],[127.92403,34.92708],[127.92542,34.89153],[127.91716264400793,34.88900245199735],[127.91708,34.88903],[127.91702154621963,34.88895926245419],[127.9018,34.8843],[127.89819,34.87125],[127.91541,34.84792],[127.91153,34.83764],[127.94458,34.82847],[127.94458,34.80875],[127.96264,34.80653],[127.95903,34.81403],[127.99903,34.83319],[128.02959,34.83458],[128.0407,34.82208],[128.05042,34.82764],[128.06569,34.81847],[128.06514,34.80014],[128.05264,34.80069],[128.05792,34.79125],[128.04958,34.78181],[128.05875,34.75097],[128.03403,34.72458],[128.06041,34.70903],[128.0193,34.70181],[128.02625,34.71875],[128.01625,34.72403],[128.00735,34.7207],[128.00764,34.71125],[127.98903,34.72097],[127.98402,34.70847],[127.9568,34.70903],[127.94375,34.74653],[127.95486,34.77264],[127.95042,34.77736],[127.9043,34.76569],[127.9118,34.73347],[127.88931,34.72181],[127.85764,34.72736],[127.86208,34.73375],[127.85069,34.73736],[127.85264,34.74792],[127.83681,34.74875],[127.83919357773402,34.76015318293835],[127.8393,34.76014],[127.83924128122793,34.7603813993963],[127.8407,34.76736],[127.85208,34.76958],[127.83403,34.79542],[127.83652,34.80792]]],[[[127.91792,34.88875],[127.91708,34.88736],[127.9157,34.88736],[127.91702154621963,34.88895926245419],[127.91716264400793,34.88900245199735],[127.91792,34.88875]]],[[[127.83486,34.76069],[127.83569,34.76153],[127.83903,34.76125],[127.83924128122793,34.7603813993963],[127.83919357773402,34.76015318293835],[127.83486,34.76069]]],[[[127.8382,34.77486],[127.83958,34.77653],[127.84209,34.77625],[127.84125,34.77431],[127.8382,34.77486]]],[[[127.8318,34.78403],[127.83125,34.7868],[127.83264,34.78708],[127.83319,34.78458],[127.8318,34.78403]]],[[[128.03264,34.84099],[128.02708,34.84153],[128.02681,34.84319],[128.03098,34.84264],[128.03264,34.84099]]],[[[128.02319,34.83958],[128.02126,34.84153],[128.02208,34.84486],[128.0218,34.84264],[128.02319,34.83958]]],[[[128.06541,34.86153],[128.05736,34.85931],[128.05376,34.85236],[128.0618,34.85514],[128.06041,34.84486],[128.0757,34.84486],[128.08708,34.82792],[128.04625,34.83569],[128.02208,34.84903],[128.01875,34.83847],[128.00403,34.83569],[127.96931,34.84347],[127.96347,34.87153],[127.99069,34.89403],[127.99625,34.91069],[128.03041,34.92236],[128.01013,34.86708],[128.02374,34.86458],[128.02235,34.88264],[128.03625,34.89791],[128.03735,34.8918],[128.0468,34.8968],[128.04124,34.88903],[128.0668,34.87375],[128.06541,34.86153]]],[[[127.82347,34.88153],[127.81986,34.88292],[127.82097,34.88458],[127.82291,34.8843],[127.82347,34.88153]]],[[[127.9882,34.90097],[127.98792,34.90236],[127.98875,34.90236],[127.98959,34.90153],[127.9882,34.90097]]],[[[127.93958,34.91097],[127.93681,34.91125],[127.93681,34.91292],[127.93903,34.91208],[127.93958,34.91097]]],[[[127.82875,34.92458],[127.83514,34.92625],[127.8343,34.92486],[127.83403,34.92458],[127.82875,34.92458]]],[[[127.83986,34.92375],[127.8393,34.92764],[127.84014,34.92764],[127.84014,34.92569],[127.83986,34.92375]]],[[[128.03125,34.92681],[128.02847,34.92625],[128.02931,34.92847],[128.03098,34.9282],[128.03125,34.92681]]],[[[127.9343,34.92708],[127.93542,34.92903],[127.93736,34.92903],[127.93708,34.92736],[127.9343,34.92708]]],[[[127.94125,34.9282],[127.94041,34.92958],[127.94264,34.93069],[127.94375,34.92931],[127.94125,34.9282]]],[[[127.8382,34.92931],[127.83708,34.93208],[127.83875,34.93292],[127.84042,34.93014],[127.8382,34.92931]]],[[[127.8307,34.92764],[127.82903,34.93292],[127.83403,34.93875],[127.83459,34.92847],[127.8307,34.92764]]],[[[128.03209,34.9318],[128.02792,34.93542],[128.0307,34.93819],[128.03403,34.93625],[128.03209,34.9318]]],[[[127.78181,34.93681],[127.7768,34.94014],[127.78375,34.94236],[127.78291,34.93847],[127.78181,34.93681]]],[[[127.81292,34.93986],[127.8093,34.93958],[127.80875,34.94264],[127.80959,34.94125],[127.81292,34.93986]]],[[[128.02931,34.94208],[128.02986,34.94542],[128.03098,34.94542],[128.03236,34.9432],[128.02931,34.94208]]],[[[127.83875,34.94736],[127.83875,34.95042],[127.83958,34.94931],[127.84042,34.94792],[127.83875,34.94736]]],[[[127.90125,34.95792],[127.90208,34.95958],[127.9032,34.9593],[127.90347,34.95792],[127.90125,34.95792]]],[[[127.96931,34.96125],[127.97014,34.96236],[127.97208,34.96236],[127.97153,34.96014],[127.96931,34.96125]]],[[[127.9493,34.96125],[127.94708,34.96292],[127.94847,34.96403],[127.94958,34.96264],[127.9493,34.96125]]],[[[127.96486,34.96069],[127.96069,34.96097],[127.96069,34.96403],[127.96458,34.96625],[127.96486,34.96069]]],[[[127.91736,34.96986],[127.9157,34.97153],[127.91681,34.97264],[127.91792,34.97097],[127.91736,34.96986]]],[[[127.98847,34.97319],[127.9957,34.96764],[127.96931,34.9668],[127.96208,34.97125],[127.96542,34.98292],[127.98347,34.97347],[127.9807,34.96903],[127.98847,34.97319]]],[[[127.99375,34.97236],[127.99347,34.97514],[127.99625,34.97792],[127.99847,34.97375],[127.99375,34.97236]]],[[[127.92208,34.97514],[127.91431,34.97569],[127.91792,34.97625],[127.92181,34.97569],[127.92208,34.97514]]],[[[127.93931,34.97681],[127.93486,34.97709],[127.93569,34.97903],[127.93931,34.97764],[127.93931,34.97681]]],[[[127.91486,34.97764],[127.91486,34.97958],[127.91625,34.97986],[127.91764,34.9782],[127.91486,34.97764]]],[[[127.99931,34.98069],[127.99958,34.98208],[128.00014,34.98208],[128.00014,34.98069],[127.99931,34.98069]]],[[[127.92347,34.97958],[127.92042,34.98292],[127.92236,34.98486],[127.92347,34.98403],[127.92347,34.97958]]],[[[127.96625,34.98292],[127.96486,34.98792],[127.96764,34.99014],[127.9707,34.98403],[127.96625,34.98292]]],[[[128.00264,35.03569],[128.00264,35.03792],[128.00487,35.03875],[128.00569,35.03653],[128.00264,35.03569]]],[[[128.17708,34.55792],[128.18347,34.56236],[128.18541,34.57236],[128.18903,34.56375],[128.17708,34.55792]]],[[[128.30959,34.61514],[128.29875,34.61792],[128.30458,34.62486],[128.30597,34.62431],[128.30959,34.61514]]],[[[128.2307,34.61736],[128.24265,34.62347],[128.2343,34.62847],[128.23708,34.63514],[128.22792,34.6307],[128.22319,34.63708],[128.23486,34.64042],[128.22765,34.64903],[128.24542,34.65264],[128.2757,34.63931],[128.26514,34.63319],[128.27515,34.62486],[128.28514,34.63931],[128.29958,34.6382],[128.28792,34.62764],[128.28958,34.61958],[128.2632,34.62708],[128.23541,34.61125],[128.2307,34.61736]]],[[[128.25792,34.66042],[128.25819,34.66097],[128.26097,34.66069],[128.2607,34.65931],[128.25792,34.66042]]],[[[128.24347,34.66431],[128.24347,34.66681],[128.25542,34.66764],[128.25348,34.6618],[128.24347,34.66431]]],[[[128.26764,34.66486],[128.26541,34.66681],[128.2657,34.66792],[128.26791,34.66597],[128.26764,34.66486]]],[[[128.22958,34.67208],[128.23209,34.67708],[128.25153,34.68014],[128.25958,34.67319],[128.22958,34.67208]]],[[[128.22237,34.67347],[128.2182,34.67875],[128.21959,34.68014],[128.22153,34.67958],[128.22237,34.67347]]],[[[128.26764,34.67847],[128.2607,34.68069],[128.2632,34.6818],[128.26709,34.67986],[128.26764,34.67847]]],[[[128.06403,34.67958],[128.0582,34.68125],[128.06041,34.68292],[128.06264,34.68236],[128.06403,34.67958]]],[[[128.05624,34.68458],[128.05542,34.68708],[128.05681,34.68708],[128.05736,34.68486],[128.05624,34.68458]]],[[[128.05208,34.68125],[128.04514,34.68097],[128.04375,34.68819],[128.0493,34.69125],[128.05208,34.68125]]],[[[128.27959,34.68708],[128.2807,34.68903],[128.28514,34.69069],[128.28764,34.68764],[128.27959,34.68708]]],[[[128.06013,34.68792],[128.05376,34.69014],[128.05736,34.69125],[128.06013,34.6893],[128.06013,34.68792]]],[[[128.0607,34.69347],[128.0582,34.69431],[128.05931,34.69542],[128.06097,34.69458],[128.0607,34.69347]]],[[[128.04709,34.69486],[128.04987,34.69958],[128.06403,34.70042],[128.05486,34.69375],[128.04709,34.69486]]],[[[128.19431,34.6857],[128.19514,34.69208],[128.17236,34.69597],[128.16763,34.70625],[128.17792,34.71097],[128.19986,34.70625],[128.20291,34.69042],[128.19431,34.6857]]],[[[128.05458,34.71875],[128.05125,34.71958],[128.05319,34.72181],[128.05515,34.72014],[128.05458,34.71875]]],[[[128.06541,34.73931],[128.05931,34.73958],[128.05959,34.7407],[128.06403,34.74181],[128.06541,34.73931]]],[[[128.07069,34.75014],[128.07014,34.75431],[128.07375,34.75681],[128.07375,34.75069],[128.07069,34.75014]]],[[[128.29652,34.76292],[128.30902,34.75653],[128.2993,34.7518],[128.30319,34.74486],[128.28291,34.75486],[128.29652,34.76292]]],[[[128.24959,34.7943],[128.24986,34.79542],[128.2518,34.79542],[128.2518,34.7943],[128.24959,34.7943]]],[[[128.25764,34.79958],[128.25569,34.80403],[128.25681,34.80542],[128.25792,34.8032],[128.25764,34.79958]]],[[[128.2068,34.82708],[128.21625,34.83903],[128.23708,34.84097],[128.24181,34.82986],[128.26625,34.81625],[128.25626,34.80819],[128.23903,34.81097],[128.24763,34.79958],[128.24181,34.79458],[128.19931,34.8182],[128.20097,34.82514],[128.21513,34.82125],[128.2068,34.82708]]],[[[128.17403,34.82014],[128.17625,34.82208],[128.17819,34.8218],[128.17792,34.81903],[128.17403,34.82014]]],[[[128.1443,34.83097],[128.14125,34.82403],[128.12514,34.82958],[128.13403,34.83569],[128.1443,34.83097]]],[[[128.15958,34.83486],[128.15709,34.83653],[128.15848,34.83764],[128.16014,34.83653],[128.15958,34.83486]]],[[[128.20653,34.84292],[128.19542,34.82847],[128.18208,34.82653],[128.18375,34.83653],[128.16847,34.84042],[128.16763,34.85209],[128.20042,34.86014],[128.23291,34.84486],[128.20653,34.84292]]],[[[128.24208,34.87569],[128.24265,34.87903],[128.24458,34.87875],[128.2457,34.87736],[128.24208,34.87569]]],[[[128.24625,34.8807],[128.24625,34.88181],[128.25209,34.88181],[128.2507,34.88014],[128.24625,34.8807]]],[[[128.18153,34.88458],[128.17625,34.88597],[128.17903,34.88653],[128.18124,34.88625],[128.18153,34.88458]]],[[[128.18181,34.88875],[128.17876,34.88736],[128.17819,34.89125],[128.17958,34.89069],[128.18181,34.88875]]],[[[128.27902,34.89014],[128.27986,34.89292],[128.2807,34.89153],[128.2818,34.89014],[128.27902,34.89014]]],[[[128.25041,34.89097],[128.2493,34.89653],[128.25291,34.89569],[128.25514,34.89403],[128.25041,34.89097]]],[[[128.0757,34.90903],[128.08376,34.90875],[128.07848,34.90458],[128.08319,34.8968],[128.07402,34.88597],[128.0757,34.90903]]],[[[128.25458,34.90569],[128.25291,34.90597],[128.25348,34.9082],[128.25514,34.90708],[128.25458,34.90569]]],[[[128.20653,34.90653],[128.20653,34.90958],[128.20764,34.90903],[128.20847,34.90764],[128.20653,34.90653]]],[[[128.26293322266002,34.9179818159007],[128.2637589720415,34.91630639624026],[128.26347,34.91514],[128.2607,34.91681],[128.26208,34.91847],[128.26293322266002,34.9179818159007]]],[[[128.25735,34.92931],[128.26167642791904,34.92952379473095],[128.26181,34.9282],[128.2632,34.9282],[128.2633743773249,34.92960770058659],[128.26848,34.92986],[128.26709,34.93958],[128.24875,34.94208],[128.2457,34.93597],[128.23987,34.94514],[128.19624,34.93708],[128.20459,34.92597],[128.19681,34.91236],[128.2007,34.8932],[128.18709,34.89347],[128.1882,34.90597],[128.18263,34.89514],[128.17569,34.90736],[128.17653,34.89514],[128.16708,34.90208],[128.1657,34.8968],[128.15625,34.90875],[128.13235,34.88875],[128.12181,34.90486],[128.11069,34.90264],[128.10292,34.91153],[128.1207,34.92292],[128.09792,34.92014],[128.09514,34.92597],[128.08708,34.91792],[128.09013,34.92653],[128.05125,34.92903],[128.02931,34.95819],[128.05292,34.97792],[128.03819,34.99653],[128.04903,35.0168],[128.03514,35.02375],[128.04875,35.07014],[128.06097,35.07875],[128.05624,35.08847],[128.04987,35.07764],[128.03569,35.07792],[128.03876,35.09292],[128.02708,35.11069],[128.03764,35.0918],[128.03319,35.0793],[128.04208,35.07208],[128.02542,35.05542],[128.03125,35.05042],[128.02625,35.03292],[128.02042,35.02764],[128.00569,35.03292],[128.01791,35.03959],[128.01097,35.04903],[128.01125,35.03819],[127.98597,35.04625],[127.9807,35.03542],[127.9732,35.03792],[127.97875,35.03153],[127.9968,35.03764],[128.00874,35.02264],[128.00735,35.0132],[128.0193,35.01097],[128.01514,34.99153],[128.00764,34.99514],[128.00819,34.9818],[128.00542,34.98792],[127.99958,34.98347],[127.99792,34.99569],[127.99458,34.98431],[127.98569,34.98764],[127.99153,34.98125],[127.98319,34.97569],[127.96902,34.99625],[127.94736,34.98347],[127.95264,34.97597],[127.93681,34.98069],[127.94375,34.98431],[127.93181,34.99292],[127.94403,34.99931],[127.93569,34.9982],[127.94041,35.00431],[127.92403,35.0168],[127.91486,35.01292],[127.92236,35.00514],[127.91875,34.98153],[127.90847,34.98403],[127.91209,34.97264],[127.9018,34.97181],[127.89709,34.95681],[127.87875,34.94819],[127.84764,34.94653],[127.84514,34.95986],[127.83847,34.95458],[127.83319,34.96403],[127.82291,34.94097],[127.81792,34.94931],[127.78542,34.94069],[127.77135,34.96542],[127.77911,34.98114],[127.7923,34.9866],[127.78704,35.00137],[127.7684,35.0336],[127.7334,35.05402],[127.69952,35.11328],[127.67572,35.12189],[127.6615,35.1369],[127.64148,35.18188],[127.6297,35.24469],[127.61034,35.25995],[127.61712,35.26969],[127.6413,35.29108],[127.6488,35.31628],[127.64131,35.33681],[127.6452,35.35172],[127.68109,35.3598],[127.69479,35.37961],[127.62909,35.5351],[127.67599,35.59598],[127.6662,35.6424],[127.6947,35.6723],[127.6925,35.7171],[127.71649,35.75171],[127.76149,35.77429],[127.76471,35.79932],[127.77635,35.81467],[127.7981,35.80869],[127.83289,35.82471],[127.85849,35.82339],[127.91529,35.87199],[127.92538,35.85489],[127.95093,35.84711],[127.96741,35.82651],[128.05829,35.82208],[128.13281,35.7872],[128.1441,35.75787],[128.21143,35.70053],[128.21518,35.67682],[128.19688,35.6367],[128.23071,35.6095],[128.25568,35.59949],[128.33218,35.61588],[128.39008,35.59729],[128.41724,35.57499],[128.4306,35.56738],[128.48331,35.56631],[128.55606,35.60935],[128.56929,35.59851],[128.58173,35.56628],[128.62189,35.53748],[128.64868,35.5365],[128.69012,35.54932],[128.74652,35.53851],[128.77972,35.52252],[128.84772,35.5509],[128.88751,35.58929],[128.92108,35.58911],[128.98328,35.56873],[129.02568,35.58931],[129.03551,35.58205],[129.03748,35.56671],[129.01532,35.53149],[129.01784,35.51045],[129.08112,35.51111],[129.10168,35.48853],[129.1405,35.46991],[129.16711,35.43347],[129.23633,35.4129],[129.24648,35.38944],[129.20789,35.35028],[129.15527,35.34949],[129.13867,35.32251],[129.1088,35.31409],[129.0825,35.28471],[129.04871,35.27411],[129.02368,35.24908],[129.00031,35.20673],[128.94211,35.19821],[128.9292,35.20441],[128.90588,35.19067],[128.89877,35.18237],[128.90192,35.15088],[128.8443,35.14252],[128.84262,35.1268],[128.85553,35.11792],[128.85553,35.10352],[128.83308,35.08792],[128.82153,35.09708],[128.78487,35.07875],[128.79015,35.09486],[128.80208,35.09792],[128.78847,35.09764],[128.79124,35.10209],[128.78819,35.10736],[128.79124,35.11431],[128.79181,35.11847],[128.7907,35.11958],[128.77264,35.09847],[128.76236,35.10486],[128.7632,35.09375],[128.74014,35.09986],[128.72847,35.08986],[128.7243,35.09708],[128.71404,35.09514],[128.71097,35.10736],[128.69514,35.09653],[128.68541,35.10708],[128.70348,35.12375],[128.68791,35.14042],[128.68903,35.14931],[128.67041,35.14292],[128.67792,35.1268],[128.66653,35.11792],[128.65875,35.13653],[128.6557,35.13181],[128.64291,35.1382],[128.64597,35.14986],[128.6268,35.14764],[128.62209,35.13208],[128.60652,35.13708],[128.61458,35.14653],[128.60959,35.16292],[128.59264,35.17403],[128.58958,35.19958],[128.6093,35.21236],[128.61041,35.21181],[128.62375,35.21236],[128.63319,35.21819],[128.63292,35.22097],[128.58624,35.20958],[128.56514,35.18597],[128.57986,35.17292],[128.5732,35.16764],[128.57681,35.16153],[128.59152,35.15792],[128.58765,35.1468],[128.59875,35.14208],[128.58765,35.1307],[128.5757,35.13736],[128.58237,35.12847],[128.60097,35.13181],[128.58292,35.1157],[128.60014,35.11958],[128.60153,35.10236],[128.62737,35.08541],[128.60265,35.07514],[128.63542,35.0682],[128.57263,35.05292],[128.59459,35.06903],[128.58765,35.07264],[128.58041,35.0643],[128.56847,35.07014],[128.56152,35.06375],[128.56792,35.0532],[128.55569,35.0532],[128.54208,35.06903],[128.56097,35.06681],[128.56153796921558,35.07259593100193],[128.5632,35.07264],[128.56291,35.07375],[128.56165125706215,35.07375],[128.56236,35.08097],[128.58264,35.09097],[128.54625,35.09236],[128.54208,35.10181],[128.54848,35.10708],[128.53931,35.10736],[128.53792,35.11986],[128.51764,35.09792],[128.48514,35.10875],[128.48569,35.10153],[128.47485,35.09792],[128.4507,35.10569],[128.44902,35.09597],[128.47986,35.07819],[128.46848,35.08153],[128.46181,35.07125],[128.4418,35.07153],[128.42792,35.05458],[128.4157,35.05458],[128.41208,35.06236],[128.38319,35.0457],[128.36569,35.04764],[128.38264,35.03542],[128.36958,35.03125],[128.37598,35.02403],[128.35902,35.01653],[128.3593,35.01014],[128.3882,35.01708],[128.38931,35.03486],[128.39931,35.0407],[128.43875,35.0457],[128.44931,35.05236],[128.44208,35.06014],[128.44624,35.06903],[128.46042,35.06347],[128.46902,35.07597],[128.48236,35.06458],[128.47514,35.05403],[128.48264,35.05236],[128.47903,35.04625],[128.46486,35.0493],[128.46014,35.04681],[128.47319,35.03569],[128.47485,35.04153],[128.48569,35.03875],[128.48125,35.02875],[128.50209,35.01569],[128.49236,35.00486],[128.48347,35.00958],[128.47792,34.99264],[128.46347,34.99708],[128.46458,34.98819],[128.40791,34.99514],[128.40819,34.98264],[128.42876,34.98625],[128.44431,34.97653],[128.42348,34.95681],[128.42958,34.95458],[128.42514,34.93986],[128.43597,34.93097],[128.42876,34.9282],[128.42876,34.91459],[128.41792,34.91014],[128.42625,34.90347],[128.41986,34.8968],[128.4218,34.87264],[128.43292,34.87764],[128.43153,34.88847],[128.44542,34.88847],[128.4393,34.89375],[128.45125,34.90319],[128.44041,34.91375],[128.45348,34.91459],[128.46042,34.90486],[128.45403,34.90097],[128.47542,34.89042],[128.46736,34.87042],[128.45625,34.88208],[128.45625,34.86514],[128.44708,34.86625],[128.45236,34.84653],[128.41069,34.83458],[128.43375,34.8307],[128.43431,34.82486],[128.43987,34.82903],[128.44237,34.82097],[128.44208,34.80292],[128.43263,34.80792],[128.43124,34.80264],[128.44014,34.79403],[128.42014,34.79153],[128.43625,34.78097],[128.42403,34.76153],[128.39764,34.76486],[128.3968,34.77958],[128.3882,34.77625],[128.39125,34.78653],[128.38235,34.79708],[128.3757,34.78875],[128.36375,34.79542],[128.37209,34.8032],[128.37737,34.79903],[128.37903,34.81486],[128.35847,34.82597],[128.33624,34.81709],[128.33014,34.82625],[128.33736,34.82708],[128.3343,34.83486],[128.33986,34.82986],[128.33736,34.84236],[128.3443,34.83264],[128.35431,34.84292],[128.35542,34.83264],[128.37848,34.82986],[128.38597,34.81319],[128.38347,34.82847],[128.3907,34.82208],[128.40347,34.83014],[128.40402,34.83236],[128.38042,34.83569],[128.38847,34.84208],[128.37459,34.84125],[128.3707,34.85125],[128.38902,34.86319],[128.41986,34.86208],[128.38652,34.86736],[128.39041,34.87347],[128.38126,34.8732],[128.38513,34.88153],[128.38069,34.88792],[128.37764,34.88181],[128.36931,34.88542],[128.37347,34.86903],[128.35625,34.87125],[128.35069,34.88653],[128.34653,34.87264],[128.34152,34.88181],[128.32791,34.87569],[128.32764,34.88653],[128.32014,34.87931],[128.30875,34.88486],[128.30875,34.89347],[128.29736,34.89986],[128.30597,34.90792],[128.35513,34.9082],[128.35014,34.92319],[128.33542,34.92097],[128.34541,34.93514],[128.33485,34.93625],[128.34181,34.9432],[128.32959,34.9468],[128.3318,34.95625],[128.31792,34.96181],[128.32097,34.94431],[128.29958,34.93653],[128.30237,34.91431],[128.28958,34.90958],[128.28209,34.91597],[128.28319,34.90458],[128.27319,34.89958],[128.27597,34.90986],[128.26598,34.9118],[128.2637589720415,34.91630639624026],[128.26402,34.91736],[128.26293322266002,34.9179818159007],[128.25735,34.92931]]],[[[128.26125,34.93375],[128.26375,34.93264],[128.2633743773249,34.92960770058659],[128.26167642791904,34.92952379473095],[128.26125,34.93375]]],[[[128.55264,35.07236],[128.55624,35.07375],[128.56165125706215,35.07375],[128.56153796921558,35.07259593100193],[128.55264,35.07236]]],[[[128.20598,34.92208],[128.20792,34.92208],[128.20792,34.91875],[128.20625,34.91875],[128.20598,34.92208]]],[[[128.0368,34.91875],[128.03569,34.92681],[128.03958,34.92292],[128.04236,34.92681],[128.04597,34.92486],[128.0368,34.91875]]],[[[128.21959,34.92375],[128.21764,34.92792],[128.22597,34.93347],[128.22458,34.92375],[128.21959,34.92375]]],[[[128.25014,34.93319],[128.24902,34.93514],[128.25125,34.93653],[128.25264,34.93486],[128.25014,34.93319]]],[[[128.23848,34.9357],[128.23708,34.93736],[128.23792,34.93875],[128.23875,34.93819],[128.23848,34.9357]]],[[[128.43486,34.53708],[128.4393,34.54486],[128.44792,34.54819],[128.44763,34.54236],[128.43486,34.53708]]],[[[128.34819,34.55792],[128.34209,34.55625],[128.34097,34.55792],[128.34486,34.56375],[128.34819,34.55792]]],[[[128.34541,34.56514],[128.34708,34.57458],[128.34846,34.57542],[128.34903,34.56597],[128.34541,34.56514]]],[[[128.3257,34.62014],[128.31737,34.6193],[128.31764,34.62375],[128.3232,34.62236],[128.3257,34.62014]]],[[[128.37903,34.63347],[128.36264,34.64264],[128.34459,34.64125],[128.34375,34.64903],[128.35403,34.65153],[128.37181,34.63931],[128.37875,34.64486],[128.37903,34.63347]]],[[[128.35265,34.65625],[128.34459,34.65542],[128.34291,34.66264],[128.34875,34.66208],[128.35265,34.65625]]],[[[128.31625,34.6582],[128.31459,34.65903],[128.31569,34.66319],[128.31653,34.65931],[128.31625,34.6582]]],[[[128.30292,34.66459],[128.30376,34.66875],[128.30847,34.67236],[128.30763,34.66514],[128.30292,34.66459]]],[[[128.39708,34.6932],[128.39264,34.69542],[128.39569,34.69708],[128.39847,34.6968],[128.39708,34.6932]]],[[[128.39348,34.70653],[128.39291,34.71014],[128.39764,34.71153],[128.39847,34.70764],[128.39348,34.70653]]],[[[128.45042,34.7043],[128.45013,34.71292],[128.46069,34.7168],[128.46791,34.70708],[128.45042,34.7043]]],[[[128.45209,34.71986],[128.45236,34.72264],[128.45375,34.72264],[128.45375,34.7207],[128.45209,34.71986]]],[[[128.4268,34.71931],[128.42291,34.72847],[128.42847,34.73403],[128.42931,34.72097],[128.4268,34.71931]]],[[[128.46042,34.71958],[128.45459,34.72736],[128.4657,34.73569],[128.47208,34.72847],[128.46042,34.71958]]],[[[128.4057,34.72847],[128.39236,34.73625],[128.40015,34.73986],[128.4068,34.73431],[128.4057,34.72847]]],[[[128.39209,34.7368],[128.37848,34.73819],[128.38347,34.74125],[128.38902,34.74097],[128.39209,34.7368]]],[[[128.42291,34.75514],[128.42097,34.7443],[128.39931,34.74625],[128.40987,34.75542],[128.41847,34.74542],[128.42291,34.75514]]],[[[128.39209,34.75375],[128.39903,34.75319],[128.40181,34.75597],[128.40042,34.75069],[128.39209,34.75375]]],[[[128.39098,34.76347],[128.38986,34.76597],[128.39153,34.76625],[128.39209,34.76375],[128.39098,34.76347]]],[[[128.36626,34.76958],[128.36653,34.77069],[128.36903,34.77097],[128.36903,34.76958],[128.36626,34.76958]]],[[[128.46042,34.77486],[128.46069,34.77986],[128.46347,34.77986],[128.46181,34.77542],[128.46042,34.77486]]],[[[128.37737,34.77847],[128.37819,34.77986],[128.38069,34.78014],[128.37958,34.77792],[128.37737,34.77847]]],[[[128.37181,34.77597],[128.35736,34.7757],[128.36237,34.78708],[128.37375,34.78403],[128.37181,34.77597]]],[[[128.38542,34.78653],[128.38597,34.78486],[128.38014,34.78708],[128.38042,34.78875],[128.38542,34.78653]]],[[[128.38652,34.7868],[128.38319,34.78847],[128.38458,34.78931],[128.38681,34.78792],[128.38652,34.7868]]],[[[128.45541,34.81014],[128.45625,34.81181],[128.45708,34.81153],[128.4568,34.80986],[128.45541,34.81014]]],[[[128.45792,34.81208],[128.45847,34.8143],[128.45985,34.8143],[128.45958,34.81264],[128.45792,34.81208]]],[[[128.36903,34.81486],[128.36986,34.81153],[128.35625,34.81181],[128.34737,34.81625],[128.35153,34.8218],[128.36041,34.81931],[128.35652,34.81347],[128.36903,34.81486]]],[[[128.36403,34.81625],[128.36069,34.81764],[128.3618,34.81792],[128.36319,34.81736],[128.36403,34.81625]]],[[[128.34569,34.81653],[128.34291,34.81792],[128.34459,34.81903],[128.34598,34.81764],[128.34569,34.81653]]],[[[128.31764,34.83097],[128.31403,34.8307],[128.31375,34.83347],[128.31958,34.83514],[128.31764,34.83097]]],[[[128.45598,34.83653],[128.45625,34.83764],[128.46265,34.83903],[128.46208,34.83708],[128.45598,34.83653]]],[[[128.3593,34.85097],[128.35458,34.85209],[128.35709,34.85236],[128.35875,34.85236],[128.3593,34.85097]]],[[[128.36903,34.85014],[128.36681,34.85292],[128.36847,34.85403],[128.36931,34.85097],[128.36903,34.85014]]],[[[128.34097,34.85292],[128.3443,34.85486],[128.34486,34.85458],[128.3443,34.85181],[128.34097,34.85292]]],[[[128.37709,34.86097],[128.37737,34.86208],[128.3793,34.8618],[128.3793,34.85986],[128.37709,34.86097]]],[[[128.34348,34.86458],[128.34569,34.86681],[128.35042,34.86681],[128.35126,34.86375],[128.34348,34.86458]]],[[[128.46986,34.86597],[128.46652,34.86375],[128.46625,34.86819],[128.46791,34.86903],[128.46986,34.86597]]],[[[128.33875,34.86847],[128.33264,34.87069],[128.33403,34.87125],[128.33847,34.8693],[128.33875,34.86847]]],[[[128.42348,34.88958],[128.42125,34.89431],[128.42487,34.89653],[128.42514,34.88986],[128.42348,34.88958]]],[[[128.31903,34.91986],[128.31764,34.92319],[128.32236,34.92681],[128.32513,34.92236],[128.31903,34.91986]]],[[[128.32848,34.92153],[128.32875,34.92625],[128.33319,34.92514],[128.33125,34.92153],[128.32848,34.92153]]],[[[128.43597,34.9243],[128.43541,34.92653],[128.43791,34.92736],[128.44014,34.92542],[128.43597,34.9243]]],[[[128.32736,34.94403],[128.32625,34.94125],[128.32402,34.94125],[128.32486,34.9432],[128.32736,34.94403]]],[[[128.43486,34.94181],[128.43347,34.94181],[128.4332,34.94431],[128.4357,34.94375],[128.43486,34.94181]]],[[[128.5457,34.61875],[128.54486,34.62903],[128.55486,34.63125],[128.55098,34.61792],[128.5457,34.61875]]],[[[128.46625,34.64403],[128.46848,34.64153],[128.47208,34.64292],[128.47319,34.64236],[128.46736,34.63847],[128.46625,34.64403]]],[[[128.54153,34.69958],[128.54597,34.70153],[128.54819,34.70125],[128.5493,34.69625],[128.54153,34.69958]]],[[[128.55542,34.70403],[128.55624,34.70514],[128.55931,34.70486],[128.5582,34.70292],[128.55542,34.70403]]],[[[128.56653,34.70653],[128.56013,34.70764],[128.55515,34.71819],[128.5607,34.71542],[128.56653,34.70653]]],[[[128.53596,34.72903],[128.51987,34.72875],[128.52264,34.73264],[128.53236,34.73486],[128.53596,34.72903]]],[[[128.49542,34.74986],[128.51486,34.73486],[128.5007,34.73764],[128.49625,34.73069],[128.46597,34.73986],[128.49542,34.74986]]],[[[128.56013,34.76014],[128.55403,34.75292],[128.56125,34.74958],[128.50847,34.75792],[128.51181,34.76625],[128.53403,34.76486],[128.52986,34.75764],[128.56013,34.76014]]],[[[128.49513,34.78569],[128.49542,34.7868],[128.49736,34.78653],[128.49736,34.78542],[128.49513,34.78569]]],[[[128.53041,34.78597],[128.5307,34.78708],[128.53458,34.78792],[128.5343,34.78486],[128.53041,34.78597]]],[[[128.45958,34.78625],[128.46208,34.80625],[128.4657,34.78764],[128.47514,34.79403],[128.47346,34.8032],[128.48541,34.79764],[128.46597,34.8107],[128.46902,34.81792],[128.48459,34.81764],[128.47903,34.80792],[128.48764,34.81181],[128.49347,34.78181],[128.50626,34.78403],[128.51208,34.77681],[128.50874,34.76653],[128.48875,34.75681],[128.46764,34.76069],[128.47319,34.77542],[128.45958,34.78625]]],[[[128.50458,34.78708],[128.49486,34.79264],[128.5018,34.80347],[128.5107,34.80236],[128.50458,34.78708]]],[[[128.52097,34.79236],[128.51125,34.79458],[128.51375,34.79847],[128.51903,34.79819],[128.52097,34.79236]]],[[[128.51181,34.79625],[128.50958,34.79736],[128.5107,34.79819],[128.51208,34.79736],[128.51181,34.79625]]],[[[128.49097,34.81181],[128.49126,34.81292],[128.49763,34.81264],[128.4957,34.80931],[128.49097,34.81181]]],[[[128.5282,34.80236],[128.53458,34.82236],[128.54459,34.82431],[128.54625,34.81347],[128.5282,34.80236]]],[[[128.47736,34.82069],[128.46375,34.82597],[128.46902,34.8343],[128.47485,34.83347],[128.47736,34.82069]]],[[[128.49486,34.82736],[128.49431,34.83181],[128.49597,34.83181],[128.49736,34.82819],[128.49486,34.82736]]],[[[128.49153,34.82903],[128.48903,34.83042],[128.49042,34.83125],[128.49181,34.83042],[128.49153,34.82903]]],[[[128.48541,34.89431],[128.4807,34.89542],[128.48097,34.8968],[128.4843,34.89736],[128.48541,34.89431]]],[[[128.4893,34.91097],[128.48958,34.91208],[128.49181,34.91236],[128.49153,34.91069],[128.4893,34.91097]]],[[[128.47765,34.90514],[128.46431,34.90708],[128.46736,34.9207],[128.47485,34.9193],[128.47765,34.90514]]],[[[128.56514,34.9118],[128.56291,34.91375],[128.5643,34.91459],[128.56541,34.91292],[128.56514,34.9118]]],[[[128.48402,34.91486],[128.4843,34.91708],[128.48625,34.91653],[128.4868,34.91514],[128.48402,34.91486]]],[[[128.52069,34.92125],[128.51848,34.92236],[128.51958,34.92375],[128.51958,34.92236],[128.52069,34.92125]]],[[[128.52153,34.9282],[128.52097,34.92569],[128.51958,34.92542],[128.52014,34.92792],[128.52153,34.9282]]],[[[128.49042,34.92903],[128.48486,34.92986],[128.48764,34.93875],[128.49181,34.93292],[128.49042,34.92903]]],[[[128.53903,34.96403],[128.52235,34.9557],[128.53403,34.94153],[128.52597,34.93986],[128.52597,34.92792],[128.51152,34.9432],[128.51903,34.95236],[128.51181,34.96431],[128.52042,34.97542],[128.53903,34.96403]]],[[[128.49097,34.95347],[128.48291,34.9557],[128.48737,34.96708],[128.48541,34.95903],[128.49097,34.95347]]],[[[128.5668,34.99792],[128.56819,34.99958],[128.56876,34.99875],[128.57014,34.99764],[128.5668,34.99792]]],[[[128.49736,35.06903],[128.49374,35.07069],[128.49625,35.07264],[128.49736,35.0718],[128.49736,35.06903]]],[[[128.54709,35.07292],[128.54819,35.07514],[128.54987,35.07486],[128.55042,35.07375],[128.54709,35.07292]]],[[[128.55347,35.07903],[128.55542,35.07903],[128.55486,35.07764],[128.55292,35.07764],[128.55347,35.07903]]],[[[128.48848,35.07681],[128.48819,35.08319],[128.49097,35.08347],[128.4957,35.07903],[128.48848,35.07681]]],[[[128.54736,35.08097],[128.54613166404812,35.08269320511237],[128.54637881673344,35.083072845895835],[128.54819,35.08375],[128.54819,35.08097],[128.54736,35.08097]]],[[[128.5432,35.07819],[128.54181,35.08125],[128.54459,35.08597],[128.54736,35.08458],[128.54637881673344,35.083072845895835],[128.54597,35.08292],[128.54613166404812,35.08269320511237],[128.5432,35.07819]]],[[[128.55597,35.08292],[128.5582,35.08292],[128.5582,35.08208],[128.55597,35.08236],[128.55597,35.08292]]],[[[128.4893,35.08931],[128.48987,35.08931],[128.48987,35.08764],[128.48875,35.08708],[128.4893,35.08931]]],[[[128.49431,35.09319],[128.4957,35.08486],[128.48819,35.09153],[128.49292,35.09403],[128.49431,35.09319]]],[[[128.51125,35.09069],[128.50958,35.09153],[128.51013,35.09208],[128.51097,35.0918],[128.51125,35.09069]]],[[[128.51625,35.08875],[128.51459,35.0957],[128.5218,35.09653],[128.51791,35.0882],[128.51625,35.08875]]],[[[128.51013,35.09458],[128.51181,35.09653],[128.51347,35.09653],[128.51375,35.09486],[128.51013,35.09458]]],[[[128.53876,35.10653],[128.53596,35.10875],[128.5368,35.11069],[128.53819,35.11069],[128.53876,35.10653]]],[[[128.73569,34.5368],[128.73181,34.53486],[128.73097,34.53903],[128.73514,34.53819],[128.73569,34.5368]]],[[[128.57181,34.63292],[128.55736,34.63514],[128.57959,34.6507],[128.58569,34.64014],[128.57181,34.63292]]],[[[128.57903,34.65736],[128.57292,34.65319],[128.57181,34.65569],[128.57486,34.65847],[128.57903,34.65736]]],[[[128.61458,34.68403],[128.61874,34.68347],[128.62459,34.68431],[128.61931,34.68153],[128.61458,34.68403]]],[[[128.58376,34.68097],[128.57402,34.68208],[128.57903,34.68819],[128.58264,34.68431],[128.58376,34.68097]]],[[[128.59846,34.69264],[128.59792,34.69542],[128.60042,34.69597],[128.59958,34.69292],[128.59846,34.69264]]],[[[128.60875,34.69458],[128.60542,34.69542],[128.60652,34.69792],[128.60681,34.69597],[128.60875,34.69458]]],[[[128.64874,34.7093],[128.64458,34.7093],[128.6443,34.71153],[128.64792,34.71097],[128.64874,34.7093]]],[[[128.68375,34.72958],[128.68181,34.73542],[128.68459,34.73514],[128.68541,34.7318],[128.68375,34.72958]]],[[[128.7193,34.76653],[128.71014,34.76736],[128.71265,34.77264],[128.71764,34.77069],[128.7193,34.76653]]],[[[128.71681,34.78069],[128.71097,34.78597],[128.71431,34.78959],[128.71709,34.78819],[128.71681,34.78069]]],[[[128.68375,34.80542],[128.68042,34.80403],[128.68042,34.80653],[128.68347,34.80597],[128.68375,34.80542]]],[[[128.74625,34.81486],[128.74902,34.82375],[128.75514,34.82625],[128.75375,34.81681],[128.74625,34.81486]]],[[[128.69708,34.97208],[128.71764,34.96403],[128.7157,34.95681],[128.7282,34.94542],[128.72681,34.93708],[128.71542,34.93653],[128.72458,34.91375],[128.71124,34.9118],[128.71791,34.90042],[128.69681,34.89042],[128.69624,34.88125],[128.71153,34.87875],[128.7068,34.8732],[128.71042,34.87097],[128.72485,34.88847],[128.74042,34.88542],[128.75291,34.89458],[128.7393,34.87903],[128.74403,34.86819],[128.7243,34.86458],[128.73653,34.84375],[128.72458,34.84125],[128.71848,34.84986],[128.70152,34.84069],[128.70847,34.82819],[128.71764,34.83708],[128.72542,34.83236],[128.71902,34.82292],[128.74042,34.7868],[128.70985,34.7943],[128.7157,34.80125],[128.70764,34.81319],[128.69736,34.80764],[128.69542,34.79653],[128.6882,34.79819],[128.69041,34.80903],[128.66847,34.81292],[128.66597,34.79292],[128.67348,34.78542],[128.65819,34.77431],[128.64264,34.77653],[128.63792,34.76264],[128.65263,34.74181],[128.68124,34.74014],[128.67625,34.72792],[128.67125,34.73875],[128.6293,34.73069],[128.62737,34.7368],[128.6207,34.73042],[128.63986,34.71764],[128.6382,34.70958],[128.62541,34.71375],[128.60959,34.70097],[128.59152,34.70903],[128.57681,34.70236],[128.58041,34.71569],[128.5882,34.71653],[128.58514,34.72236],[128.60709,34.73097],[128.57709,34.7407],[128.57959,34.76236],[128.60097,34.76347],[128.59181,34.77014],[128.59708,34.77764],[128.57458,34.77819],[128.55515,34.76653],[128.55264,34.77542],[128.56764,34.78764],[128.55708,34.78903],[128.54236,34.77542],[128.54486,34.78458],[128.53792,34.78792],[128.5843,34.79819],[128.58458,34.8182],[128.59764,34.82986],[128.58736,34.8307],[128.57681,34.84403],[128.58792,34.84125],[128.5882,34.84736],[128.57292,34.85458],[128.56264,34.84292],[128.5643,34.83292],[128.52431,34.83236],[128.5282,34.82125],[128.52014,34.82347],[128.52403,34.81542],[128.5107,34.80903],[128.5007,34.82375],[128.50792,34.83125],[128.48181,34.84069],[128.47237,34.87708],[128.49236,34.9007],[128.50098,34.90125],[128.49681,34.90736],[128.50653,34.90403],[128.50041,34.91125],[128.5157,34.90958],[128.52542,34.92319],[128.56625,34.89875],[128.57597,34.90014],[128.57014,34.9082],[128.58542,34.91486],[128.62486,34.89208],[128.61874,34.91681],[128.6082,34.91431],[128.61098,34.92347],[128.58264,34.94819],[128.59486,34.94847],[128.59764,34.96569],[128.60542,34.97014],[128.61125,34.96486],[128.60513,34.95819],[128.63264,34.96125],[128.63235,34.9668],[128.65181,34.95847],[128.64792,34.97208],[128.6593,34.9818],[128.65347,34.98819],[128.66736,34.98875],[128.6593,34.99736],[128.68124,34.98958],[128.67291,34.99847],[128.68124,35.00736],[128.66736,35.00625],[128.66959,35.02625],[128.6743,35.02014],[128.67542,35.03236],[128.68486,35.03347],[128.67903,35.0407],[128.69153,35.03097],[128.69902,35.03653],[128.71292,35.03208],[128.72237,35.01931],[128.7132,35.00486],[128.70209,35.0057],[128.70737,34.99653],[128.69292,34.99597],[128.70125,34.99153],[128.69708,34.97208]]],[[[128.73653,34.96736],[128.72153,34.96542],[128.72597,34.9707],[128.73486,34.96958],[128.73653,34.96736]]],[[[128.75375,34.97347],[128.75458,34.97514],[128.75626,34.97486],[128.75653,34.97375],[128.75375,34.97347]]],[[[128.63652,34.97653],[128.6357,34.9743],[128.63347,34.97236],[128.62987,34.97319],[128.63652,34.97653]]],[[[128.56985,34.98847],[128.56737,34.98931],[128.56764,34.99097],[128.56985,34.99097],[128.56985,34.98847]]],[[[128.62653,34.99264],[128.61708,34.99931],[128.63458,34.99847],[128.63126,35.0093],[128.64003615372826,35.01537766878688],[128.64014,35.01514],[128.64264,35.01542],[128.64233066666665,35.01696666666666],[128.64931,35.0218],[128.65431,35.01125],[128.64569,34.97986],[128.62737,34.97653],[128.62209,34.98264],[128.60986,34.97319],[128.61208,34.98542],[128.62653,34.99264]]],[[[128.6382,35.01958],[128.64153,35.02097],[128.64233066666665,35.01696666666666],[128.64003615372826,35.01537766878688],[128.6382,35.01958]]],[[[128.62987,35.00542],[128.62042,35.00708],[128.62181,35.01236],[128.62764,35.00847],[128.62987,35.00542]]],[[[128.77654,35.01014],[128.77153,35.01097],[128.77403,35.01514],[128.77654,35.0132],[128.77654,35.01014]]],[[[128.76514,35.01153],[128.76486,35.01458],[128.76903,35.01597],[128.76958,35.01375],[128.76514,35.01153]]],[[[128.76347,35.01597],[128.76152,35.01625],[128.76236,35.01736],[128.76347,35.01708],[128.76347,35.01597]]],[[[128.74597,35.01458],[128.73459,35.01736],[128.7368,35.02264],[128.74181,35.02208],[128.74597,35.01458]]],[[[128.71597,35.03903],[128.71597,35.03986],[128.71848,35.03959],[128.71791,35.03847],[128.71597,35.03903]]],[[[128.67348,35.05569],[128.66235,35.05986],[128.66902,35.06153],[128.67514,35.05819],[128.67348,35.05569]]],[[[128.57014,35.05708],[128.56985,35.06264],[128.57486,35.06264],[128.57347,35.05792],[128.57014,35.05708]]],[[[128.79153,35.06208],[128.79124,35.06375],[128.79236,35.06347],[128.79236,35.06236],[128.79153,35.06208]]],[[[128.63097,35.06042],[128.63235,35.06403],[128.63763,35.06569],[128.64014,35.06236],[128.63097,35.06042]]],[[[128.77097,35.06514],[128.77374,35.06042],[128.7607,35.06125],[128.76709,35.06681],[128.77097,35.06514]]],[[[128.80208,35.06347],[128.79987,35.06403],[128.80098,35.06486],[128.80208,35.06403],[128.80208,35.06347]]],[[[128.70876,35.06403],[128.70847,35.06569],[128.71097,35.06625],[128.71181,35.0643],[128.70876,35.06403]]],[[[128.57014,35.06625],[128.57347,35.06764],[128.57375,35.06458],[128.57097,35.06458],[128.57014,35.06625]]],[[[128.7907,35.06847],[128.78931,35.06875],[128.79015,35.06958],[128.79097,35.06931],[128.7907,35.06847]]],[[[128.76736,35.06875],[128.76514,35.06986],[128.76402,35.07958],[128.76848,35.07792],[128.76736,35.06875]]],[[[128.69736,35.07431],[128.68736,35.07486],[128.69597,35.07875],[128.69875,35.07764],[128.69736,35.07431]]],[[[128.70737,35.08153],[128.70792,35.08264],[128.71153,35.08264],[128.71404,35.07986],[128.70737,35.08153]]],[[[128.74097,35.07764],[128.74319,35.08486],[128.74681,35.08597],[128.75291,35.08236],[128.74097,35.07764]]],[[[128.7182,35.08403],[128.72375,35.08958],[128.72264,35.08625],[128.72292,35.08347],[128.7182,35.08403]]],[[[128.71902,35.08903],[128.71791,35.09097],[128.71986,35.09319],[128.72319,35.09069],[128.71902,35.08903]]],[[[128.65097,35.10569],[128.66264,35.10514],[128.65514,35.10153],[128.66096,35.09375],[128.64542,35.09903],[128.65097,35.10569]]],[[[128.65154,35.11653],[128.64903,35.11764],[128.65097,35.11875],[128.65208,35.11819],[128.65154,35.11653]]],[[[128.61819,35.12764],[128.61931,35.12903],[128.62013,35.12875],[128.6207,35.12708],[128.61819,35.12764]]],[[[128.57791,35.17792],[128.57986,35.18014],[128.58319,35.17986],[128.58403,35.17681],[128.57791,35.17792]]]]}},{"type":"Feature","properties":{"id":"incheon","label":"인천","selectable":false,"labelAnchor":[126.48810496842275,37.547583348531454],"nameEn":"Incheon"},"geometry":{"type":"MultiPolygon","coordinates":[[[[125.78736,36.93042],[125.78958,36.92847],[125.78625,36.92625],[125.7857,36.9282],[125.78736,36.93042]]],[[[125.82097,36.96403],[125.81736,36.96153],[125.81653,36.96708],[125.81875,36.96764],[125.82097,36.96403]]],[[[125.82848,36.96597],[125.82236,36.9632],[125.82514,36.96708],[125.82792,36.96764],[125.82848,36.96597]]],[[[125.75486,36.98069],[125.75291,36.98125],[125.75375,36.9832],[125.75653,36.98347],[125.75486,36.98069]]],[[[125.75264,36.98208],[125.74931,36.9818],[125.74986,36.98292],[125.75291,36.9832],[125.75264,36.98208]]],[[[125.97736,37.03597],[125.98681,37.0407],[126.00403,37.02347],[126.00986,37.02792],[126.01292,37.02683],[126.01403,37.02875],[126.01542,37.02736],[126.02097,37.03125],[126.02209,37.03042],[125.99403,37.01736],[125.97736,37.03597]]],[[[126.03042,37.04181],[126.02319,37.03458],[126.02292,37.03597],[126.02903,37.04236],[126.03042,37.04181]]],[[[126.01236,37.05736],[126.01514,37.0568],[126.00903,37.05708],[126.00931,37.05764],[126.01236,37.05736]]],[[[125.96347,37.05708],[125.96152,37.05597],[125.96098,37.0607],[125.96264,37.0607],[125.96347,37.05708]]],[[[125.96931,37.05986],[125.96931,37.05847],[125.96597,37.05875],[125.96764,37.06042],[125.96931,37.05986]]],[[[126.00097,37.05958],[125.99792,37.05708],[125.99264,37.05903],[125.99486,37.07097],[126.00097,37.05958]]],[[[125.94431,37.06486],[125.9418,37.06486],[125.94125,37.06764],[125.94431,37.06792],[125.94431,37.06486]]],[[[126.00569,37.06903],[126.00291,37.06958],[126.0032,37.07097],[126.00569,37.07125],[126.00569,37.06903]]],[[[126.02209,37.07819],[126.02458,37.06764],[126.0118,37.06264],[126.01347,37.07958],[126.02209,37.07819]]],[[[125.95292,37.06681],[125.94041,37.08014],[125.95125,37.09319],[125.96819,37.08514],[125.95319,37.08625],[125.95292,37.06681]]],[[[125.97292,37.08125],[125.97347,37.07958],[125.97125,37.07903],[125.97125,37.08125],[125.97292,37.08125]]],[[[125.99625,37.07875],[125.98708,37.0807],[125.98792,37.08347],[125.99931,37.0843],[125.99625,37.07875]]],[[[125.98681,37.08319],[125.98458,37.08292],[125.98402,37.0843],[125.98625,37.08541],[125.98681,37.08319]]],[[[126.00181,37.08681],[125.99819,37.08736],[125.99875,37.08958],[126.00069,37.08931],[126.00181,37.08681]]],[[[126.02264,37.11514],[126.02209,37.11208],[126.02069,37.11264],[126.02097,37.11597],[126.02264,37.11514]]],[[[126.02514,37.13014],[126.02097,37.1232],[126.01764,37.13125],[126.02264,37.13514],[126.02514,37.13014]]],[[[126.02431,37.14097],[126.02597,37.13681],[126.02486,37.13514],[126.02264,37.14125],[126.02431,37.14097]]],[[[126.01264,37.15347],[126.0118,37.14791],[126.00597,37.15347],[126.0107,37.1543],[126.01264,37.15347]]],[[[126.00097,37.15236],[125.99847,37.15208],[125.99903,37.15375],[126.00153,37.15347],[126.00097,37.15236]]],[[[125.98375,37.18097],[125.97986,37.18792],[125.9593,37.18264],[125.98708,37.20125],[125.99764,37.1968],[125.98292,37.19347],[125.98375,37.18097]]],[[[125.96098,37.59653],[125.9593,37.59625],[125.95875,37.59764],[125.96042,37.59875],[125.96098,37.59653]]],[[[125.9782,37.60764],[125.9707,37.60653],[125.97236,37.61042],[125.97652,37.61153],[125.9782,37.60764]]],[[[125.96875,37.60875],[125.96597,37.60986],[125.96653,37.61069],[125.96875,37.61014],[125.96875,37.60875]]],[[[126.02986,37.67847],[126.02959,37.67625],[126.02597,37.67736],[126.02653,37.67875],[126.02986,37.67847]]],[[[126.0893,37.09514],[126.07375,37.08264],[126.06431,37.08514],[126.06514,37.09319],[126.0743,37.09319],[126.05986,37.09514],[126.06653,37.1068],[126.08264,37.10792],[126.0893,37.09514]]],[[[126.27264,37.17708],[126.28236,37.15792],[126.24292,37.17347],[126.25486,37.18236],[126.27264,37.17708]]],[[[126.10986,37.16514],[126.08625,37.17236],[126.08764,37.18486],[126.0957,37.18847],[126.10597,37.17875],[126.11459,37.18347],[126.10986,37.16514]]],[[[126.22931,37.18847],[126.24986,37.18347],[126.24125,37.17597],[126.21986,37.1782],[126.21375,37.18347],[126.21986,37.18958],[126.22208,37.18153],[126.22931,37.18847]]],[[[126.2157,37.19069],[126.21098,37.19042],[126.21236,37.19292],[126.21375,37.19264],[126.2157,37.19069]]],[[[126.14347,37.19875],[126.1357,37.19542],[126.1357,37.20181],[126.13903,37.20319],[126.14347,37.19875]]],[[[126.16597,37.20958],[126.16597,37.20764],[126.16375,37.20792],[126.16375,37.20903],[126.16597,37.20958]]],[[[126.16042,37.21041],[126.15764,37.22458],[126.17125,37.23042],[126.17819,37.21847],[126.18625,37.22292],[126.19319,37.21819],[126.18069,37.21625],[126.18097,37.2093],[126.19486,37.20875],[126.18403,37.19292],[126.17709,37.21153],[126.16042,37.21041]]],[[[126.0993,37.23097],[126.0968,37.22347],[126.08375,37.22153],[126.10486,37.27458],[126.12264,37.25375],[126.11931,37.24708],[126.12903,37.25236],[126.14597,37.24236],[126.14153,37.23792],[126.16625,37.23042],[126.14986,37.21931],[126.14542,37.22347],[126.14819,37.21375],[126.14270860251848,37.212844582510485],[126.1432,37.21431],[126.14014,37.21375],[126.13958,37.21292],[126.14188712385808,37.21270889062737],[126.11792,37.20875],[126.10958,37.21347],[126.11514,37.22236],[126.10291,37.21931],[126.0993,37.23097]]],[[[126.14264,37.21264],[126.14188712385808,37.21270889062737],[126.14270860251848,37.212844582510485],[126.14264,37.21264]]],[[[126.07514,37.28486],[126.08125,37.28986],[126.09708,37.28042],[126.0982,37.27681],[126.08681,37.27514],[126.07514,37.28486]]],[[[126.26292,37.3218],[126.26097,37.32208],[126.26208,37.32375],[126.26403,37.32319],[126.26292,37.3218]]],[[[126.26986,37.33181],[126.2693,37.32792],[126.26292,37.32542],[126.26653,37.33181],[126.26986,37.33181]]],[[[126.26653,37.55264],[126.26708,37.55069],[126.2607,37.55014],[126.25958,37.55736],[126.26653,37.55264]]],[[[126.27125,37.62125],[126.27209,37.61986],[126.26736,37.61903],[126.26736,37.62181],[126.27125,37.62125]]],[[[126.21792,37.62958],[126.2143,37.62819],[126.2143,37.63042],[126.21764,37.63208],[126.21792,37.62958]]],[[[126.22097,37.64958],[126.23431,37.65625],[126.25764,37.65181],[126.25291,37.63375],[126.26458,37.62431],[126.22097,37.64958]]],[[[126.27014,37.65181],[126.26847,37.65153],[126.26875,37.65458],[126.27097,37.65458],[126.27014,37.65181]]],[[[126.23375,37.66292],[126.23653,37.65986],[126.22292,37.65764],[126.22459,37.66625],[126.23375,37.66292]]],[[[126.24069,37.66347],[126.24153,37.66208],[126.24014,37.66097],[126.23986,37.66292],[126.24069,37.66347]]],[[[126.19458,37.68847],[126.21181,37.66681],[126.20819,37.6543],[126.18903,37.65736],[126.17986,37.66986],[126.16903,37.66542],[126.15514,37.67181],[126.15459,37.67764],[126.18236,37.67681],[126.19458,37.68847]]],[[[126.03902,37.67764],[126.03764,37.67736],[126.03709,37.67986],[126.03875,37.68042],[126.03902,37.67764]]],[[[126.1207,37.68792],[126.12681,37.69375],[126.13375,37.69264],[126.14986,37.6818],[126.12597,37.68153],[126.1207,37.68792]]],[[[126.25931,37.71486],[126.26041,37.71069],[126.25708,37.71181],[126.25764,37.71542],[126.25931,37.71486]]],[[[126.21264,37.72097],[126.21291,37.71736],[126.20959,37.71736],[126.21042,37.72292],[126.21264,37.72097]]],[[[126.24042,37.72375],[126.24958,37.71736],[126.21764,37.72042],[126.23402,37.73375],[126.24042,37.72375]]],[[[126.26625,37.73875],[126.27125,37.72514],[126.25736,37.7243],[126.25653,37.7318],[126.26625,37.73875]]],[[[126.23153,37.75069],[126.20181,37.76931],[126.21986,37.78625],[126.22208,37.80542],[126.24042,37.8182],[126.26681,37.81792],[126.29903,37.8032],[126.3243,37.80875],[126.33625,37.79681],[126.3168,37.77319],[126.29125,37.76236],[126.28042,37.76847],[126.24125,37.7632],[126.23153,37.75069]]],[[[126.29903,37.12486],[126.29708,37.12792],[126.30375,37.12958],[126.30125,37.12597],[126.29903,37.12486]]],[[[126.30764,37.13736],[126.30791,37.13042],[126.30319,37.13097],[126.30014,37.14014],[126.30764,37.13736]]],[[[126.2782,37.14236],[126.27541,37.14042],[126.2718,37.14791],[126.27792,37.1507],[126.2782,37.14236]]],[[[126.3457,37.14875],[126.34541,37.14986],[126.34959,37.15042],[126.34847,37.14875],[126.3457,37.14875]]],[[[126.32291,37.15042],[126.31736,37.15208],[126.31847,37.15375],[126.3243,37.15542],[126.32291,37.15042]]],[[[126.32597,37.16125],[126.32097,37.15597],[126.29403,37.16319],[126.28986,37.17458],[126.29514,37.17569],[126.31347,37.17264],[126.32597,37.16125]]],[[[126.4018,37.17569],[126.4018,37.17458],[126.39736,37.17597],[126.39986,37.17681],[126.4018,37.17569]]],[[[126.36875,37.19014],[126.36625,37.19097],[126.36653,37.19181],[126.36819,37.19181],[126.36875,37.19014]]],[[[126.38541,37.20653],[126.38541,37.20542],[126.38097,37.20486],[126.38153,37.20681],[126.38541,37.20653]]],[[[126.37791,37.2057],[126.37403,37.20681],[126.37597,37.20986],[126.37653,37.20819],[126.37791,37.2057]]],[[[126.36486,37.21125],[126.36625,37.20903],[126.36153,37.20792],[126.36208,37.21208],[126.36486,37.21125]]],[[[126.39848,37.24014],[126.38319,37.23986],[126.39125,37.24569],[126.39403,37.24377],[126.39848,37.24014]]],[[[126.28902,37.27042],[126.3318,37.25625],[126.33514,37.26375],[126.34959,37.2593],[126.3418,37.24903],[126.31458,37.2443],[126.28014,37.25847],[126.28042,37.27153],[126.28902,37.27042]]],[[[126.27792,37.27264],[126.2757,37.27347],[126.27653,37.27486],[126.27792,37.27458],[126.27792,37.27264]]],[[[126.2768,37.3143],[126.27653,37.31264],[126.26986,37.31569],[126.27264,37.31931],[126.2768,37.3143]]],[[[126.39736,37.4043],[126.38958,37.39542],[126.38875,37.40292],[126.39375,37.40569],[126.39736,37.4043]]],[[[126.31153,37.50403],[126.31181,37.50347],[126.30319,37.49903],[126.30569,37.50403],[126.31153,37.50403]]],[[[126.32903,37.49931],[126.32458,37.50125],[126.33514,37.50458],[126.33347,37.50236],[126.32903,37.49931]]],[[[126.32458,37.51069],[126.32236,37.50958],[126.32097,37.5132],[126.32403,37.51292],[126.32458,37.51069]]],[[[126.41375,37.53847],[126.41319,37.52681],[126.40403,37.52653],[126.40375,37.53597],[126.41375,37.53847]]],[[[126.39764,37.53264],[126.39597,37.53208],[126.39458,37.53458],[126.39653,37.53486],[126.39764,37.53264]]],[[[126.3382,37.55264],[126.3532,37.53569],[126.38458,37.53931],[126.38541,37.52986],[126.33625,37.53014],[126.32542,37.52208],[126.32931,37.53986],[126.30959,37.5607],[126.3382,37.55264]]],[[[126.27402,37.54792],[126.27764,37.54375],[126.2718,37.5443],[126.26875,37.54958],[126.27402,37.54792]]],[[[126.30125,37.67375],[126.29819,37.67569],[126.3007,37.67708],[126.30125,37.67681],[126.30125,37.67375]]],[[[126.34264,37.65014],[126.34264,37.6432],[126.32569,37.65264],[126.32848,37.67014],[126.32042,37.6818],[126.26903,37.70903],[126.28514,37.71375],[126.28597,37.74236],[126.32014,37.75319],[126.33041,37.74625],[126.31903,37.73125],[126.31931,37.71181],[126.34153,37.69792],[126.36792,37.69486],[126.36979515932973,37.693032099411255],[126.36903,37.69236],[126.37108996767985,37.69176992349479],[126.37903,37.68403],[126.37486,37.66681],[126.34264,37.65014]]],[[[126.37125,37.69431],[126.37458,37.6932],[126.37486,37.69069],[126.37108996767985,37.69176992349479],[126.36979515932973,37.693032099411255],[126.37125,37.69431]]],[[[126.33041,37.71403],[126.33153,37.71208],[126.32542,37.71097],[126.32597,37.71403],[126.33041,37.71403]]],[[[126.28486,37.74514],[126.27875,37.74542],[126.2793,37.74764],[126.28486,37.74986],[126.28486,37.74514]]],[[[129.04857,35.09986],[129.0471,35.08747],[129.03375,35.08601],[129.03167014821602,35.09221627772335],[129.03287677923737,35.0940701800997],[129.04857,35.09986]]],[[[129.0267,35.08458],[129.01558,35.10061],[129.0407,35.10609],[129.03287677923737,35.0940701800997],[129.03125,35.09347],[129.03167014821602,35.09221627772335],[129.0267,35.08458]]],[[[126.5032,37.24319],[126.50403,37.24208],[126.49847,37.24236],[126.49958,37.24403],[126.5032,37.24319]]],[[[126.45319,37.22264],[126.45264,37.23069],[126.43264,37.23042],[126.43625,37.24625],[126.42764,37.26292],[126.43569,37.26597],[126.43403,37.27514],[126.44875,37.27847],[126.45014,37.27319],[126.4493,37.28764],[126.47403,37.28764],[126.50236,37.27431],[126.50125,37.25625],[126.47569,37.25292],[126.48736,37.24097],[126.47125,37.24014],[126.47403,37.23292],[126.45986,37.22347],[126.45319,37.22264]]],[[[126.51375,37.3568],[126.50847,37.35764],[126.51041,37.36014],[126.51569,37.36069],[126.51375,37.3568]]],[[[126.4418,37.36014],[126.43931,37.36125],[126.43986,37.36236],[126.4418,37.3618],[126.4418,37.36014]]],[[[126.44708,37.36986],[126.44014,37.37097],[126.44209,37.37486],[126.44653,37.37486],[126.44708,37.36986]]],[[[126.66431,37.38931],[126.6607,37.38653],[126.65791,37.39014],[126.66153,37.3918],[126.66431,37.38931]]],[[[126.44264,37.38625],[126.43375,37.36819],[126.41292,37.36597],[126.4082,37.38875],[126.39569,37.39125],[126.40931,37.41292],[126.42736,37.39014],[126.44264,37.38625]]],[[[126.44125,37.40597],[126.44236,37.40486],[126.43931,37.40319],[126.43625,37.40597],[126.44125,37.40597]]],[[[126.7382,37.42681],[126.74347,37.40097],[126.72208,37.38236],[126.6843,37.38653],[126.65319,37.35347],[126.64902,37.3493],[126.64542,37.34736],[126.61153,37.34708],[126.60875,37.33736],[126.61014,37.34708],[126.59903,37.34681],[126.59319,37.33708],[126.58264,37.33736],[126.59153,37.33958],[126.59708,37.35514],[126.64542,37.34819],[126.68347,37.38625],[126.64069,37.41292],[126.63069,37.44903],[126.62542,37.42958],[126.61014,37.42903],[126.61181,37.45236],[126.6032,37.44153],[126.58625,37.43875],[126.60069,37.45681],[126.59209,37.46486],[126.59847,37.46514],[126.59486,37.47208],[126.6032,37.48486],[126.63486,37.49486],[126.64792,37.49153],[126.63819,37.5057],[126.62403,37.49597],[126.61264,37.49625],[126.61292,37.5057],[126.60347,37.5057],[126.60264,37.49875],[126.60125,37.51097],[126.6132,37.50736],[126.60264,37.5132],[126.61264,37.51569],[126.61097,37.52625],[126.59792,37.5368],[126.60514,37.53931],[126.6057,37.55125],[126.5657,37.53875],[126.54236,37.52042],[126.56486,37.5168],[126.58208,37.48931],[126.5582,37.47736],[126.53709,37.48292],[126.44319,37.4207],[126.41292,37.41597],[126.41653,37.43264],[126.40652,37.43819],[126.39347,37.43125],[126.40292,37.43903],[126.39792,37.44514],[126.38097,37.43458],[126.36375,37.44153],[126.37292,37.4468],[126.35625,37.46236],[126.36125,37.47458],[126.37653,37.47375],[126.4182,37.49736],[126.47708,37.49958],[126.49125,37.50764],[126.49986,37.53125],[126.51736,37.53431],[126.52514,37.52431],[126.54097,37.52153],[126.56458,37.53931],[126.60597,37.55292],[126.58903,37.56319],[126.58125,37.57986],[126.62793,37.57568],[126.69891,37.58868],[126.79327,37.5603],[126.76986,37.51542],[126.76971,37.43488],[126.75569,37.41588],[126.74597,37.4207],[126.75236,37.41514],[126.74458,37.40708],[126.74153,37.42569],[126.7382,37.42681]]],[[[126.59209,37.49625],[126.58542,37.49681],[126.58598,37.49903],[126.58958,37.49986],[126.59209,37.49625]]],[[[126.4893,37.51514],[126.48625,37.51625],[126.48653,37.51736],[126.48875,37.51736],[126.4893,37.51514]]],[[[126.42653,37.51625],[126.42208,37.51653],[126.42208,37.51736],[126.42625,37.51792],[126.42653,37.51625]]],[[[126.57931,37.52764],[126.58125,37.52458],[126.57236,37.52736],[126.57403,37.53014],[126.57931,37.52764]]],[[[126.47403,37.53819],[126.47403,37.52847],[126.4657,37.52792],[126.47041,37.51153],[126.44681,37.51986],[126.42903,37.5168],[126.43125,37.5257],[126.46236,37.54458],[126.47403,37.53819]]],[[[126.44264,37.54458],[126.41875,37.51764],[126.41681,37.53653],[126.42792,37.54819],[126.44264,37.54458]]],[[[126.57542,37.53403],[126.57347,37.53431],[126.57375,37.53625],[126.57542,37.53542],[126.57542,37.53403]]],[[[126.50486,37.5368],[126.50347,37.53653],[126.50097,37.54042],[126.50403,37.54097],[126.50486,37.5368]]],[[[126.57097,37.57375],[126.57097,37.56986],[126.55653,37.57153],[126.55764,37.5793],[126.57097,37.57375]]],[[[126.52597,37.58931],[126.52541,37.58541],[126.51708,37.57958],[126.50542,37.58514],[126.50375,37.59097],[126.52097,37.59847],[126.51736,37.59292],[126.52597,37.58931]]],[[[126.5507,37.59097],[126.54819,37.59014],[126.54708,37.59347],[126.54931,37.59319],[126.5507,37.59097]]],[[[126.55153,37.59986],[126.55042,37.5957],[126.54625,37.60125],[126.54903,37.60403],[126.55153,37.59986]]],[[[126.54181,37.6232],[126.54347,37.61764],[126.53819,37.61986],[126.53931,37.62458],[126.54181,37.6232]]],[[[126.5357,37.61764],[126.51125,37.59625],[126.4807,37.60486],[126.47264,37.59681],[126.46236,37.59986],[126.46236,37.58875],[126.4107,37.59347],[126.36847,37.61431],[126.37764,37.61792],[126.36542,37.63542],[126.39902,37.64042],[126.41014,37.6543],[126.38736,37.69903],[126.35931,37.70292],[126.35236,37.71153],[126.35792,37.76375],[126.35014,37.79042],[126.38708,37.80625],[126.39597,37.82319],[126.41653,37.8218],[126.42875,37.83097],[126.50625,37.78375],[126.5118,37.76208],[126.52625,37.74792],[126.51319,37.71653],[126.52541,37.70208],[126.51708,37.67542],[126.53264,37.66403],[126.52264,37.65375],[126.5357,37.61764]]]]}},{"type":"Feature","properties":{"id":"jeju","label":"제주","selectable":false,"labelAnchor":[126.55490019458149,33.38452958414064],"nameEn":"Jeju"},"geometry":{"type":"MultiPolygon","coordinates":[[[[126.2682,33.11208],[126.26403,33.11764],[126.2693,33.12458],[126.27042,33.11542],[126.2682,33.11208]]],[[[126.27014,33.16375],[126.26347,33.17014],[126.27375,33.17542],[126.28014,33.16708],[126.27014,33.16375]]],[[[126.31347,33.20875],[126.31375,33.21125],[126.31486,33.21097],[126.31625,33.20958],[126.31347,33.20875]]],[[[126.49816199621073,33.22879938850108],[126.50008491437954,33.229140171240914],[126.50014,33.22903],[126.49819,33.22875],[126.49816199621073,33.22879938850108]]],[[[126.47125,33.22403],[126.45181,33.24042],[126.43291,33.23236],[126.40903,33.24486],[126.3793,33.23042],[126.32764,33.24042],[126.29486,33.22236],[126.29514,33.19597],[126.28042,33.20042],[126.27042,33.19486],[126.26097,33.20014],[126.26347,33.21014],[126.24931,33.21208],[126.22931,33.2407],[126.20069,33.24625],[126.16847,33.27458],[126.1607,33.29042],[126.16708,33.29792],[126.16097,33.33347],[126.1657,33.34292],[126.17986,33.34653],[126.18014,33.35903],[126.20181,33.36542],[126.2218,33.39097],[126.23458,33.38931],[126.25597,33.40653],[126.26264,33.43681],[126.30625,33.45042],[126.31347,33.46986],[126.33791,33.46736],[126.38597,33.49014],[126.39986,33.48347],[126.42375,33.49569],[126.45208,33.49736],[126.49347,33.52153],[126.51153,33.51542],[126.53542,33.52403],[126.52903,33.51792],[126.54153,33.52986],[126.5507,33.52097],[126.56847,33.52903],[126.58598,33.5257],[126.59541,33.53792],[126.63541,33.53653],[126.6443,33.55597],[126.66653,33.54264],[126.6768,33.55264],[126.68958,33.54875],[126.72598,33.5607],[126.75958,33.55736],[126.76514,33.56625],[126.7843,33.56569],[126.79736,33.55569],[126.82097,33.56153],[126.83264,33.53986],[126.85902,33.52514],[126.88014,33.53181],[126.9043,33.52486],[126.89875,33.51181],[126.91292,33.50792],[126.91375,33.49542],[126.9018,33.48236],[126.92042,33.46958],[126.92764,33.47347],[126.9182,33.45319],[126.92875,33.45792],[126.92597,33.46903],[126.93569,33.47875],[126.94681,33.45625],[126.9332,33.46041],[126.92403,33.45319],[126.92125,33.43986],[126.93542,33.42597],[126.92931,33.42236],[126.92319,33.43486],[126.91625,33.43403],[126.91903,33.42708],[126.9032,33.40264],[126.90652,33.39125],[126.87097,33.37181],[126.8568,33.33764],[126.83681,33.32792],[126.84847,33.32597],[126.8482,33.31958],[126.83014,33.30569],[126.77653,33.30653],[126.74347,33.27764],[126.73319,33.28153],[126.67764,33.2668],[126.6607,33.26653],[126.66348,33.26958],[126.65903,33.27375],[126.6607,33.26875],[126.62236,33.25069],[126.61903,33.24153],[126.59986,33.23542],[126.57792,33.24458],[126.56819,33.24208],[126.57181,33.23486],[126.5657,33.23264],[126.56097,33.24014],[126.52042,33.2407],[126.51041,33.23097],[126.50008491437954,33.229140171240914],[126.49903,33.23125],[126.49709,33.23069],[126.49816199621073,33.22879938850108],[126.47125,33.22403]]],[[[126.15264,33.30708],[126.1432,33.31097],[126.14958,33.3143],[126.15403,33.31097],[126.15264,33.30708]]],[[[126.16292,33.3107],[126.1593,33.31014],[126.16014,33.31264],[126.16292,33.31208],[126.16292,33.3107]]],[[[126.22292,33.41153],[126.22958,33.41236],[126.22875,33.40264],[126.22208,33.40569],[126.22292,33.41153]]],[[[126.25792,33.41681],[126.25514,33.41597],[126.25597,33.41736],[126.25847,33.41819],[126.25792,33.41681]]],[[[126.51236,33.2168],[126.51514,33.22014],[126.51681,33.22014],[126.51847,33.21542],[126.51236,33.2168]]],[[[126.65236,33.22319],[126.65292,33.22625],[126.65652,33.22681],[126.65791,33.22319],[126.65236,33.22319]]],[[[126.56875,33.22514],[126.56347,33.22486],[126.56514,33.22792],[126.56764,33.22792],[126.56875,33.22514]]],[[[126.60347,33.22903],[126.59597,33.2282],[126.5993,33.23264],[126.60347,33.23042],[126.60347,33.22903]]],[[[126.93153,33.47653],[126.92736,33.47681],[126.92819,33.47736],[126.93153,33.47736],[126.93153,33.47653]]],[[[126.96625,33.48875],[126.94431,33.49319],[126.93958,33.50597],[126.9557,33.5257],[126.96291,33.51903],[126.95819,33.51375],[126.97347,33.51458],[126.9657,33.51236],[126.97208,33.49958],[126.96625,33.48875]]],[[[126.5368,33.52597],[126.53542,33.5257],[126.53958,33.53181],[126.5407,33.53236],[126.5368,33.52597]]],[[[126.69653,33.55764],[126.69597,33.55653],[126.69486,33.55542],[126.69292,33.55708],[126.69653,33.55764]]]]}},{"type":"Feature","properties":{"id":"jeonbuk","label":"전북","selectable":false,"labelAnchor":[127.1555236060174,35.69809964164991],"nameEn":"Jeollabuk-do"},"geometry":{"type":"MultiPolygon","coordinates":[[[[126.24403,35.57792],[126.24875,35.57819],[126.24986,35.57431],[126.2382,35.57264],[126.24403,35.57792]]],[[[126.24069,35.58403],[126.24181,35.58292],[126.24153,35.58181],[126.23959,35.58375],[126.24069,35.58403]]],[[[126.24514,35.58569],[126.24597,35.58319],[126.24431,35.58292],[126.24375,35.58458],[126.24514,35.58569]]],[[[126.23486,35.58597],[126.23514,35.5843],[126.23292,35.58486],[126.23402,35.58653],[126.23486,35.58597]]],[[[126.29208,35.59403],[126.28042,35.57877],[126.26514,35.57542],[126.26736,35.56542],[126.25459,35.57236],[126.24903,35.58847],[126.27069,35.59042],[126.25681,35.59292],[126.25708,35.59875],[126.27236,35.5993],[126.27069,35.60875],[126.28514,35.60514],[126.27541,35.61736],[126.29375,35.60486],[126.30458,35.62181],[126.3157,35.60958],[126.29459,35.59375],[126.29931,35.59042],[126.29903,35.58486],[126.29597,35.58986],[126.29403,35.58292],[126.29569,35.59014],[126.29208,35.59403]]],[[[126.25208,35.59792],[126.25459,35.59736],[126.25403,35.59431],[126.25125,35.59736],[126.25208,35.59792]]],[[[126.26681,35.61042],[126.26764,35.60708],[126.26458,35.60736],[126.26403,35.60931],[126.26681,35.61042]]],[[[126.28736,35.61514],[126.29181,35.62069],[126.29459,35.61403],[126.28986,35.61069],[126.28736,35.61514]]],[[[126.29514,35.62819],[126.28514,35.62042],[126.28597,35.62986],[126.2718,35.62431],[126.28042,35.63514],[126.29236,35.6343],[126.29514,35.62819]]],[[[126.12264,35.64542],[126.12986,35.63569],[126.11153,35.63875],[126.11264,35.64486],[126.12264,35.64542]]],[[[126.11181,35.66708],[126.11181,35.65597],[126.10042,35.65903],[126.10347,35.66431],[126.11181,35.66708]]],[[[126.12319,35.66542],[126.12264,35.66347],[126.11986,35.66431],[126.12014,35.6657],[126.12319,35.66542]]],[[[126.12319,35.6693],[126.12097,35.66764],[126.11903,35.66764],[126.11958,35.66903],[126.12319,35.6693]]],[[[126.33292,35.85569],[126.33403,35.85347],[126.32986,35.85209],[126.33041,35.85486],[126.33292,35.85569]]],[[[126.31403,35.85931],[126.32569,35.85653],[126.32708,35.85209],[126.31347,35.85569],[126.31403,35.85931]]],[[[126.16597,35.86597],[126.1682,35.86542],[126.16792,35.86347],[126.1657,35.86431],[126.16597,35.86597]]],[[[126.07764,35.88875],[126.07653,35.88653],[126.07125,35.88764],[126.07236,35.88875],[126.07764,35.88875]]],[[[126.22041,35.99764],[126.2243,35.99125],[126.2307,35.98819],[126.2207,35.9868],[126.22041,35.99764]]],[[[126.23875,35.99903],[126.24153,35.99347],[126.23514,35.98986],[126.23431,35.99319],[126.23875,35.99903]]],[[[126.22208,35.99903],[126.21986,35.99903],[126.21958,35.99986],[126.22347,36.00069],[126.22208,35.99903]]],[[[126.4268,35.44181],[126.42847,35.44125],[126.42875,35.44042],[126.42542,35.44097],[126.4268,35.44181]]],[[[126.42764,35.45014],[126.42875,35.44931],[126.42958,35.44764],[126.4268,35.44792],[126.42764,35.45014]]],[[[126.44125,35.54542],[126.44292,35.54514],[126.44264,35.54319],[126.43931,35.54486],[126.44125,35.54542]]],[[[126.35597,35.56042],[126.35736,35.55958],[126.35709,35.55792],[126.35486,35.55931],[126.35597,35.56042]]],[[[126.34875,35.56514],[126.3482,35.56292],[126.34597,35.56292],[126.34625,35.56458],[126.34875,35.56514]]],[[[126.36958,35.62597],[126.37041,35.62375],[126.36819,35.62181],[126.36764,35.62569],[126.36958,35.62597]]],[[[126.46042,35.67653],[126.4593,35.67375],[126.4568,35.67486],[126.45736,35.67625],[126.46042,35.67653]]],[[[126.46291,35.72958],[126.46125,35.72625],[126.45875,35.72625],[126.45986,35.72903],[126.46291,35.72958]]],[[[126.45042,35.73736],[126.43819,35.73986],[126.44958,35.74875],[126.46208,35.73542],[126.45431,35.72792],[126.45042,35.73736]]],[[[126.40791,35.80125],[126.40903,35.80236],[126.41348,35.80208],[126.4118,35.79764],[126.40791,35.80125]]],[[[126.43375,35.80625],[126.44125,35.81153],[126.44209,35.80375],[126.41792,35.79319],[126.41792,35.80958],[126.42764,35.80514],[126.42958,35.81375],[126.43375,35.80625]]],[[[126.37403,35.79958],[126.36625,35.81042],[126.36903,35.82319],[126.37486,35.82014],[126.38264,35.80236],[126.37403,35.79958]]],[[[126.42625,35.81792],[126.40153,35.80375],[126.40236,35.81181],[126.3943,35.80792],[126.3868,35.81986],[126.40472970781923,35.81575467227729],[126.40514,35.8143],[126.40681,35.81458],[126.40542,35.81514],[126.40500803216713,35.81569094493311],[126.40986,35.81458],[126.41236,35.82486],[126.39819,35.82597],[126.40736,35.83292],[126.42625,35.81792]]],[[[126.40459,35.81625],[126.40500803216713,35.81569094493311],[126.40472970781923,35.81575467227729],[126.40459,35.81625]]],[[[126.40875,35.82153],[126.41014,35.82042],[126.40652,35.82097],[126.40791,35.8218],[126.40875,35.82153]]],[[[126.44569,35.85097],[126.44708,35.85014],[126.44681,35.84903],[126.44458,35.8493],[126.44569,35.85097]]],[[[126.3457,35.85431],[126.35375,35.85431],[126.35653,35.84764],[126.33764,35.85181],[126.3457,35.85431]]],[[[126.38708,35.85597],[126.38014,35.84708],[126.35847,35.84792],[126.36764,35.85347],[126.38708,35.85597]]],[[[126.40708,35.85958],[126.42653,35.85764],[126.43347,35.85542],[126.3943,35.85431],[126.40708,35.85958]]],[[[126.48236,35.53486],[126.48375,35.53292],[126.47986,35.53403],[126.48042,35.53514],[126.48236,35.53486]]],[[[126.48125,35.54181],[126.48486,35.54042],[126.48431,35.53736],[126.4782,35.53903],[126.48125,35.54181]]],[[[126.58764,35.57375],[126.5907,35.57014],[126.58598,35.56847],[126.58681,35.57431],[126.58764,35.57375]]],[[[126.48625,35.66542],[126.48792,35.66069],[126.48125,35.66042],[126.48486,35.66486],[126.48625,35.66542]]],[[[126.46291,35.67875],[126.4632,35.68236],[126.46542,35.67903],[126.46542,35.67792],[126.46291,35.67875]]],[[[126.81421,36.03711],[126.82339,36.04904],[126.85739,36.0625],[126.87347,36.08588],[126.86518,36.08755],[126.88695,36.14118],[126.94128,36.1597],[127.0257,36.13388],[127.05072,36.07892],[127.08759,36.06842],[127.12618,36.06728],[127.13208,36.0802],[127.14539,36.07748],[127.19348,36.0965],[127.22699,36.0892],[127.24051,36.10449],[127.30649,36.12807],[127.36749,36.06708],[127.3898,36.02084],[127.46359,35.98929],[127.53738,36.00159],[127.55029,35.97569],[127.61488,35.9736],[127.64346,35.98889],[127.64892,36.01969],[127.6626,36.02007],[127.6741,36.00482],[127.7348,36.00427],[127.75715,35.9917],[127.79449,35.9931],[127.82642,36.0065],[127.84988,35.99609],[127.87929,36.00213],[127.91852,35.9411],[127.91529,35.87199],[127.85849,35.82339],[127.83289,35.82471],[127.7981,35.80869],[127.77635,35.81467],[127.76471,35.79932],[127.76149,35.77429],[127.71649,35.75171],[127.6925,35.7171],[127.6947,35.6723],[127.6662,35.6424],[127.67599,35.59598],[127.62909,35.5351],[127.69479,35.37961],[127.68109,35.3598],[127.6452,35.35172],[127.64131,35.33681],[127.6488,35.31628],[127.6413,35.29108],[127.61712,35.26969],[127.51361,35.32391],[127.4697,35.32849],[127.42646,35.32402],[127.39349,35.29327],[127.34129,35.29376],[127.31998,35.28528],[127.29164,35.29782],[127.22578,35.30324],[127.14375,35.29625],[127.10635,35.30735],[127.1138,35.3624],[127.0902,35.38083],[127.06461,35.42619],[127.05133,35.43091],[126.99366,35.381],[126.97076,35.39075],[126.9577,35.41229],[126.8758,35.46397],[126.79118,35.44149],[126.78923,35.38877],[126.74362,35.3251],[126.70967,35.32341],[126.66505,35.30579],[126.61494,35.30991],[126.56383,35.29166],[126.50275,35.34605],[126.50396,35.3578],[126.49109,35.37109],[126.46735,35.38605],[126.46815,35.40855],[126.43347,35.42874],[126.4493,35.43153],[126.44653,35.43764],[126.43181,35.43208],[126.42903,35.43597],[126.46458,35.48042],[126.48486,35.52208],[126.49764,35.50986],[126.49764,35.52069],[126.51319,35.53125],[126.52959,35.53458],[126.54236,35.52542],[126.56597,35.54347],[126.59292,35.5407],[126.59541,35.52986],[126.61153,35.5607],[126.61597,35.55625],[126.61681,35.56986],[126.63319,35.57431],[126.67625,35.54458],[126.6682,35.56347],[126.67375,35.56847],[126.66153,35.57625],[126.67375,35.58541],[126.65958,35.58486],[126.63736,35.59986],[126.63431,35.59236],[126.61875,35.59431],[126.60764,35.58514],[126.59736,35.59458],[126.59292,35.58792],[126.54097,35.5882],[126.52875,35.57875],[126.51653,35.58042],[126.51625,35.58792],[126.51125,35.57875],[126.49125,35.58514],[126.47958,35.60264],[126.46653,35.59764],[126.45875,35.6118],[126.46986,35.62903],[126.45653,35.63708],[126.50181,35.65542],[126.52903,35.67708],[126.53181,35.69069],[126.55403,35.69708],[126.53264,35.72542],[126.51958,35.72986],[126.51681,35.74097],[126.53264,35.73042],[126.57042,35.68625],[126.56903,35.69403],[126.57625,35.69375],[126.62791,35.74903],[126.62681,35.78153],[126.62041,35.78708],[126.63153,35.80014],[126.65125,35.79208],[126.70014,35.79819],[126.74764,35.78792],[126.76986,35.77291],[126.7768,35.75125],[126.8018,35.74486],[126.7782,35.75542],[126.78181,35.8032],[126.75042,35.81014],[126.68459,35.84319],[126.69736,35.8568],[126.7307,35.86708],[126.78986,35.86458],[126.79958,35.87431],[126.80014,35.89208],[126.82375,35.89875],[126.82875,35.90847],[126.78709,35.90347],[126.76958,35.88931],[126.73792,35.89431],[126.71709,35.88514],[126.68264,35.89375],[126.6682,35.88319],[126.61347,35.88569],[126.61014,35.91819],[126.61681,35.93875],[126.59348,35.94792],[126.53902,35.94236],[126.52597,35.91819],[126.53486,35.94236],[126.52153,35.94764],[126.52153,35.96792],[126.52375,35.95153],[126.53875,35.94375],[126.56736,35.94625],[126.56764,35.95208],[126.54708,35.96847],[126.55986,35.97125],[126.52125,35.97292],[126.61375,35.98069],[126.62041,35.9707],[126.62209,35.97875],[126.68069,35.98347],[126.69881055145669,35.99252648323118],[126.70014,35.99292],[126.69964362511833,35.99294284570585],[126.70458,35.99541],[126.73514,35.98569],[126.74903,35.99375],[126.75653,36.01236],[126.74125,36.01807],[126.78229,36.03668],[126.81421,36.03711]]],[[[126.69264,35.9907],[126.68931,35.99125],[126.68819,35.99347],[126.69964362511833,35.99294284570585],[126.69881055145669,35.99252648323118],[126.69264,35.9907]]],[[[126.46347,35.74208],[126.4718,35.74042],[126.47292,35.73875],[126.46208,35.73847],[126.46347,35.74208]]],[[[126.46736,35.75208],[126.47125,35.74764],[126.47097,35.74681],[126.46236,35.74847],[126.46736,35.75208]]],[[[126.4882,35.80181],[126.49236,35.79847],[126.50625,35.76236],[126.48681,35.80069],[126.4882,35.80181]]],[[[126.44791,35.80736],[126.44319,35.81403],[126.45236,35.81986],[126.44041,35.83181],[126.47652,35.82347],[126.50819,35.87264],[126.49847,35.84375],[126.47958,35.82375],[126.48847,35.81569],[126.46958,35.81014],[126.46208,35.81931],[126.45403,35.81653],[126.45875,35.80875],[126.44791,35.80736]]],[[[126.48236,35.84458],[126.48402,35.84208],[126.47292,35.8418],[126.48292,35.84681],[126.48236,35.84458]]],[[[126.5993,35.93847],[126.5993,35.93597],[126.59736,35.93625],[126.59736,35.93875],[126.5993,35.93847]]],[[[126.54459,35.94903],[126.54708,35.94847],[126.54792,35.9468],[126.54514,35.94569],[126.54459,35.94903]]],[[[126.54597,35.96347],[126.55264,35.96069],[126.55264,35.95542],[126.54736,35.9557],[126.54597,35.96347]]],[[[126.49069,35.9782],[126.4957,35.98292],[126.49764,35.9832],[126.49347,35.97903],[126.49069,35.9782]]],[[[126.58542,35.99931],[126.58903,35.99014],[126.52125,35.98819],[126.58652,35.99125],[126.58542,35.99931]]],[[[126.60958,35.99403],[126.60208,35.98986],[126.58986,35.99042],[126.60069,35.99125],[126.60125,35.99847],[126.60709,35.99986],[126.60264,35.99569],[126.60958,35.99403]]]]}},{"type":"Feature","properties":{"id":"jeonnam","label":"전남","selectable":false,"labelAnchor":[126.90202311122869,34.8694468207298],"nameEn":"Jeollanam-do"},"geometry":{"type":"MultiPolygon","coordinates":[[[[125.14403,34.04958],[125.12236,34.04653],[125.11236,34.06375],[125.08542,34.07375],[125.09431,34.07431],[125.0982,34.09597],[125.12347,34.08681],[125.12292,34.0718],[125.14403,34.04958]]],[[[125.09486,34.11764],[125.0957,34.11514],[125.09292,34.11431],[125.09402,34.11764],[125.09486,34.11764]]],[[[125.08514,34.11847],[125.08652,34.11514],[125.0818,34.11681],[125.0818,34.11819],[125.08514,34.11847]]],[[[125.9407,34.16153],[125.94847,34.14542],[125.94569,34.14042],[125.93764,34.15292],[125.9407,34.16153]]],[[[125.85875,34.19875],[125.86375,34.1968],[125.86208,34.19292],[125.85375,34.19653],[125.85875,34.19875]]],[[[125.48959,34.20625],[125.49153,34.20514],[125.49208,34.19931],[125.48847,34.20236],[125.48959,34.20625]]],[[[125.48542,34.20514],[125.46653,34.20181],[125.46625,34.21264],[125.4732,34.21458],[125.47208,34.20792],[125.48542,34.20514]]],[[[125.8468,34.21403],[125.84959,34.21819],[125.85709,34.21819],[125.86486,34.20625],[125.8468,34.21403]]],[[[125.86042,34.22097],[125.86181,34.21875],[125.85847,34.21847],[125.85875,34.22097],[125.86042,34.22097]]],[[[125.8418,34.22736],[125.84903,34.22514],[125.84653,34.21875],[125.8407,34.21931],[125.8418,34.22736]]],[[[125.93653,34.24736],[125.94041,34.23847],[125.94903,34.24597],[125.95597,34.24042],[125.92875,34.22903],[125.92514,34.23792],[125.93653,34.24736]]],[[[125.93181,34.24625],[125.93236,34.24486],[125.92903,34.24264],[125.92875,34.24375],[125.93181,34.24625]]],[[[125.90986,34.25069],[125.91292,34.24042],[125.89709,34.24681],[125.90236,34.25708],[125.92458,34.26208],[125.92653,34.24569],[125.92236,34.25681],[125.91959,34.24847],[125.90986,34.25069]]],[[[125.95903,34.30375],[125.95847,34.30208],[125.95597,34.30208],[125.9568,34.30347],[125.95903,34.30375]]],[[[125.90153,34.30708],[125.9032,34.3068],[125.90403,34.30486],[125.90125,34.30569],[125.90153,34.30708]]],[[[125.94514,34.31181],[125.94625,34.3032],[125.94903,34.30042],[125.94153,34.30708],[125.94514,34.31181]]],[[[125.96403,34.31514],[125.96542,34.31042],[125.95097,34.30931],[125.95736,34.3143],[125.96403,34.31514]]],[[[125.95348,34.35347],[125.95903,34.34431],[125.9482,34.34097],[125.94514,34.34431],[125.95348,34.35347]]],[[[125.93069,34.35486],[125.93125,34.35181],[125.93014,34.35125],[125.92875,34.35431],[125.93069,34.35486]]],[[[125.94097,34.37931],[125.94236,34.3693],[125.93459,34.36431],[125.93236,34.36819],[125.94097,34.37931]]],[[[125.28403,34.40375],[125.29236,34.39153],[125.29875,34.39625],[125.31514,34.38597],[125.30042,34.38653],[125.29652,34.37958],[125.28403,34.40375]]],[[[125.28236,34.43208],[125.28931,34.42514],[125.28542,34.41736],[125.27625,34.42875],[125.28236,34.43208]]],[[[125.29347,34.45181],[125.29542,34.43847],[125.27736,34.43458],[125.29014,34.45181],[125.29347,34.45181]]],[[[125.29875,34.45375],[125.30042,34.45264],[125.3007,34.45014],[125.29764,34.45319],[125.29875,34.45375]]],[[[125.29986,34.4632],[125.30014,34.45819],[125.29486,34.45847],[125.29403,34.46153],[125.29986,34.4632]]],[[[125.30125,34.46931],[125.30514,34.46653],[125.30347,34.46347],[125.30097,34.46458],[125.30125,34.46931]]],[[[125.68681,34.52403],[125.68792,34.52097],[125.68597,34.51931],[125.68264,34.52347],[125.68681,34.52403]]],[[[125.88764,34.56764],[125.89069,34.56264],[125.88153,34.56181],[125.88153,34.56458],[125.88764,34.56764]]],[[[125.91375,34.56792],[125.9157,34.56681],[125.91209,34.56514],[125.91153,34.56764],[125.91375,34.56792]]],[[[125.9007,34.57403],[125.90347,34.57375],[125.90375,34.57292],[125.90041,34.57319],[125.9007,34.57403]]],[[[125.89764,34.57625],[125.89902,34.57514],[125.89569,34.57347],[125.89542,34.57514],[125.89764,34.57625]]],[[[125.90625,34.57708],[125.90875,34.57625],[125.90847,34.57458],[125.90736,34.57458],[125.90625,34.57708]]],[[[125.83903,34.58458],[125.83986,34.58236],[125.83736,34.58208],[125.83764,34.5843],[125.83903,34.58458]]],[[[125.87292,34.60069],[125.87514,34.59986],[125.87653,34.59542],[125.8707,34.59847],[125.87292,34.60069]]],[[[125.87292,34.61681],[125.88708,34.60986],[125.89264,34.59736],[125.87847,34.60542],[125.87292,34.61681]]],[[[125.86819,34.61708],[125.87292,34.60736],[125.86903,34.60209],[125.86736,34.60264],[125.86819,34.61708]]],[[[125.85709,34.62958],[125.8532,34.61903],[125.86264,34.60486],[125.81125,34.59597],[125.81069,34.6032],[125.82931,34.60875],[125.81319,34.61014],[125.80319,34.62292],[125.82153,34.61458],[125.85098,34.63042],[125.85709,34.62958]]],[[[125.86459,34.62264],[125.86681,34.62097],[125.86653,34.61958],[125.86264,34.62125],[125.86459,34.62264]]],[[[125.87625,34.62264],[125.8782,34.62208],[125.87959,34.62014],[125.87542,34.62069],[125.87625,34.62264]]],[[[125.96181,34.64486],[125.97486,34.63458],[125.97708,34.61875],[125.9643,34.62903],[125.95541,34.6232],[125.94625,34.63403],[125.96181,34.64486]]],[[[125.9418,34.63569],[125.94375,34.63153],[125.94097,34.62903],[125.93792,34.63264],[125.9418,34.63569]]],[[[125.4657,34.63736],[125.4557,34.64236],[125.46403,34.65597],[125.47347,34.65542],[125.4782,34.64903],[125.4657,34.63736]]],[[[125.89098,34.65458],[125.89597,34.65153],[125.88236,34.64958],[125.88375,34.65486],[125.89098,34.65458]]],[[[125.95097,34.65292],[125.95292,34.6543],[125.95986,34.65375],[125.95986,34.65181],[125.95097,34.65292]]],[[[125.41736,34.64153],[125.40931,34.63625],[125.41125,34.62375],[125.39514,34.62931],[125.38514,34.64375],[125.39819,34.64903],[125.3868,34.65792],[125.40875,34.68347],[125.4082,34.69431],[125.44097,34.69903],[125.42903,34.68486],[125.44153,34.68375],[125.44375,34.69458],[125.45181,34.68958],[125.45375,34.69597],[125.46458,34.68681],[125.44486,34.68125],[125.44236,34.66319],[125.42236,34.65903],[125.42819,34.64514],[125.41125,34.64514],[125.41736,34.64153]]],[[[125.8493,34.66431],[125.85098,34.66347],[125.85042,34.66097],[125.84708,34.66319],[125.8493,34.66431]]],[[[125.85014,34.67597],[125.85236,34.67458],[125.84792,34.67208],[125.84653,34.67403],[125.85014,34.67597]]],[[[125.39098,34.69653],[125.39542,34.69097],[125.37014,34.66597],[125.36375,34.66875],[125.36125,34.67569],[125.37986,34.68153],[125.39098,34.69653]]],[[[125.17903,34.68819],[125.18153,34.68681],[125.18069,34.68514],[125.17764,34.68542],[125.17903,34.68819]]],[[[125.21264,34.69514],[125.20292,34.67986],[125.19292,34.68347],[125.19764,34.6743],[125.18847,34.6743],[125.18792,34.66486],[125.18236,34.66681],[125.17875,34.68292],[125.19236,34.68625],[125.20153,34.71625],[125.20875,34.71625],[125.21264,34.69514]]],[[[125.46347,34.69653],[125.46347,34.69542],[125.46208,34.69597],[125.46236,34.6968],[125.46347,34.69653]]],[[[125.4632,34.7043],[125.46764,34.70014],[125.46819,34.6968],[125.46125,34.70097],[125.4632,34.7043]]],[[[125.9643,34.73764],[125.97208,34.7168],[126.01375,34.70153],[126.00847,34.68708],[125.99709,34.68958],[125.9957,34.68069],[125.97875,34.67236],[125.97931,34.66208],[125.96347,34.65625],[125.95319,34.65903],[125.95431,34.67264],[125.9407,34.66375],[125.93181,34.66819],[125.93236,34.67792],[125.92042,34.67097],[125.91402,34.70458],[125.93625,34.71653],[125.94014,34.711859598765436],[125.94014,34.71125],[125.94048443565048,34.71144606337027],[125.94597,34.70486],[125.94708,34.72236],[125.96014,34.72181],[125.9643,34.73764]]],[[[125.94014,34.7132],[125.9418,34.71375],[125.94209,34.71236],[125.94048443565048,34.71144606337027],[125.94014,34.711859598765436],[125.94014,34.7132]]],[[[125.90236,34.71569],[125.90652,34.71264],[125.90598,34.70764],[125.9007,34.70903],[125.90236,34.71569]]],[[[125.40736,34.71986],[125.40958,34.71514],[125.40569,34.71375],[125.40486,34.71903],[125.40736,34.71986]]],[[[125.89458,34.72153],[125.89125,34.71347],[125.8868,34.71653],[125.89098,34.7168],[125.89458,34.72153]]],[[[125.18931,34.72042],[125.19014,34.71597],[125.18847,34.71514],[125.18708,34.71792],[125.18931,34.72042]]],[[[125.19597,34.71958],[125.19736,34.72125],[125.19847,34.7207],[125.1982,34.71903],[125.19597,34.71958]]],[[[125.19958,34.72597],[125.20181,34.72542],[125.20097,34.72292],[125.19791,34.72375],[125.19958,34.72597]]],[[[125.45597,34.74292],[125.48014,34.73375],[125.46208,34.72569],[125.4632,34.71347],[125.44875,34.72569],[125.45875,34.73014],[125.45597,34.74292]]],[[[125.44986,34.73014],[125.44681,34.72736],[125.44431,34.72847],[125.44708,34.73042],[125.44986,34.73014]]],[[[125.88319,34.73708],[125.88541,34.73403],[125.88486,34.7332],[125.88153,34.73486],[125.88319,34.73708]]],[[[125.94375,34.73736],[125.94847,34.73514],[125.94986,34.73347],[125.9418,34.73625],[125.94375,34.73736]]],[[[125.44514,34.73708],[125.44958,34.73264],[125.43625,34.73458],[125.44431,34.74375],[125.45153,34.73847],[125.44514,34.73708]]],[[[125.94847,34.74097],[125.95097,34.74181],[125.95348,34.73958],[125.95319,34.73875],[125.94847,34.74097]]],[[[125.94431,34.74514],[125.94403,34.74236],[125.9418,34.74153],[125.94041,34.74542],[125.94431,34.74514]]],[[[125.43069,34.74625],[125.43347,34.74542],[125.4343,34.74375],[125.42847,34.74486],[125.43069,34.74625]]],[[[125.96152,34.75208],[125.96264,34.75208],[125.96208,34.74653],[125.95792,34.74875],[125.96152,34.75208]]],[[[125.4268,34.75708],[125.43542,34.75458],[125.43847,34.74847],[125.43208,34.74736],[125.4268,34.75708]]],[[[125.93792,34.75347],[125.93847,34.75153],[125.93514,34.7518],[125.93514,34.75319],[125.93792,34.75347]]],[[[125.95208,34.75819],[125.95348,34.75431],[125.95319,34.75292],[125.95014,34.75542],[125.95208,34.75819]]],[[[125.43653,34.75542],[125.43708,34.75708],[125.43875,34.75708],[125.43903,34.7557],[125.43653,34.75542]]],[[[125.89514,34.76042],[125.88903,34.76653],[125.9032,34.7718],[125.89875,34.78236],[125.94097,34.77708],[125.95375,34.78347],[125.95153,34.78903],[125.96458,34.7868],[125.97486,34.80347],[125.99403,34.8068],[125.99903,34.78153],[125.98681,34.78014],[125.98319,34.76847],[125.92986,34.76264],[125.92931,34.74986],[125.94264,34.7332],[125.92903,34.72875],[125.94125,34.72875],[125.94014,34.72125],[125.9118,34.7168],[125.88736,34.7318],[125.89514,34.76042]]],[[[125.44375,34.76792],[125.44292,34.75958],[125.43403,34.75736],[125.4343,34.7668],[125.44375,34.76792]]],[[[125.46069,34.76375],[125.46208,34.76264],[125.46181,34.76153],[125.4593,34.76292],[125.46069,34.76375]]],[[[125.92236,34.7868],[125.92181,34.78153],[125.92069,34.78125],[125.92042,34.78597],[125.92236,34.7868]]],[[[125.90514,34.79014],[125.90625,34.78486],[125.90236,34.78486],[125.90097,34.78847],[125.90514,34.79014]]],[[[125.79041,34.78931],[125.78902,34.78597],[125.78542,34.7868],[125.7868,34.78903],[125.79041,34.78931]]],[[[125.9107,34.79542],[125.91681,34.79181],[125.90986,34.78708],[125.90542,34.79208],[125.9107,34.79542]]],[[[125.95736,34.7993],[125.95792,34.79708],[125.95458,34.79792],[125.95458,34.79958],[125.95736,34.7993]]],[[[125.96014,34.82375],[125.96152,34.82292],[125.95431,34.81347],[125.95348,34.81986],[125.96014,34.82375]]],[[[125.95097,34.83569],[125.95375,34.83458],[125.95375,34.83375],[125.95153,34.83347],[125.95097,34.83569]]],[[[125.9568,34.94653],[125.9568,34.94375],[125.95348,34.94542],[125.95431,34.94653],[125.9568,34.94653]]],[[[125.93181,35.05931],[125.93403,35.05736],[125.93375,35.05431],[125.92875,35.05569],[125.93181,35.05931]]],[[[125.94458,35.06514],[125.94958,35.06264],[125.94791,35.05625],[125.93931,35.05819],[125.94458,35.06514]]],[[[125.92264,35.06736],[125.92653,35.06681],[125.92653,35.0607],[125.92097,35.06181],[125.92264,35.06736]]],[[[125.91431,35.07236],[125.91402,35.07625],[125.91986,35.07153],[125.92014,35.06986],[125.91431,35.07236]]],[[[125.9182,35.08514],[125.92458,35.07819],[125.92097,35.07403],[125.91458,35.0807],[125.9182,35.08514]]],[[[125.87875,35.14014],[125.88931,35.13958],[125.89181,35.13486],[125.88486,35.13153],[125.87875,35.14014]]],[[[125.90459,35.1418],[125.91348,35.13569],[125.90958,35.13042],[125.90208,35.13264],[125.90459,35.1418]]],[[[125.90764,35.14292],[125.90986,35.14153],[125.90986,35.14042],[125.90708,35.1418],[125.90764,35.14292]]],[[[125.9107,35.21125],[125.91264,35.21041],[125.9118,35.20486],[125.90569,35.20875],[125.9107,35.21125]]],[[[125.90208,35.2132],[125.90514,35.21236],[125.90514,35.20986],[125.89902,35.21208],[125.90208,35.2132]]],[[[125.99181,34.23014],[125.99042,34.22709],[125.98764,34.22931],[125.98792,34.22986],[125.99181,34.23014]]],[[[126.06125,34.23847],[126.05764,34.22403],[126.04236,34.2318],[126.03514,34.21931],[126.02486,34.23875],[126.04847,34.23875],[126.05042,34.25431],[126.06347,34.25097],[126.06903,34.23819],[126.06125,34.23847]]],[[[125.96236,34.23931],[125.9643,34.23792],[125.96403,34.23597],[125.96069,34.23653],[125.96236,34.23931]]],[[[126.0118,34.26403],[126.01319,34.26236],[126.01125,34.26153],[126.01014,34.26375],[126.0118,34.26403]]],[[[126.00375,34.27014],[126.00986,34.26486],[125.99847,34.2593],[126.00347,34.25208],[125.99236,34.25375],[125.98986,34.27069],[125.97847,34.26708],[125.97847,34.27681],[125.99208,34.27903],[125.99347,34.26458],[126.00375,34.27014]]],[[[125.9957,34.29208],[126.00236,34.28986],[126.00264,34.28903],[125.99181,34.2868],[125.9957,34.29208]]],[[[126.00792,34.29181],[126.00708,34.29014],[126.00514,34.29014],[126.00597,34.29208],[126.00792,34.29181]]],[[[125.97569,34.30431],[125.98486,34.30042],[125.98514,34.29625],[125.97236,34.29764],[125.97569,34.30431]]],[[[126.01208,34.30708],[126.01347,34.3068],[126.01375,34.30486],[126.0107,34.30458],[126.01208,34.30708]]],[[[126.01598,34.31708],[126.0193,34.31042],[126.00597,34.30542],[125.99709,34.31347],[126.01598,34.31708]]],[[[125.98986,34.31208],[125.99153,34.3107],[125.98792,34.3107],[125.98875,34.31236],[125.98986,34.31208]]],[[[125.97569,34.3218],[125.98042,34.31403],[125.97041,34.30597],[125.96819,34.32153],[125.97569,34.3218]]],[[[126.0268,34.32458],[126.02764,34.32264],[126.02514,34.32132],[126.02486,34.32347],[126.0268,34.32458]]],[[[126.03931,34.32514],[126.04097,34.32375],[126.04041,34.32241],[126.03736,34.32319],[126.03931,34.32514]]],[[[125.97791,34.3307],[125.98097,34.32542],[125.97625,34.32319],[125.9743,34.32597],[125.97791,34.3307]]],[[[125.99819,34.34153],[126.01403,34.33347],[126.01125,34.33931],[126.02597,34.34208],[126.01403,34.34347],[126.02097,34.35014],[126.01236,34.35458],[126.01514,34.36042],[126.02903,34.34126],[126.05347,34.33208],[126.06014,34.32014],[126.04542,34.32042],[126.03764,34.32986],[126.0332,34.32403],[126.02348,34.33042],[126.02014,34.3218],[125.99625,34.32486],[125.99764,34.33764],[125.99125,34.33875],[125.99819,34.34153]]],[[[125.97514,34.3457],[125.97625,34.34319],[125.97097,34.34431],[125.97125,34.3457],[125.97514,34.3457]]],[[[125.9893,34.35458],[125.98959,34.34792],[125.98236,34.35153],[125.98347,34.35375],[125.9893,34.35458]]],[[[125.96264,34.36264],[125.96236,34.37653],[125.97014,34.37569],[125.9657,34.38181],[125.97403,34.37236],[125.96264,34.36264]]],[[[126.0432,34.37792],[126.04486,34.37514],[126.04459,34.37375],[126.04125,34.37708],[126.0432,34.37792]]],[[[126.00569,34.38375],[126.00708,34.37542],[126.0032,34.3732],[126.00181,34.37764],[126.00569,34.38375]]],[[[126.03902,34.38264],[126.04153,34.38236],[126.0407,34.37986],[126.03819,34.3807],[126.03902,34.38264]]],[[[126.01598,34.38569],[126.0182,34.38375],[126.01791,34.38264],[126.01458,34.38375],[126.01598,34.38569]]],[[[126.0332,34.39347],[126.03625,34.40097],[126.04014,34.39791],[126.04097,34.3932],[126.0332,34.39347]]],[[[126.0107,34.40403],[126.01514,34.40042],[126.01153,34.39542],[126.00736,34.39847],[126.0107,34.40403]]],[[[125.98402,34.42792],[125.99014,34.42486],[125.99181,34.42125],[125.98625,34.42264],[125.98402,34.42792]]],[[[126.00847,34.42736],[126.00681,34.42458],[126.00403,34.42486],[126.00459,34.42681],[126.00847,34.42736]]],[[[125.99819,34.45597],[126.00208,34.45292],[126.00181,34.45208],[125.9968,34.4543],[125.99819,34.45597]]],[[[125.98597,34.45764],[125.98625,34.45542],[125.98431,34.45347],[125.98402,34.45681],[125.98597,34.45764]]],[[[126.04236,34.45708],[126.04264,34.4557],[126.04125,34.45542],[126.04097,34.45708],[126.04236,34.45708]]],[[[126.0257,34.45792],[126.02708,34.45903],[126.0282,34.45819],[126.02764,34.45597],[126.0257,34.45792]]],[[[125.98653,34.46375],[125.99153,34.46347],[125.99208,34.46097],[125.98569,34.46097],[125.98653,34.46375]]],[[[126.01598,34.53208],[126.01598,34.5293],[126.01292,34.53014],[126.01347,34.53181],[126.01598,34.53208]]],[[[126.04097,34.5457],[126.04403,34.54375],[126.04403,34.54319],[126.03764,34.54486],[126.04097,34.5457]]],[[[126.01625,34.56903],[126.01653,34.56708],[126.01486,34.56597],[126.01375,34.5682],[126.01625,34.56903]]],[[[125.9968,34.59236],[126.00042,34.59125],[126.00042,34.58764],[125.99625,34.5882],[125.9968,34.59236]]],[[[126.00653,34.59264],[126.00736,34.59042],[126.00486,34.58736],[126.00403,34.58986],[126.00653,34.59264]]],[[[125.96958,34.57736],[125.97292,34.59486],[125.95653,34.59764],[125.97459,34.60403],[125.98681,34.60069],[125.97598,34.59514],[125.97903,34.5793],[125.96958,34.57736]]],[[[125.98875,34.59347],[125.98986,34.59292],[125.99042,34.59125],[125.98764,34.59125],[125.98875,34.59347]]],[[[126.04875,34.57431],[126.04153,34.56792],[126.03514,34.57653],[126.02597,34.57125],[126.0293,34.56514],[126.0182,34.56486],[126.0218,34.57431],[126.01431,34.58514],[126.02653,34.59264],[126.01958,34.60014],[126.01097,34.59625],[126.01653,34.61847],[126.01014,34.63097],[126.02875,34.63514],[126.0282,34.62792],[126.03986,34.62847],[126.03125,34.61958],[126.03375,34.60625],[126.03875,34.60875],[126.03986,34.60042],[126.05514,34.60431],[126.05264,34.58681],[126.06014,34.59236],[126.06458,34.58319],[126.05542,34.56792],[126.04875,34.57431]]],[[[126.00597,34.60708],[126.00708,34.60014],[125.99764,34.59764],[125.99847,34.60209],[126.00597,34.60708]]],[[[125.99292,34.60625],[125.99319,34.60347],[125.98959,34.60486],[125.99069,34.60708],[125.99292,34.60625]]],[[[126.03848,34.61958],[126.03931,34.61875],[126.03931,34.61736],[126.03625,34.61903],[126.03848,34.61958]]],[[[126.00208,34.63125],[126.00931,34.61097],[125.98542,34.60903],[125.99736,34.61847],[125.99042,34.62097],[125.99403,34.62903],[126.00208,34.63125]]],[[[126.01319,34.64486],[126.01986,34.63986],[126.00208,34.63847],[126.00597,34.64431],[126.01319,34.64486]]],[[[126.02792,34.64653],[126.02959,34.64569],[126.02986,34.64486],[126.02625,34.64569],[126.02792,34.64653]]],[[[126.04514,34.64958],[126.04819,34.64847],[126.04792,34.64292],[126.04375,34.64819],[126.04514,34.64958]]],[[[126.00681,34.64931],[126.0107,34.64875],[126.01208,34.64653],[126.00764,34.64708],[126.00681,34.64931]]],[[[126.00653,34.65236],[126.00708,34.65097],[126.00459,34.65153],[126.00514,34.65264],[126.00653,34.65236]]],[[[126.01458,34.65986],[126.01514,34.6582],[126.01153,34.65931],[126.0118,34.66014],[126.01458,34.65986]]],[[[126.02069,34.66847],[126.02125,34.66653],[126.01875,34.66486],[126.01764,34.66764],[126.02069,34.66847]]],[[[126.03542,34.67236],[126.03848,34.67236],[126.03958,34.66903],[126.03375,34.66792],[126.03542,34.67236]]],[[[126.01097,34.68597],[126.01431,34.68625],[126.01458,34.68319],[126.01041,34.68458],[126.01097,34.68597]]],[[[126.00486,34.68681],[126.00681,34.68653],[126.00764,34.68486],[126.00569,34.68458],[126.00486,34.68681]]],[[[125.99958,34.71347],[126.0043,34.71125],[126.00375,34.70903],[125.99958,34.71069],[125.99958,34.71347]]],[[[126.00542,34.72347],[126.00819,34.72264],[126.00986,34.72097],[126.00542,34.72208],[126.00542,34.72347]]],[[[126.02875,34.72986],[126.0268,34.72264],[126.01681,34.72792],[126.01736,34.73014],[126.02875,34.72986]]],[[[125.99875,34.73042],[126.00181,34.7282],[126.00014,34.72569],[125.99709,34.72986],[125.99875,34.73042]]],[[[126.03792,34.72931],[126.03902,34.72958],[126.03931,34.72736],[126.03848,34.72709],[126.03792,34.72931]]],[[[125.99403,34.73097],[125.99597,34.72931],[125.99486,34.72597],[125.99181,34.72736],[125.99403,34.73097]]],[[[126.04181,34.7368],[126.04181,34.73458],[126.04486,34.73264],[126.04014,34.73486],[126.04181,34.7368]]],[[[126.03597,34.73708],[126.03792,34.73708],[126.03819,34.73597],[126.03625,34.73514],[126.03597,34.73708]]],[[[125.98736,34.73958],[125.98986,34.73847],[125.98597,34.73653],[125.98542,34.73764],[125.98736,34.73958]]],[[[126.01514,34.74875],[126.02486,34.74486],[126.02764,34.73153],[126.01403,34.73292],[126.01514,34.74875]]],[[[126.01292,34.7518],[126.01319,34.75069],[126.01236,34.75042],[126.0118,34.7518],[126.01292,34.7518]]],[[[125.97208,34.75958],[125.97569,34.75986],[125.9782,34.75514],[125.97264,34.75486],[125.97208,34.75958]]],[[[126.01847,34.76625],[126.02708,34.76375],[126.02847,34.75403],[126.01958,34.75486],[126.01847,34.76625]]],[[[125.99875,34.77347],[125.99819,34.76208],[125.98569,34.77097],[125.98681,34.77375],[125.99875,34.77347]]],[[[126.03902,34.78236],[126.03875,34.77291],[126.02736,34.77875],[126.03403,34.77875],[126.03902,34.78236]]],[[[126.0282,34.78431],[126.02903,34.78264],[126.02597,34.78347],[126.02653,34.78458],[126.0282,34.78431]]],[[[126.03431,34.78819],[126.03542,34.78736],[126.03347,34.78597],[126.0332,34.78819],[126.03431,34.78819]]],[[[126.03375,34.81181],[126.03709,34.80931],[126.03625,34.80792],[126.03403,34.80986],[126.03375,34.81181]]],[[[126.02875,34.81486],[126.03098,34.81375],[126.03098,34.81319],[126.02986,34.81264],[126.02875,34.81486]]],[[[126.0218,34.81625],[126.02209,34.81569],[126.02042,34.8143],[126.02042,34.81625],[126.0218,34.81625]]],[[[125.97097,34.82014],[125.97292,34.81236],[125.96958,34.81153],[125.96792,34.81986],[125.97097,34.82014]]],[[[126.01903,34.85986],[126.01791,34.85986],[126.01764,34.86125],[126.01958,34.86153],[126.01903,34.85986]]],[[[125.97125,34.86403],[125.97097,34.8618],[125.96792,34.86236],[125.96986,34.86431],[125.97125,34.86403]]],[[[126.08375,34.9118],[126.09875,34.90986],[126.08264,34.89764],[126.09847,34.88958],[126.08598,34.87875],[126.08542,34.88792],[126.0807,34.88569],[126.08403,34.86403],[126.06319,34.86486],[126.06653,34.85708],[126.05264,34.85403],[126.04125,34.85875],[126.04708,34.84653],[126.0432,34.84319],[126.03208,34.85931],[126.02236,34.85625],[126.02375,34.87208],[126.00847,34.85903],[125.99819,34.86597],[125.97708,34.86403],[125.97931,34.87375],[125.96764,34.87097],[125.96819,34.87736],[125.99042,34.87542],[126.00698470546907,34.90144923714085],[126.00819,34.9007],[126.00847,34.90153],[126.00751926226063,34.90228922222352],[126.01375,34.91208],[126.03291,34.90903],[126.03986,34.91958],[126.0443,34.90986],[126.05514,34.91153],[126.06125,34.91986],[126.05708,34.93847],[126.07931,34.93125],[126.07819,34.91986],[126.09125,34.92236],[126.08375,34.9118]]],[[[126.00597,34.90208],[126.00708,34.90264],[126.00751926226063,34.90228922222352],[126.00698470546907,34.90144923714085],[126.00597,34.90208]]],[[[126.0032,34.90903],[126.00347,34.9118],[126.00569,34.9118],[126.00847,34.91042],[126.0032,34.90903]]],[[[126.01764,34.92514],[126.02069,34.92236],[126.02069,34.9193],[126.01598,34.92292],[126.01764,34.92514]]],[[[126.01764,34.93153],[126.02236,34.93125],[126.02236,34.92847],[126.01903,34.92736],[126.01764,34.93153]]],[[[125.96931,35.03125],[125.97292,35.03042],[125.97347,35.02903],[125.96819,35.02819],[125.96931,35.03125]]],[[[125.97208,35.04097],[125.97403,35.03959],[125.9743,35.03875],[125.97236,35.03903],[125.97208,35.04097]]],[[[126.01653,35.10403],[126.03208,35.09042],[126.02708,35.07597],[126.01125,35.08708],[126.01653,35.10403]]],[[[126.03514,35.09403],[126.03514,35.09097],[126.03125,35.0918],[126.03152,35.09292],[126.03514,35.09403]]],[[[125.97791,35.09319],[125.98097,35.09792],[125.98542,35.09514],[125.98319,35.09153],[125.97791,35.09319]]],[[[126.04652,35.09736],[126.04819,35.09681],[126.04875,35.0957],[126.04459,35.09681],[126.04652,35.09736]]],[[[126.03931,35.10125],[126.03986,35.09875],[126.03764,35.09764],[126.03709,35.10097],[126.03931,35.10125]]],[[[125.98625,35.10736],[125.98903,35.10042],[125.97764,35.10209],[125.97764,35.10542],[125.98625,35.10736]]],[[[125.99125,35.33903],[126.00792,35.33319],[126.01097,35.32819],[125.98986,35.31792],[125.99847,35.32903],[125.98514,35.33569],[125.99125,35.33903]]],[[[126.03098,35.3343],[126.01347,35.33125],[126.01958,35.33903],[126.00792,35.34486],[126.02375,35.34653],[125.99986,35.35181],[125.99458,35.35708],[126.02069,35.35736],[126.02125,35.36403],[126.04181,35.3457],[126.03098,35.3343]]],[[[126.08736,34.22903],[126.0893,34.22792],[126.08903,34.22709],[126.08708,34.22764],[126.08736,34.22903]]],[[[126.07264,34.23292],[126.07569,34.23625],[126.07848,34.2332],[126.07819,34.23153],[126.07264,34.23292]]],[[[126.08764,34.24931],[126.08236,34.24208],[126.07625,34.24625],[126.07736,34.24847],[126.08764,34.24931]]],[[[126.0507,34.26097],[126.05458,34.25986],[126.05597,34.25736],[126.04903,34.25625],[126.0507,34.26097]]],[[[126.09792,34.27125],[126.10875,34.26958],[126.11236,34.26125],[126.10069,34.26264],[126.09792,34.27125]]],[[[126.05597,34.27236],[126.05708,34.26986],[126.05542,34.26903],[126.05347,34.27208],[126.05597,34.27236]]],[[[126.01598,34.2957],[126.0332,34.3068],[126.02209,34.3107],[126.03958,34.31875],[126.05319,34.30431],[126.08847,34.31208],[126.0957,34.27542],[126.0743,34.28458],[126.06709,34.27403],[126.06264,34.28875],[126.05264,34.28653],[126.05681,34.27375],[126.04931,34.28347],[126.02319,34.28514],[126.02764,34.29208],[126.01598,34.2957]]],[[[126.11069,34.34958],[126.1132,34.34264],[126.10764,34.33653],[126.10736,34.3457],[126.11069,34.34958]]],[[[126.04125,34.40681],[126.05153,34.4007],[126.05431,34.39236],[126.04208,34.3968],[126.04125,34.40681]]],[[[126.08375,34.42931],[126.08542,34.42597],[126.08264,34.42514],[126.08153,34.4282],[126.08375,34.42931]]],[[[126.08958,34.44014],[126.09125,34.43875],[126.0882,34.43681],[126.08736,34.43986],[126.08958,34.44014]]],[[[126.06431,34.44292],[126.0657,34.44236],[126.06541,34.43847],[126.06125,34.44014],[126.06431,34.44292]]],[[[126.09236,34.46181],[126.09625,34.45736],[126.10431,34.4543],[126.09264,34.45597],[126.09236,34.46181]]],[[[126.06625,34.49125],[126.0582,34.48125],[126.07069,34.48069],[126.04264,34.45875],[126.0357,34.46069],[126.04236,34.46986],[126.03181,34.4832],[126.03958,34.47958],[126.05097,34.49208],[126.04681,34.49542],[126.05597,34.49764],[126.06625,34.49125]]],[[[126.08569,34.49319],[126.08681,34.48708],[126.08097,34.48431],[126.07875,34.49153],[126.08569,34.49319]]],[[[126.10625,34.49458],[126.11125,34.49181],[126.11069,34.48931],[126.10098,34.49208],[126.10625,34.49458]]],[[[126.08598,34.5168],[126.08875,34.5168],[126.08903,34.51431],[126.08569,34.51569],[126.08598,34.5168]]],[[[126.08652,34.51958],[126.08681,34.51903],[126.0843,34.51708],[126.0843,34.51903],[126.08652,34.51958]]],[[[126.09764,34.52069],[126.09792,34.51736],[126.09319,34.51903],[126.09514,34.52097],[126.09764,34.52069]]],[[[126.10458,34.53208],[126.10792,34.52986],[126.10736,34.52708],[126.10208,34.52903],[126.10458,34.53208]]],[[[126.06014,34.55486],[126.04041,34.55791],[126.02736,34.55125],[126.03347,34.56347],[126.06958,34.55792],[126.09458,34.56847],[126.10208,34.55486],[126.08264,34.55569],[126.08625,34.54597],[126.07736,34.54014],[126.06236,34.54014],[126.05625,34.53042],[126.02541,34.53458],[126.0293,34.54403],[126.04514,34.53764],[126.04681,34.54597],[126.06069,34.54819],[126.06014,34.55486]]],[[[126.0843,34.57153],[126.08319,34.56847],[126.08014,34.57125],[126.08236,34.57014],[126.0843,34.57153]]],[[[126.07347,34.57292],[126.07347,34.57097],[126.07069,34.57153],[126.07291,34.57319],[126.07347,34.57292]]],[[[126.0807,34.57625],[126.08236,34.57486],[126.08041,34.57264],[126.07848,34.57486],[126.0807,34.57625]]],[[[126.10042,34.57792],[126.10181,34.57375],[126.09319,34.57542],[126.09903,34.57819],[126.10042,34.57792]]],[[[126.08569,34.57986],[126.0882,34.57792],[126.08681,34.57431],[126.08292,34.57625],[126.08569,34.57986]]],[[[126.06958,34.61153],[126.04847,34.61986],[126.05597,34.62986],[126.07264,34.62597],[126.07291,34.61458],[126.08292,34.61625],[126.08847,34.60486],[126.10014,34.6082],[126.09236,34.60069],[126.10375,34.59514],[126.10152,34.58847],[126.11153,34.58875],[126.10514,34.5793],[126.07208,34.58847],[126.06958,34.61153]]],[[[126.04931,34.61514],[126.05292,34.61042],[126.04681,34.60875],[126.05014,34.61236],[126.04931,34.61514]]],[[[126.11542,34.61486],[126.11375,34.61125],[126.10847,34.61153],[126.10875,34.61486],[126.11542,34.61486]]],[[[126.11736,34.64236],[126.11459,34.65125],[126.12708,34.65208],[126.13042,34.66042],[126.13875,34.65542],[126.1532,34.67264],[126.18792,34.65125],[126.18459,34.63792],[126.20069,34.64264],[126.20153,34.63569],[126.17486,34.62153],[126.16348,34.62847],[126.15208,34.61819],[126.12264,34.61542],[126.12422268522248,34.61904808702008],[126.12569,34.61875],[126.12465196432348,34.620032149998764],[126.13403,34.64153],[126.12791,34.64791],[126.11736,34.64236]]],[[[126.10792,34.62236],[126.11042,34.62403],[126.12097,34.62458],[126.12465196432348,34.620032149998764],[126.12422268522248,34.61904808702008],[126.10792,34.62236]]],[[[126.07014,34.63014],[126.07153,34.62986],[126.07153,34.62931],[126.06875,34.63042],[126.07014,34.63014]]],[[[126.0657,34.63514],[126.06764,34.63486],[126.06792,34.63236],[126.06514,34.63375],[126.0657,34.63514]]],[[[126.08097,34.63986],[126.08847,34.63347],[126.08875,34.62931],[126.08014,34.63764],[126.08097,34.63986]]],[[[126.07653,34.6382],[126.07986,34.63486],[126.07958,34.63375],[126.0743,34.63486],[126.07653,34.6382]]],[[[126.09375,34.63875],[126.09625,34.63681],[126.09514,34.63514],[126.09236,34.63764],[126.09375,34.63875]]],[[[126.09153,34.64264],[126.0918,34.64014],[126.08791,34.64097],[126.0882,34.64292],[126.09153,34.64264]]],[[[126.11097,34.64931],[126.11292,34.64625],[126.11014,34.64458],[126.10847,34.64764],[126.11097,34.64931]]],[[[126.08514,34.65903],[126.08347,34.65764],[126.08236,34.65792],[126.08459,34.65958],[126.08514,34.65903]]],[[[126.04764,34.66875],[126.04625,34.66125],[126.05042,34.64986],[126.04347,34.65292],[126.04764,34.66875]]],[[[126.07958,34.69042],[126.06986,34.67153],[126.06597,34.67125],[126.06458,34.68403],[126.07958,34.69042]]],[[[126.11042,34.71264],[126.11208,34.70375],[126.09625,34.69986],[126.0957,34.70792],[126.11042,34.71264]]],[[[126.07681,34.71431],[126.08264,34.70986],[126.08041,34.7057],[126.07347,34.71125],[126.07681,34.71431]]],[[[126.0657,34.71236],[126.06847,34.71125],[126.06736,34.70847],[126.06431,34.71181],[126.0657,34.71236]]],[[[126.07986,34.71903],[126.08403,34.71542],[126.08347,34.71347],[126.07903,34.71819],[126.07986,34.71903]]],[[[126.07375,34.71931],[126.07486,34.71847],[126.07458,34.71736],[126.07181,34.71847],[126.07375,34.71931]]],[[[126.08403,34.7243],[126.08708,34.72236],[126.08652,34.71653],[126.07986,34.72236],[126.08403,34.7243]]],[[[126.06541,34.74597],[126.06486,34.74486],[126.06375,34.74597],[126.06541,34.74736],[126.06541,34.74597]]],[[[126.05236,34.75486],[126.06097,34.7557],[126.06014,34.74014],[126.04847,34.7518],[126.05236,34.75486]]],[[[126.05736,34.77014],[126.04958,34.75736],[126.03931,34.75514],[126.04847,34.76625],[126.05736,34.77014]]],[[[126.07653,34.77681],[126.08153,34.77514],[126.08486,34.77097],[126.07819,34.77291],[126.07653,34.77681]]],[[[126.07958,34.77819],[126.08041,34.77819],[126.08208,34.77597],[126.07848,34.77764],[126.07958,34.77819]]],[[[126.05153,34.78153],[126.05375,34.78153],[126.05403,34.78097],[126.05097,34.77986],[126.05153,34.78153]]],[[[126.06986,34.80931],[126.07958,34.79792],[126.07681,34.7943],[126.06792,34.80014],[126.06986,34.80931]]],[[[126.0843,34.8068],[126.08542,34.8068],[126.08736,34.80375],[126.08375,34.80181],[126.0843,34.8068]]],[[[126.0807,34.8143],[126.08153,34.81403],[126.08125,34.81125],[126.07986,34.81319],[126.0807,34.8143]]],[[[126.0668,34.81097],[126.04708,34.81514],[126.04236,34.82542],[126.04792,34.82764],[126.06431,34.8182],[126.0668,34.81097]]],[[[126.0593,34.83403],[126.0593,34.83208],[126.06319,34.82903],[126.05791,34.83042],[126.0593,34.83403]]],[[[126.11958,34.80208],[126.09431,34.79681],[126.09042,34.81486],[126.0743,34.82375],[126.0582,34.8493],[126.08652,34.86069],[126.1143,34.84958],[126.11958,34.85764],[126.11014,34.86403],[126.1143,34.87264],[126.10847,34.87958],[126.11459,34.88264],[126.13792,34.87514],[126.14291,34.88181],[126.15764,34.86236],[126.13208,34.85986],[126.13014,34.85431],[126.14709,34.84875],[126.14902,34.83931],[126.13347,34.83208],[126.12153,34.83653],[126.1132,34.82653],[126.12292,34.81208],[126.11958,34.80208]]],[[[126.05764,34.8457],[126.05736,34.84236],[126.05403,34.84292],[126.05514,34.84597],[126.05764,34.8457]]],[[[126.05264,34.85014],[126.05319,34.84847],[126.05014,34.84875],[126.05042,34.85014],[126.05264,34.85014]]],[[[126.06764,34.85875],[126.06736,34.86014],[126.06847,34.85958],[126.06903,34.85875],[126.06764,34.85875]]],[[[126.10291,34.86625],[126.10347,34.86403],[126.09986,34.8657],[126.10014,34.86653],[126.10291,34.86625]]],[[[126.09875,34.86986],[126.09986,34.86903],[126.09764,34.86875],[126.09764,34.86958],[126.09875,34.86986]]],[[[126.08986,34.87847],[126.08986,34.87569],[126.08681,34.87625],[126.08791,34.87819],[126.08986,34.87847]]],[[[126.09625,34.87819],[126.09458,34.87653],[126.0907,34.87958],[126.09653,34.88042],[126.09625,34.87819]]],[[[126.12153,34.88875],[126.12014,34.88486],[126.11569,34.88514],[126.11597,34.88653],[126.12153,34.88875]]],[[[126.10819,34.88903],[126.11153,34.88542],[126.10514,34.88486],[126.10625,34.88847],[126.10819,34.88903]]],[[[126.09153,34.89764],[126.09042,34.89736],[126.08903,34.89819],[126.0918,34.89875],[126.09153,34.89764]]],[[[126.10125,34.90236],[126.10208,34.90153],[126.10208,34.90042],[126.10042,34.90153],[126.10125,34.90236]]],[[[126.05292,34.92292],[126.05292,34.92097],[126.0507,34.92208],[126.05125,34.92319],[126.05292,34.92292]]],[[[126.11542,34.95042],[126.11708,34.94875],[126.11708,34.94792],[126.11514,34.94875],[126.11542,34.95042]]],[[[126.11486,34.99458],[126.11459,34.99375],[126.11292,34.99264],[126.11347,34.99486],[126.11486,34.99458]]],[[[126.08764,34.99736],[126.08875,34.99653],[126.08875,34.99569],[126.08652,34.99653],[126.08764,34.99736]]],[[[126.09903,34.9982],[126.09847,34.99708],[126.09653,34.99708],[126.09708,34.9982],[126.09903,34.9982]]],[[[126.10098,35.01486],[126.10403,35.01375],[126.10264,35.00958],[126.09986,35.01042],[126.10098,35.01486]]],[[[126.10347,35.01875],[126.10486,35.0182],[126.10542,35.0168],[126.10125,35.01792],[126.10347,35.01875]]],[[[126.11264,35.02153],[126.11236,35.01736],[126.10902,35.01597],[126.10709,35.01931],[126.11264,35.02153]]],[[[126.10347,35.02319],[126.1032,35.0218],[126.10098,35.02264],[126.10236,35.02375],[126.10347,35.02319]]],[[[126.11097,35.02792],[126.11125,35.02431],[126.1057,35.02458],[126.1057,35.02625],[126.11097,35.02792]]],[[[126.11292,35.05431],[126.11459,35.05431],[126.11459,35.05236],[126.11153,35.05403],[126.11292,35.05431]]],[[[126.10792,35.04986],[126.07653,35.05569],[126.07653,35.06958],[126.05986,35.06736],[126.06431,35.05542],[126.05791,35.0643],[126.03736,35.06569],[126.05903,35.07431],[126.04208,35.07847],[126.05042,35.09681],[126.05653,35.09543],[126.04931,35.1032],[126.07819,35.10486],[126.11403,35.1343],[126.11403,35.14347],[126.14375,35.14014],[126.15041,35.14708],[126.16319,35.14542],[126.14486,35.13736],[126.12431,35.13597],[126.11403,35.11125],[126.11931,35.10403],[126.1158933043305,35.10341504397597],[126.1143,35.10375],[126.11436007248128,35.103139084319885],[126.10542,35.10153],[126.10181,35.08569],[126.12264,35.07792],[126.10819,35.07347],[126.11625,35.05875],[126.10042,35.05958],[126.10792,35.04986]]],[[[126.11958,35.10264],[126.12319,35.08125],[126.10597,35.08708],[126.11542,35.09236],[126.11436007248128,35.103139084319885],[126.1158933043305,35.10341504397597],[126.11958,35.10264]]],[[[126.05847,35.11403],[126.06625,35.10903],[126.06736,35.10625],[126.05708,35.10958],[126.05847,35.11403]]],[[[126.04819,35.1157],[126.05236,35.10986],[126.05014,35.10542],[126.04181,35.11208],[126.04819,35.1157]]],[[[126.08153,35.12875],[126.08041,35.12931],[126.08292,35.13042],[126.08292,35.12931],[126.08153,35.12875]]],[[[126.10098,35.13153],[126.10181,35.13153],[126.10264,35.12903],[126.10014,35.13014],[126.10098,35.13153]]],[[[126.07986,35.13847],[126.07958,35.13736],[126.07569,35.13653],[126.07653,35.13792],[126.07986,35.13847]]],[[[126.10792,35.14458],[126.10847,35.1432],[126.10653,35.14236],[126.10709,35.14486],[126.10792,35.14458]]],[[[126.0907,35.24903],[126.10152,35.2557],[126.10152,35.24569],[126.09097,35.24292],[126.0907,35.24903]]],[[[126.1207,35.26042],[126.11625,35.2557],[126.11236,35.25514],[126.11403,35.25903],[126.1207,35.26042]]],[[[126.0893,35.25958],[126.0893,35.25736],[126.08236,35.25625],[126.08319,35.25875],[126.0893,35.25958]]],[[[126.05903,35.36958],[126.06153,35.36597],[126.06069,35.36431],[126.05458,35.36736],[126.05903,35.36958]]],[[[126.05403,35.37542],[126.0582,35.37264],[126.04097,35.37014],[126.04403,35.37514],[126.05403,35.37542]]],[[[126.16514,34.22514],[126.16514,34.22097],[126.16014,34.22208],[126.1607,34.22486],[126.16514,34.22514]]],[[[126.15125,34.22681],[126.15347,34.22486],[126.15347,34.22264],[126.14848,34.22625],[126.15125,34.22681]]],[[[126.16402,34.22847],[126.16486,34.22709],[126.1618,34.22764],[126.16209,34.22875],[126.16402,34.22847]]],[[[126.18347,34.26264],[126.18764,34.25375],[126.17764,34.2407],[126.18403,34.23597],[126.17597,34.23514],[126.17069,34.24014],[126.18347,34.26264]]],[[[126.15625,34.2557],[126.15681,34.25403],[126.15486,34.25375],[126.15486,34.2557],[126.15625,34.2557]]],[[[126.1507,34.26625],[126.15598,34.25958],[126.15625,34.25736],[126.1432,34.26514],[126.1507,34.26625]]],[[[126.17458,34.26431],[126.17792,34.26264],[126.17819,34.26153],[126.17403,34.26153],[126.17458,34.26431]]],[[[126.12597,34.27014],[126.12847,34.26736],[126.12791,34.26542],[126.12486,34.26847],[126.12597,34.27014]]],[[[126.16847,34.32597],[126.17125,34.32514],[126.17152,34.32375],[126.16736,34.32542],[126.16847,34.32597]]],[[[126.12375,34.32958],[126.12375,34.32542],[126.11986,34.32764],[126.12097,34.32986],[126.12375,34.32958]]],[[[126.14986,34.32819],[126.15264,34.33014],[126.15764,34.32847],[126.1582,34.32708],[126.14986,34.32819]]],[[[126.12875,34.35403],[126.1293,34.35292],[126.1282,34.35264],[126.12764,34.35431],[126.12875,34.35403]]],[[[126.12569,34.3568],[126.12375,34.35431],[126.12209,34.35514],[126.12347,34.3568],[126.12569,34.3568]]],[[[126.12514,34.36625],[126.12486,34.36403],[126.12264,34.36458],[126.12347,34.36653],[126.12514,34.36625]]],[[[126.13097,34.38208],[126.13125,34.37958],[126.13014,34.37903],[126.12959,34.38125],[126.13097,34.38208]]],[[[126.16903,34.48931],[126.1693,34.4868],[126.16708,34.48625],[126.16681,34.48819],[126.16903,34.48931]]],[[[126.1693,34.51125],[126.16541,34.50653],[126.16236,34.50597],[126.16209,34.51125],[126.1693,34.51125]]],[[[126.12403,34.51125],[126.12209,34.51042],[126.12097,34.51125],[126.12403,34.51236],[126.12403,34.51125]]],[[[126.12681,34.51431],[126.12681,34.51292],[126.12458,34.51264],[126.12542,34.51431],[126.12681,34.51431]]],[[[126.1768,34.53875],[126.17709,34.53458],[126.17458,34.53347],[126.17486,34.53736],[126.1768,34.53875]]],[[[126.14958,34.57069],[126.15652,34.56653],[126.1518,34.56153],[126.14569,34.56486],[126.14958,34.57069]]],[[[126.15681,34.57736],[126.15764,34.57653],[126.15736,34.57514],[126.15625,34.5757],[126.15681,34.57736]]],[[[126.14597,34.58208],[126.1468,34.57486],[126.13653,34.57847],[126.13792,34.5807],[126.14597,34.58208]]],[[[126.18986,34.59292],[126.18903,34.59097],[126.18597,34.59097],[126.18681,34.59319],[126.18986,34.59292]]],[[[126.18097,34.61542],[126.1843,34.61792],[126.18569,34.6118],[126.18264,34.61097],[126.18097,34.61542]]],[[[126.17819,34.61819],[126.17903,34.61597],[126.17458,34.61708],[126.1768,34.61847],[126.17819,34.61819]]],[[[126.16597,34.61986],[126.16764,34.61903],[126.16319,34.61875],[126.16348,34.61986],[126.16597,34.61986]]],[[[126.18931,34.66319],[126.18819,34.66097],[126.18653,34.66069],[126.18708,34.66292],[126.18931,34.66319]]],[[[126.1532,34.67653],[126.15486,34.67542],[126.15486,34.67458],[126.15264,34.67569],[126.1532,34.67653]]],[[[126.16431,34.68153],[126.16402,34.67986],[126.16153,34.68069],[126.16209,34.6818],[126.16431,34.68153]]],[[[126.18153,34.67903],[126.16402,34.68319],[126.16014,34.69042],[126.16903,34.69125],[126.18097,34.68681],[126.18153,34.67903]]],[[[126.1757,34.69181],[126.17542,34.69014],[126.17264,34.69069],[126.17375,34.69208],[126.1757,34.69181]]],[[[126.14264,34.69847],[126.14736,34.69264],[126.14098,34.68714],[126.13736,34.69542],[126.14264,34.69847]]],[[[126.19292,34.70903],[126.20153,34.69875],[126.19264,34.69736],[126.19764,34.68681],[126.18847,34.68042],[126.17819,34.6932],[126.19292,34.70903]]],[[[126.17069,34.69708],[126.17431,34.69403],[126.17375,34.69292],[126.16986,34.69514],[126.17069,34.69708]]],[[[126.11819,34.71486],[126.09847,34.72014],[126.10236,34.73653],[126.09541,34.73403],[126.09431,34.74292],[126.07264,34.73236],[126.07097,34.74125],[126.0818,34.75097],[126.07736,34.7632],[126.06653,34.76486],[126.06375,34.76847],[126.08403,34.76375],[126.0893,34.77431],[126.1068,34.76625],[126.12514,34.77097],[126.1432,34.75153],[126.16209,34.75736],[126.18291,34.72375],[126.17514,34.70042],[126.14653,34.70181],[126.14538690637715,34.70844508051195],[126.14569,34.70875],[126.1452109502779,34.70946641670152],[126.14208,34.72764],[126.12708,34.72653],[126.11819,34.71486]]],[[[126.14403,34.70708],[126.14181,34.71014],[126.14458,34.71041],[126.1452109502779,34.70946641670152],[126.14538690637715,34.70844508051195],[126.14403,34.70708]]],[[[126.13708,34.70597],[126.12319,34.70486],[126.12153,34.71264],[126.12736,34.71264],[126.13403,34.71069],[126.13708,34.70597]]],[[[126.18847,34.73125],[126.18986,34.73042],[126.1907,34.72569],[126.18542,34.72931],[126.18847,34.73125]]],[[[126.1768,34.74486],[126.17709,34.74375],[126.17347,34.74403],[126.1757,34.74514],[126.1768,34.74486]]],[[[126.16986,34.75292],[126.17264,34.74931],[126.16903,34.74792],[126.16764,34.75153],[126.16986,34.75292]]],[[[126.15208,34.76431],[126.15459,34.7632],[126.15514,34.76208],[126.15014,34.76375],[126.15208,34.76431]]],[[[126.15708,34.78208],[126.16402,34.76514],[126.14958,34.77014],[126.13875,34.76125],[126.13463320392943,34.76827638416259],[126.13541,34.76847],[126.13541,34.76931],[126.13402760288066,34.76931],[126.12736,34.78069],[126.10486,34.77792],[126.0818,34.78819],[126.13819,34.79903],[126.17014,34.7957],[126.15708,34.78208]]],[[[126.13208,34.76764],[126.13264,34.76931],[126.13402760288066,34.76931],[126.13463320392943,34.76827638416259],[126.13208,34.76764]]],[[[126.17292,34.77208],[126.17486,34.77153],[126.17431,34.77014],[126.17152,34.77153],[126.17292,34.77208]]],[[[126.11903,34.77653],[126.1218,34.77625],[126.12375,34.77291],[126.11736,34.77403],[126.11903,34.77653]]],[[[126.16986,34.77681],[126.16959,34.77486],[126.16792,34.77347],[126.16764,34.77431],[126.16986,34.77681]]],[[[126.1918,34.77819],[126.19125,34.7757],[126.18847,34.7757],[126.19014,34.77847],[126.1918,34.77819]]],[[[126.17347,34.78792],[126.17486,34.78375],[126.17152,34.77764],[126.16792,34.78653],[126.17347,34.78792]]],[[[126.14819,34.81181],[126.15375,34.80958],[126.14902,34.79875],[126.14181,34.80569],[126.14819,34.81181]]],[[[126.16319,34.80903],[126.16653,34.81042],[126.16486,34.80653],[126.16375,34.80625],[126.16319,34.80903]]],[[[126.15958,34.82319],[126.16014,34.81542],[126.15486,34.81292],[126.15514,34.82042],[126.15958,34.82319]]],[[[126.16402,34.82125],[126.16348,34.81792],[126.16042,34.81903],[126.16097,34.82125],[126.16402,34.82125]]],[[[126.17264,34.82431],[126.17458,34.82264],[126.17375,34.82069],[126.17125,34.82347],[126.17264,34.82431]]],[[[126.13541,34.83181],[126.14014,34.82958],[126.14153,34.82736],[126.13597,34.82736],[126.13541,34.83181]]],[[[126.17347,34.83903],[126.17375,34.83736],[126.17208,34.83681],[126.17181,34.83903],[126.17347,34.83903]]],[[[126.15569,34.85792],[126.15764,34.85653],[126.15681,34.85514],[126.15403,34.85708],[126.15569,34.85792]]],[[[126.16708,34.88486],[126.16959,34.88042],[126.1682,34.87486],[126.16458,34.88319],[126.16708,34.88486]]],[[[126.1693,34.89153],[126.1693,34.88903],[126.16625,34.88931],[126.16792,34.8918],[126.1693,34.89153]]],[[[126.17625,34.8807],[126.17292,34.88792],[126.18042,34.89069],[126.17875,34.90292],[126.18958,34.89431],[126.17625,34.8807]]],[[[126.1443,34.89847],[126.14542,34.89764],[126.14514,34.89653],[126.1432,34.89708],[126.1443,34.89847]]],[[[126.16875,34.89958],[126.17181,34.89764],[126.17292,34.89569],[126.16847,34.89736],[126.16875,34.89958]]],[[[126.16847,34.92042],[126.17236,34.91903],[126.17236,34.91819],[126.16597,34.91903],[126.16847,34.92042]]],[[[126.15403,34.92792],[126.15264,34.92625],[126.15041,34.92653],[126.15125,34.92792],[126.15403,34.92792]]],[[[126.15931,34.96125],[126.16097,34.95236],[126.16597,34.94403],[126.16014,34.9432],[126.15931,34.96125]]],[[[126.12236,34.96375],[126.12403,34.96347],[126.12431,34.96125],[126.12209,34.96208],[126.12236,34.96375]]],[[[126.1468,34.97097],[126.14597,34.95319],[126.12431,34.94708],[126.13653,34.9668],[126.13347,34.99319],[126.17819,34.98347],[126.18014,34.97347],[126.1693,34.96736],[126.1468,34.97097]]],[[[126.18597,34.97958],[126.18681,34.97847],[126.18708,34.97653],[126.18514,34.9782],[126.18597,34.97958]]],[[[126.17709,34.98792],[126.17819,34.98514],[126.17625,34.98458],[126.17486,34.98708],[126.17709,34.98792]]],[[[126.17819,34.99681],[126.18014,34.99403],[126.17625,34.98875],[126.17375,34.99542],[126.17819,34.99681]]],[[[126.16319,35.01847],[126.16708,35.01403],[126.15875,35.00764],[126.16764,35.00875],[126.1657,35.00347],[126.13958,34.99764],[126.1432,34.99264],[126.13292,35.00208],[126.11736,34.99625],[126.09764,35.00097],[126.13319,35.02681],[126.16319,35.01847]]],[[[126.12875,35.05181],[126.1468,35.06097],[126.18042,35.05264],[126.18708,35.03903],[126.19319,35.04514],[126.20097,35.04042],[126.19736,35.01764],[126.17208,35.03069],[126.16959,35.02458],[126.1657,35.03708],[126.14958,35.03069],[126.14069,35.04181],[126.12569,35.03708],[126.12875,35.05181]]],[[[126.14819,35.06319],[126.15097,35.06514],[126.15542,35.06236],[126.15486,35.0607],[126.14819,35.06319]]],[[[126.12236,35.06514],[126.12403,35.06486],[126.12292,35.06236],[126.12041,35.06375],[126.12236,35.06514]]],[[[126.13486,35.06653],[126.13319,35.06625],[126.13292,35.0682],[126.13541,35.0682],[126.13486,35.06653]]],[[[126.12292,35.06875],[126.12319,35.06708],[126.1218,35.06653],[126.12153,35.06903],[126.12292,35.06875]]],[[[126.15652,35.07431],[126.15681,35.07097],[126.15486,35.06931],[126.15459,35.07208],[126.15652,35.07431]]],[[[126.13153,35.07431],[126.13292,35.07347],[126.13458,35.07069],[126.12875,35.0718],[126.13153,35.07431]]],[[[126.14792,35.07792],[126.15014,35.07486],[126.14958,35.07292],[126.14514,35.07764],[126.14792,35.07792]]],[[[126.15486,35.08014],[126.15569,35.08014],[126.15708,35.07764],[126.15403,35.07708],[126.15486,35.08014]]],[[[126.15625,35.08403],[126.15542,35.08264],[126.15347,35.08319],[126.1543,35.08486],[126.15625,35.08403]]],[[[126.13403,35.09458],[126.14653,35.0918],[126.14709,35.08375],[126.12959,35.08319],[126.13403,35.09458]]],[[[126.15153,35.13042],[126.1507,35.12819],[126.14902,35.12764],[126.14819,35.13014],[126.15153,35.13042]]],[[[126.17181,35.13125],[126.17042,35.12764],[126.16597,35.12903],[126.16847,35.13153],[126.17181,35.13125]]],[[[126.20069,35.14819],[126.20181,35.13708],[126.19347,35.14125],[126.19264,35.13208],[126.18153,35.12958],[126.18291,35.14264],[126.20069,35.14819]]],[[[126.12903,35.20319],[126.13292,35.19208],[126.12125,35.18847],[126.12153,35.19958],[126.12903,35.20319]]],[[[126.15625,35.21153],[126.14403,35.19986],[126.13181,35.20153],[126.14042,35.20875],[126.15625,35.21153]]],[[[126.14153,35.30042],[126.15264,35.2907],[126.14848,35.27042],[126.13042,35.28458],[126.14153,35.30042]]],[[[126.13319,35.37292],[126.13181,35.37014],[126.12959,35.37042],[126.13153,35.37264],[126.13319,35.37292]]],[[[126.13097,35.37875],[126.13264,35.37764],[126.13236,35.37542],[126.12959,35.37764],[126.13097,35.37875]]],[[[126.31208,33.94042],[126.31347,33.93958],[126.3093,33.9393],[126.31097,33.94097],[126.31208,33.94042]]],[[[126.3418,33.95625],[126.34264,33.94625],[126.33041,33.94403],[126.32958,33.92986],[126.31931,33.92903],[126.30986,33.94736],[126.28208,33.96125],[126.28819,33.96236],[126.28375,33.97042],[126.30347,33.95375],[126.3418,33.95625]]],[[[126.3093,33.97319],[126.30569,33.97319],[126.30569,33.97458],[126.3093,33.97486],[126.3093,33.97319]]],[[[126.29514,33.98486],[126.29625,33.98208],[126.2932,33.98153],[126.29264,33.98375],[126.29514,33.98486]]],[[[126.24792,33.98986],[126.25125,33.99042],[126.25236,33.98569],[126.24541,33.98736],[126.24792,33.98986]]],[[[126.29542,34.32542],[126.29764,34.32542],[126.30292,34.32208],[126.29819,34.32042],[126.29542,34.32542]]],[[[126.29792,34.33514],[126.30042,34.32875],[126.30431,34.32681],[126.29625,34.32875],[126.29792,34.33514]]],[[[126.21264,34.35014],[126.21597,34.34875],[126.21375,34.34542],[126.21152,34.3493],[126.21264,34.35014]]],[[[126.30959,34.37458],[126.30014,34.36847],[126.29208,34.37403],[126.28625,34.36403],[126.2793,34.36903],[126.28347,34.38875],[126.30236,34.39486],[126.29708,34.38458],[126.30736,34.38542],[126.30959,34.37458]]],[[[126.31458,34.39653],[126.31514,34.39458],[126.31292,34.39403],[126.31236,34.39653],[126.31458,34.39653]]],[[[126.38486,34.48069],[126.3643,34.48458],[126.35847,34.47736],[126.37209,34.47153],[126.35819,34.45681],[126.36569,34.44236],[126.33598,34.41459],[126.33625,34.39986],[126.3232,34.40014],[126.32597,34.41514],[126.31903,34.42542],[126.31903,34.41875],[126.31042,34.41958],[126.31431,34.40014],[126.30264,34.41347],[126.30653,34.40292],[126.29292,34.40847],[126.28875,34.40375],[126.29708,34.39708],[126.28902,34.3932],[126.26375,34.39625],[126.25986,34.38625],[126.26847,34.38486],[126.26736,34.37764],[126.24597,34.37931],[126.23653,34.36875],[126.23014,34.37458],[126.22041,34.36681],[126.20264,34.37097],[126.2143,34.36042],[126.18569,34.35125],[126.17958,34.35125],[126.18181,34.35903],[126.16236,34.35236],[126.15264,34.36653],[126.14458,34.36458],[126.14597,34.3582],[126.12847,34.3582],[126.13708,34.36486],[126.12986,34.36542],[126.13847,34.36903],[126.13431,34.37431],[126.14542,34.37986],[126.14208,34.38514],[126.1143,34.38125],[126.11097,34.39458],[126.08986,34.41459],[126.10069,34.43069],[126.0957,34.43625],[126.11181,34.44847],[126.12514,34.4432],[126.11597,34.4593],[126.17152,34.48458],[126.18986,34.51403],[126.18986,34.4982],[126.2057,34.49708],[126.19791,34.50986],[126.22347,34.5168],[126.21152,34.52708],[126.22459,34.53069],[126.22542,34.54125],[126.23319,34.53486],[126.24042,34.54403],[126.25042,34.56347],[126.23959,34.56569],[126.24375,34.58208],[126.23792,34.58375],[126.25014,34.58958],[126.30209,34.57153],[126.30986,34.56208],[126.3018,34.55625],[126.31597,34.54292],[126.3418,34.54986],[126.33514,34.54014],[126.34486,34.54292],[126.35208,34.52736],[126.37764,34.51236],[126.38264,34.50236],[126.37319,34.49653],[126.38486,34.48069]]],[[[126.21958,34.53597],[126.22014,34.53431],[126.21848,34.53347],[126.21792,34.53514],[126.21958,34.53597]]],[[[126.22764,34.55264],[126.22625,34.55042],[126.22236,34.55153],[126.22264,34.55264],[126.22764,34.55264]]],[[[126.21958,34.5532],[126.22153,34.55292],[126.2218,34.55208],[126.21902,34.55236],[126.21958,34.5532]]],[[[126.30875,34.55597],[126.31014,34.55514],[126.30708,34.55542],[126.30736,34.55625],[126.30875,34.55597]]],[[[126.20875,34.55903],[126.2132,34.55819],[126.2132,34.55597],[126.20819,34.55542],[126.20875,34.55903]]],[[[126.1982,34.56903],[126.19903,34.56736],[126.19764,34.56708],[126.19708,34.56903],[126.1982,34.56903]]],[[[126.19903,34.57292],[126.19986,34.57097],[126.19542,34.57097],[126.19625,34.57236],[126.19903,34.57292]]],[[[126.20042,34.58208],[126.19625,34.57403],[126.18903,34.5757],[126.19458,34.58236],[126.20042,34.58208]]],[[[126.29931,34.58736],[126.30514,34.58847],[126.30708,34.58486],[126.29736,34.58153],[126.29931,34.58736]]],[[[126.27069,34.61486],[126.27847,34.61097],[126.25903,34.61014],[126.25958,34.61236],[126.27069,34.61486]]],[[[126.21098,34.62708],[126.21931,34.62458],[126.21542,34.61736],[126.19486,34.62514],[126.21098,34.62708]]],[[[126.22125,34.62347],[126.22208,34.62208],[126.21931,34.62264],[126.21958,34.62375],[126.22125,34.62347]]],[[[126.20541,34.63764],[126.2057,34.63569],[126.20458,34.63486],[126.20431,34.63708],[126.20541,34.63764]]],[[[126.25236,34.65403],[126.25264,34.65292],[126.25125,34.65208],[126.25125,34.65375],[126.25236,34.65403]]],[[[126.25153,34.67625],[126.25097,34.67486],[126.24931,34.67486],[126.24958,34.67625],[126.25153,34.67625]]],[[[126.23986,34.70097],[126.24403,34.7007],[126.24458,34.69819],[126.24069,34.69708],[126.23986,34.70097]]],[[[126.22347,34.75958],[126.22514,34.75819],[126.22514,34.75764],[126.22236,34.75903],[126.22347,34.75958]]],[[[126.29708,34.78403],[126.3018,34.77625],[126.28819,34.77736],[126.2943,34.78375],[126.29708,34.78403]]],[[[126.19875,34.7907],[126.20125,34.78875],[126.20097,34.78736],[126.19847,34.78847],[126.19875,34.7907]]],[[[126.20403,34.80014],[126.20486,34.79875],[126.20458,34.79736],[126.20236,34.79847],[126.20403,34.80014]]],[[[126.21291,34.80847],[126.21486,34.80736],[126.21347,34.80486],[126.21152,34.80764],[126.21291,34.80847]]],[[[126.30875,34.84292],[126.3082,34.83986],[126.30403,34.8382],[126.30375,34.84208],[126.30875,34.84292]]],[[[126.31125,34.84201],[126.30986,34.84292],[126.31236,34.84375],[126.31125,34.84292],[126.31125,34.84201]]],[[[126.21625,34.85209],[126.2207,34.85209],[126.22097,34.84764],[126.21458,34.85042],[126.21625,34.85209]]],[[[126.29375,34.85264],[126.29542,34.85153],[126.29459,34.84986],[126.2932,34.85153],[126.29375,34.85264]]],[[[126.2832,34.86764],[126.2832,34.86625],[126.28098,34.86653],[126.28152,34.86792],[126.2832,34.86764]]],[[[126.23264,34.86458],[126.26153,34.85653],[126.27042,34.87264],[126.27402,34.86375],[126.28403,34.86347],[126.28042,34.88681],[126.29292,34.88153],[126.30375,34.88708],[126.28042,34.91014],[126.29847,34.92181],[126.31236,34.90764],[126.33625,34.90931],[126.35152,34.89847],[126.34959,34.88681],[126.34514,34.89431],[126.33569,34.88653],[126.32569,34.89097],[126.33014,34.87958],[126.31625,34.88236],[126.31486,34.87597],[126.32514,34.87264],[126.31403,34.86708],[126.3243,34.86097],[126.35736,34.86375],[126.35264,34.85847],[126.36069,34.85181],[126.36847,34.85653],[126.37153,34.84264],[126.3632,34.84125],[126.36792,34.82431],[126.36125,34.81958],[126.35208,34.82236],[126.34875,34.81403],[126.32764,34.82153],[126.33484004989708,34.82955886319694],[126.33514,34.82819],[126.33791,34.83097],[126.33791,34.83298220188902],[126.34458,34.84042],[126.33708,34.83875],[126.32347,34.85569],[126.31653,34.8457],[126.31264,34.8532],[126.2757,34.85542],[126.26264,34.83986],[126.22764,34.84875],[126.23264,34.86458]],[[126.26681,34.86375],[126.26569,34.86375],[126.26542,34.86125],[126.26681,34.8618],[126.26681,34.86375]]],[[[126.33459,34.8307],[126.33791,34.83375],[126.33791,34.83298220188902],[126.33484004989708,34.82955886319694],[126.33459,34.8307]]],[[[126.22125,34.8932],[126.22264,34.89236],[126.21792,34.89208],[126.21819,34.8932],[126.22125,34.8932]]],[[[126.20097,34.90042],[126.20097,34.89791],[126.19708,34.89875],[126.1982,34.9007],[126.20097,34.90042]]],[[[126.26264,34.90347],[126.26319,34.90236],[126.25847,34.90292],[126.25875,34.90347],[126.26264,34.90347]]],[[[126.1982,34.9118],[126.19986,34.91153],[126.20014,34.91042],[126.19764,34.91069],[126.1982,34.9118]]],[[[126.27653,34.91236],[126.27458,34.91292],[126.27486,34.91431],[126.2768,34.91431],[126.27653,34.91236]]],[[[126.19847,34.92014],[126.19708,34.91514],[126.19458,34.91514],[126.18819,34.91903],[126.19847,34.92014]]],[[[126.21042,34.91958],[126.21125,34.91903],[126.20959,34.91736],[126.20875,34.91958],[126.21042,34.91958]]],[[[126.29097,34.92264],[126.29125,34.92097],[126.28709,34.9193],[126.28819,34.92208],[126.29097,34.92264]]],[[[126.22153,34.91597],[126.21931,34.92486],[126.23042,34.93736],[126.25375,34.93319],[126.25153,34.91514],[126.24541,34.91903],[126.23375,34.90931],[126.22153,34.91597]]],[[[126.19264,34.93069],[126.19708,34.92736],[126.19958,34.92292],[126.19403,34.92153],[126.19264,34.93069]]],[[[126.27458,34.92875],[126.27736,34.93014],[126.27653,34.92681],[126.27514,34.92653],[126.27458,34.92875]]],[[[126.20153,34.93653],[126.20764,34.92847],[126.20653,34.92653],[126.19569,34.93319],[126.20153,34.93653]]],[[[126.2768,34.93375],[126.27736,34.93153],[126.27375,34.93236],[126.27458,34.93403],[126.2768,34.93375]]],[[[126.21291,34.93514],[126.21375,34.93375],[126.21152,34.93319],[126.21098,34.93486],[126.21291,34.93514]]],[[[126.19514,34.93875],[126.19403,34.93986],[126.19678,34.94069],[126.19625,34.93958],[126.19514,34.93875]]],[[[126.27458,34.94597],[126.27625,34.94542],[126.2757,34.94375],[126.27292,34.94458],[126.27458,34.94597]]],[[[126.19375,34.95014],[126.20597,34.94708],[126.20959,34.94042],[126.18875,34.9432],[126.19375,34.95014]]],[[[126.25264,34.9507],[126.25459,34.94903],[126.25459,34.9432],[126.25069,34.94375],[126.25264,34.9507]]],[[[126.27708,34.94903],[126.27764,34.94875],[126.27792,34.94736],[126.27597,34.94819],[126.27708,34.94903]]],[[[126.23959,34.95736],[126.24931,34.95208],[126.24347,34.94403],[126.23042,34.95125],[126.23959,34.95736]]],[[[126.27319,34.96958],[126.28848,34.96236],[126.29708,34.93292],[126.28125,34.93514],[126.29097,34.94486],[126.26292,34.9668],[126.27319,34.96958]]],[[[126.23014,34.95653],[126.22903,34.95375],[126.22708,34.9543],[126.2282,34.95681],[126.23014,34.95653]]],[[[126.25958,34.96208],[126.26681,34.95903],[126.26319,34.95181],[126.25847,34.95708],[126.25958,34.96208]]],[[[126.20319,34.96264],[126.20486,34.96153],[126.20208,34.96014],[126.20153,34.96236],[126.20319,34.96264]]],[[[126.19708,34.96458],[126.19903,34.96403],[126.1993,34.96264],[126.19625,34.96264],[126.19708,34.96458]]],[[[126.19847,34.96875],[126.20708,34.97486],[126.21514,34.97264],[126.21264,34.95375],[126.19847,34.96875]]],[[[126.20431,34.97736],[126.20541,34.97653],[126.20514,34.97486],[126.20375,34.97569],[126.20431,34.97736]]],[[[126.21514,34.98486],[126.21653,34.97903],[126.20875,34.97903],[126.21264,34.98486],[126.21514,34.98486]]],[[[126.20847,34.98514],[126.20986,34.98236],[126.20486,34.98125],[126.20514,34.98403],[126.20847,34.98514]]],[[[126.25069,35.00708],[126.26458,35.00347],[126.27042,34.97597],[126.24431,34.97514],[126.25069,35.00708]]],[[[126.19514,34.99653],[126.19319,34.99375],[126.1907,34.99347],[126.19375,34.99681],[126.19514,34.99653]]],[[[126.23236,35.00292],[126.23319,34.99708],[126.22569,34.99708],[126.22652,35.00069],[126.23236,35.00292]]],[[[126.19847,35.01375],[126.20375,35.00708],[126.20292,35.00542],[126.19514,35.00597],[126.19847,35.01375]]],[[[126.21264,35.01069],[126.21486,35.01069],[126.21486,35.00986],[126.21125,35.00903],[126.21264,35.01069]]],[[[126.19542,35.01542],[126.19569,35.00986],[126.1907,35.00681],[126.18986,35.01431],[126.19542,35.01542]]],[[[126.25459,35.0168],[126.25653,35.01292],[126.24709,35.01292],[126.24819,35.01542],[126.25459,35.0168]]],[[[126.22986,35.03153],[126.23736,35.03069],[126.24264,35.01986],[126.22625,35.01958],[126.22986,35.03153]]],[[[126.22097,35.03625],[126.21931,35.0332],[126.21764,35.03792],[126.22097,35.03819],[126.22097,35.03625]]],[[[126.19736,35.05875],[126.20736,35.05264],[126.21125,35.04042],[126.20319,35.0407],[126.19736,35.05875]]],[[[126.16847,35.06736],[126.1682,35.07347],[126.16097,35.06653],[126.16402,35.08042],[126.16792,35.07542],[126.17152,35.07903],[126.15764,35.08681],[126.15791,35.09847],[126.19319,35.11208],[126.20375,35.10153],[126.2168,35.10653],[126.22875,35.09542],[126.24208,35.1032],[126.24903,35.09764],[126.24620049358028,35.08483755523344],[126.24597,35.0843],[126.24607926130132,35.0842890250925],[126.24375,35.07375],[126.25569,35.06931],[126.26292,35.04403],[126.27514,35.03764],[126.26458,35.02069],[126.24986,35.02208],[126.23097,35.03764],[126.23542,35.05208],[126.22514,35.05736],[126.17292,35.06319],[126.17986,35.06847],[126.16847,35.06736]]],[[[126.25181,35.09792],[126.26791,35.09708],[126.24458,35.11681],[126.25236,35.1343],[126.26125,35.13181],[126.25847,35.14347],[126.27402,35.15125],[126.2793,35.13542],[126.29264,35.1418],[126.30875,35.13736],[126.30791,35.12736],[126.32153,35.12792],[126.33125,35.14208],[126.32486,35.14875],[126.34653,35.15986],[126.34708,35.13764],[126.33986,35.11736],[126.33153,35.11514],[126.33598,35.09708],[126.33041,35.09403],[126.34319,35.09208],[126.35264,35.10097],[126.34514,35.07792],[126.36597,35.0793],[126.36819,35.06236],[126.38792,35.08681],[126.40097,35.08181],[126.39098,35.07986],[126.38431,35.06736],[126.38986,35.06514],[126.3968,35.07681],[126.40764,35.06292],[126.39875,35.05292],[126.40903,35.05264],[126.39098,35.04458],[126.4018,35.04347],[126.40236,35.02792],[126.42542,35.02764],[126.41986,35.04375],[126.44319,35.0568],[126.45736,35.0757],[126.43542,35.0843],[126.45764,35.09014],[126.46458,35.10042],[126.42152,35.1068],[126.4043,35.1343],[126.38708,35.14264],[126.38347,35.15708],[126.36014,35.16819],[126.3632,35.17986],[126.35264,35.18403],[126.37125,35.18875],[126.36736,35.19653],[126.37708,35.21097],[126.35764,35.20181],[126.35931,35.20764],[126.3468,35.20958],[126.33847,35.20347],[126.34153,35.20986],[126.33569,35.21847],[126.33958,35.22292],[126.32514,35.22347],[126.33986,35.21014],[126.33986,35.20653],[126.33375,35.20347],[126.31792,35.20819],[126.31347,35.22709],[126.29986,35.23069],[126.31153,35.25319],[126.32569,35.22847],[126.34042,35.24042],[126.33347,35.25292],[126.35042,35.27097],[126.32958,35.27375],[126.33681,35.28736],[126.36875,35.28431],[126.37347,35.29875],[126.38125,35.2993],[126.37569,35.33042],[126.3968,35.3693],[126.4043,35.36319],[126.41959,35.36597],[126.42958,35.35736],[126.44653,35.35569],[126.41097,35.37486],[126.41986,35.38181],[126.40791,35.3807],[126.4018,35.39486],[126.4093,35.39903],[126.4032,35.40264],[126.40652,35.41736],[126.42264,35.42986],[126.43291,35.4286],[126.43347,35.42874],[126.46815,35.40855],[126.46735,35.38605],[126.49109,35.37109],[126.50396,35.3578],[126.50275,35.34605],[126.56383,35.29166],[126.61494,35.30991],[126.66505,35.30579],[126.70967,35.32341],[126.74362,35.3251],[126.78923,35.38877],[126.79118,35.44149],[126.8758,35.46397],[126.9577,35.41229],[126.97076,35.39075],[126.99366,35.381],[127.05133,35.43091],[127.06461,35.42619],[127.0902,35.38083],[127.1138,35.3624],[127.10635,35.30735],[127.14375,35.29625],[127.22578,35.30324],[127.29164,35.29782],[127.31998,35.28528],[127.34129,35.29376],[127.39349,35.29327],[127.42646,35.32402],[127.4697,35.32849],[127.51361,35.32391],[127.61712,35.26969],[127.61034,35.25995],[127.6297,35.24469],[127.64148,35.18188],[127.6615,35.1369],[127.67572,35.12189],[127.69952,35.11328],[127.7334,35.05402],[127.7684,35.0336],[127.78704,35.00137],[127.7923,34.9866],[127.77911,34.98114],[127.77135,34.96542],[127.75958,34.97125],[127.75403,34.96181],[127.73431,34.95653],[127.73375,34.9818],[127.71875,34.99958],[127.7318,34.9543],[127.71181,34.93597],[127.69041,34.92931],[127.69264,34.91459],[127.65958,34.90347],[127.64902,34.89125],[127.63875,34.90375],[127.62569,34.90264],[127.63903,34.88792],[127.62403,34.90292],[127.6443,34.90708],[127.62236,34.90514],[127.60625,34.92486],[127.60792,34.94625],[127.60042,34.95208],[127.59903,34.92597],[127.57848,34.92208],[127.59236,34.91764],[127.6143,34.89208],[127.60291,34.90153],[127.60375,34.88653],[127.59708,34.89653],[127.59125,34.89292],[127.59736,34.88625],[127.58041,34.89486],[127.5743,34.88931],[127.59431,34.88292],[127.59042,34.87264],[127.60625,34.85181],[127.6368,34.84597],[127.62681,34.83458],[127.63819,34.8218],[127.64098,34.83236],[127.66375,34.82486],[127.6757,34.83347],[127.67347,34.84042],[127.67542,34.84514],[127.67653,34.83625],[127.6907,34.84042],[127.70042,34.85292],[127.69514,34.86431],[127.70153,34.85625],[127.73514,34.86458],[127.72514,34.85708],[127.74375,34.85097],[127.74236,34.85764],[127.76708,34.86486],[127.78152,34.85209],[127.77209,34.85236],[127.78291,34.84431],[127.76791,34.83181],[127.77486,34.82208],[127.76736,34.81875],[127.76903,34.80014],[127.75958,34.80069],[127.75625,34.78458],[127.74514,34.77764],[127.75569,34.73819],[127.73458,34.73819],[127.7318,34.72847],[127.6982,34.72042],[127.6618,34.75653],[127.63514,34.71903],[127.64291,34.70653],[127.62653,34.71153],[127.62653,34.71875],[127.62209,34.70736],[127.61403,34.70708],[127.6282,34.69625],[127.62375,34.68736],[127.63875,34.68403],[127.61764,34.68319],[127.64014,34.65542],[127.63403,34.65903],[127.62986,34.64958],[127.64291,34.65042],[127.63014,34.63736],[127.65153,34.63653],[127.64458,34.6268],[127.62431,34.62959],[127.61403,34.64375],[127.58847,34.65236],[127.57542,34.64875],[127.58292,34.63236],[127.58041,34.63014],[127.56514,34.65403],[127.55319,34.65847],[127.55209,34.66875],[127.56347,34.67625],[127.5518,34.67931],[127.55236,34.6932],[127.55875,34.70014],[127.57208,34.69931],[127.57986,34.69403],[127.58097,34.69486],[127.57208,34.70347],[127.56375,34.70153],[127.56375,34.70875],[127.55292,34.70042],[127.55681,34.71375],[127.54875,34.71041],[127.5507,34.71931],[127.56375,34.72403],[127.56125,34.73208],[127.57903,34.73292],[127.58264,34.74541],[127.59792,34.74292],[127.60291,34.74486],[127.58375,34.75014],[127.59042,34.75736],[127.58319,34.76903],[127.57264,34.75958],[127.57514,34.77014],[127.55875,34.77681],[127.5732,34.7832],[127.55875,34.7957],[127.55736,34.80708],[127.52431,34.80903],[127.52625,34.82319],[127.5432,34.84208],[127.5257,34.84431],[127.51486,34.86764],[127.51736,34.87931],[127.49042,34.8732],[127.49236,34.84653],[127.48514,34.83958],[127.46709,34.84458],[127.44236,34.83653],[127.43736,34.84847],[127.43347,34.83458],[127.39736,34.82486],[127.38375,34.83653],[127.35764,34.83625],[127.38264,34.82708],[127.39236,34.8143],[127.42792,34.81403],[127.39514,34.79653],[127.3868,34.77903],[127.36597,34.77958],[127.40292,34.76847],[127.37319,34.74181],[127.37708,34.72625],[127.40764,34.70458],[127.40208,34.70264],[127.40652,34.6968],[127.42431,34.69208],[127.43291,34.68042],[127.42736,34.67486],[127.44764,34.67403],[127.44514,34.66208],[127.45792,34.6693],[127.45736,34.66208],[127.46736,34.66125],[127.47097,34.66653],[127.46236,34.6707],[127.47791,34.67181],[127.46958,34.66097],[127.49125,34.64236],[127.47736,34.64791],[127.47375,34.64069],[127.46403,34.64903],[127.45903,34.64514],[127.46792,34.63708],[127.49347,34.63597],[127.50875,34.59375],[127.48792,34.58208],[127.48736,34.57347],[127.46152,34.58042],[127.46152,34.59097],[127.44431,34.57681],[127.43375,34.5882],[127.4182,34.58264],[127.40946393784213,34.587964894932014],[127.40931,34.5882],[127.40919066850407,34.58813146088439],[127.38903,34.60042],[127.39347,34.58597],[127.38292,34.59264],[127.3868,34.58681],[127.35291,34.58541],[127.36792,34.58264],[127.36459,34.57819],[127.35458,34.57847],[127.35542,34.57681],[127.39208,34.58153],[127.39375,34.56958],[127.4093,34.5793],[127.39764,34.56319],[127.36792,34.56403],[127.38181,34.56292],[127.37375,34.55264],[127.39986,34.56042],[127.42375,34.55708],[127.41681,34.5532],[127.4182,34.54764],[127.4268,34.55514],[127.42709,34.54792],[127.43208,34.55181],[127.43819,34.54819],[127.42653,34.54347],[127.43625,34.53486],[127.42236,34.53042],[127.42958,34.51181],[127.40764,34.51958],[127.40403,34.50486],[127.38903,34.51014],[127.37764,34.50347],[127.39125,34.48875],[127.38264,34.47847],[127.37986,34.48736],[127.36903,34.48042],[127.35764,34.49208],[127.3493,34.47736],[127.3407,34.48931],[127.3418,34.48014],[127.32569,34.47625],[127.33764,34.46736],[127.32264,34.46958],[127.31847,34.46181],[127.33764,34.45736],[127.3382,34.44542],[127.31792,34.44181],[127.30514,34.44875],[127.31709,34.45403],[127.30959,34.46264],[127.30236,34.45708],[127.3007,34.47042],[127.26764,34.48208],[127.27375,34.49319],[127.28236,34.49097],[127.28098,34.50236],[127.2543,34.52125],[127.24403,34.52097],[127.24375,34.51458],[127.23097,34.51792],[127.23347,34.52486],[127.22125,34.53347],[127.21403,34.52708],[127.21792,34.5332],[127.20819,34.54764],[127.2093,34.51597],[127.18236,34.53542],[127.17347,34.52014],[127.1682,34.52597],[127.13708,34.52291],[127.12153,34.52986],[127.12236,34.5407],[127.11236,34.54625],[127.11681,34.56264],[127.14569,34.58486],[127.14875,34.60069],[127.15875,34.59125],[127.17208,34.59486],[127.17236,34.62597],[127.19625,34.65042],[127.22764,34.65403],[127.23236,34.68069],[127.24375,34.68514],[127.23625,34.69264],[127.2543,34.7057],[127.25208,34.71181],[127.28069,34.71903],[127.27986,34.69931],[127.28625,34.69597],[127.2782,34.67375],[127.31375,34.66459],[127.33264,34.70764],[127.34458,34.70958],[127.33236,34.71542],[127.32569,34.7518],[127.30403,34.74958],[127.29208,34.73042],[127.27292,34.74125],[127.26319,34.73125],[127.24486,34.76014],[127.23236,34.75847],[127.21042,34.73875],[127.20653,34.71847],[127.18347,34.69375],[127.14264,34.69264],[127.12875,34.70319],[127.09764,34.67125],[127.06736,34.66347],[127.04597,34.63458],[127.01319,34.62431],[126.96653,34.62514],[126.95736,34.63181],[126.95458,34.63181],[126.97097,34.62069],[126.99431,34.6232],[126.99375,34.61514],[127.00903,34.60736],[126.99764,34.60403],[126.99236,34.58236],[126.97958,34.57458],[126.99736,34.56569],[127.00681,34.57014],[127.00542,34.55708],[126.98847,34.56125],[126.98875,34.53959],[126.97236,34.54292],[126.96014,34.53153],[126.97847,34.51181],[126.96764,34.5093],[126.96375,34.49653],[126.97625,34.48847],[126.97847,34.4707],[126.96792,34.47764],[126.96375,34.46819],[126.9557,34.46875],[126.94097,34.48986],[126.93459,34.49403],[126.94736,34.45653],[126.9332,34.4468],[126.89375,34.45903],[126.87097,34.45597],[126.88708,34.43431],[126.88541,34.42153],[126.87264,34.43736],[126.86459,34.43403],[126.84514,34.45125],[126.80681,34.45014],[126.80764,34.46847],[126.7857,34.46903],[126.79681,34.47986],[126.7868,34.51347],[126.79792,34.54792],[126.78931,34.55347],[126.79542,34.56736],[126.78625,34.57625],[126.78875,34.58653],[126.77792,34.59458],[126.77792,34.61903],[126.79041,34.63847],[126.7868,34.63986],[126.77014,34.61597],[126.76403,34.53347],[126.77292,34.52736],[126.75875,34.52431],[126.76598,34.49903],[126.73903,34.48625],[126.74903,34.47264],[126.72403,34.44292],[126.69625,34.44181],[126.68986,34.4318],[126.67431,34.42792],[126.6768,34.41597],[126.66348,34.42681],[126.65041,34.42264],[126.64486,34.40958],[126.61653,34.40236],[126.6218,34.39569],[126.61181,34.38542],[126.6207,34.37903],[126.62014,34.35847],[126.60208,34.34903],[126.60875,34.34347],[126.60014,34.33569],[126.6057,34.31486],[126.56042,34.32236],[126.54459,34.30292],[126.5218,34.29208],[126.51236,34.31875],[126.52708,34.33347],[126.52069,34.36042],[126.50542,34.36597],[126.47292,34.34819],[126.46542,34.35764],[126.46875,34.36347],[126.47847,34.35597],[126.47625,34.36486],[126.48653,34.36403],[126.47347,34.37736],[126.48125,34.38236],[126.47486,34.38125],[126.47097,34.38458],[126.49847,34.38708],[126.48708,34.40847],[126.50708,34.4007],[126.51625,34.41486],[126.50875,34.43958],[126.4968,34.43153],[126.48319,34.43403],[126.4818,34.42514],[126.45375,34.44819],[126.4643,34.4543],[126.47625,34.44931],[126.46792,34.45681],[126.47097,34.47014],[126.45541,34.47709],[126.46625,34.48375],[126.45625,34.48903],[126.46403,34.49569],[126.45625,34.50153],[126.47041,34.50875],[126.45708,34.52347],[126.4418,34.52208],[126.45986,34.53097],[126.46181,34.54403],[126.45959,34.53792],[126.45153,34.54236],[126.4482,34.53542],[126.43459,34.53542],[126.4361123348683,34.539707125170345],[126.43681,34.53986],[126.43673932813135,34.54147283300222],[126.44041,34.55181],[126.4157,34.55931],[126.41681,34.54653],[126.40208,34.54653],[126.40236,34.53819],[126.38708,34.53208],[126.37875,34.53903],[126.38847,34.55958],[126.36264,34.55875],[126.33486,34.57292],[126.31375,34.56681],[126.30375,34.57681],[126.31264,34.58764],[126.29847,34.59042],[126.29652,34.59819],[126.29208,34.5918],[126.27541,34.59653],[126.28625,34.6068],[126.28042,34.62181],[126.28931,34.62069],[126.29347,34.6307],[126.2607,34.64014],[126.26236,34.65764],[126.25514,34.66403],[126.25459,34.67931],[126.26264,34.68542],[126.25958,34.7043],[126.27402,34.71181],[126.28542,34.75764],[126.29931,34.76236],[126.31069,34.75347],[126.30708,34.74736],[126.31847,34.75042],[126.31736,34.74181],[126.32931,34.73958],[126.33097,34.72014],[126.34959,34.70792],[126.34847,34.7007],[126.33292,34.69625],[126.33486,34.67236],[126.32736,34.66375],[126.35431,34.65125],[126.3532,34.62597],[126.3707,34.61764],[126.36986,34.60431],[126.38069,34.61736],[126.39208,34.60486],[126.39069,34.60986],[126.40958,34.60708],[126.40875,34.60069],[126.45208,34.58181],[126.45014,34.58958],[126.47958,34.60153],[126.48542,34.61236],[126.47625,34.61708],[126.45486,34.60847],[126.45014,34.63375],[126.43764,34.62347],[126.42903,34.64486],[126.41764,34.64292],[126.42319,34.65875],[126.41514,34.65958],[126.41597,34.66653],[126.40681,34.66625],[126.40347,34.65542],[126.38875,34.64736],[126.37708,34.65597],[126.37431,34.6818],[126.38403,34.68153],[126.37708,34.67375],[126.38653,34.66153],[126.39569,34.67681],[126.38736,34.69625],[126.39931,34.68597],[126.40459,34.68986],[126.39653,34.70514],[126.38514,34.70708],[126.38486,34.7132],[126.39291,34.70875],[126.39653,34.71514],[126.4157,34.68458],[126.42819,34.68625],[126.42486,34.69264],[126.4332,34.70125],[126.45625,34.69847],[126.42903,34.66708],[126.44097,34.65597],[126.45125,34.65931],[126.45097,34.65153],[126.46819,34.64097],[126.50986,34.63653],[126.52653,34.62458],[126.53709,34.63625],[126.52292,34.63986],[126.52458,34.65181],[126.54792,34.64986],[126.54958,34.63847],[126.58569,34.62986],[126.62319,34.63125],[126.59348,34.63875],[126.56153,34.6582],[126.55681,34.66986],[126.56403,34.68153],[126.53875,34.68264],[126.53014,34.70653],[126.49792,34.73597],[126.4718,34.73819],[126.45653,34.72847],[126.44875,34.74292],[126.42764,34.73625],[126.42958,34.74319],[126.41402,34.74764],[126.38847,34.73153],[126.3632,34.73958],[126.36375,34.74597],[126.38375,34.74986],[126.38625,34.75986],[126.37847,34.75708],[126.38403,34.76292],[126.37875,34.76625],[126.39125,34.77042],[126.3932,34.78736],[126.36903,34.78069],[126.36153,34.80069],[126.38903,34.83514],[126.41236,34.84292],[126.39514,34.86847],[126.40208,34.87958],[126.3943,34.88236],[126.39764,34.88458],[126.41458,34.88681],[126.41708,34.88875],[126.39569,34.88597],[126.3868,34.87764],[126.39153,34.89986],[126.40041,34.89986],[126.40514,34.91097],[126.39125,34.92208],[126.39848,34.93458],[126.38792,34.94569],[126.39375,34.96375],[126.37959,34.97125],[126.37347,34.99903],[126.36708,34.99375],[126.36847,34.97458],[126.35931,34.96958],[126.36014,34.96181],[126.37514,34.95708],[126.36542,34.94292],[126.37403,34.94181],[126.36625,34.93208],[126.36847,34.9193],[126.35597,34.93014],[126.35764,34.92208],[126.34402,34.91486],[126.32958,34.91625],[126.32708,34.93042],[126.30681,34.9282],[126.30486,34.93458],[126.32069,34.94375],[126.29486,34.96569],[126.31208,34.98792],[126.30903,34.97569],[126.31903,34.98153],[126.32764,34.9668],[126.34764,34.97514],[126.35764,34.99292],[126.33292,34.99403],[126.38986,35.02403],[126.38903,35.03708],[126.38236,35.04681],[126.35181,35.03959],[126.34903,35.05736],[126.33153,35.06097],[126.34486,35.06931],[126.33264,35.0882],[126.31319,35.08181],[126.30347,35.09347],[126.3082,35.08125],[126.31792,35.07903],[126.31403,35.06736],[126.30097,35.06181],[126.31431,35.05403],[126.29652,35.04097],[126.30209,35.04625],[126.29041,35.04847],[126.29125,35.05986],[126.26292,35.0532],[126.25681,35.07903],[126.28181,35.0807],[126.24607926130132,35.0842890250925],[126.24620049358028,35.08483755523344],[126.25181,35.09792]],[[126.77871,35.08205],[126.79966,35.04747],[126.85933,35.0547],[126.89784,35.04301],[126.91914,35.07291],[127.0061,35.08771],[127.03046,35.13985],[127.0285,35.15266],[126.9707,35.17007],[126.97333,35.18573],[126.96391,35.20564],[126.91563,35.22182],[126.86708,35.21587],[126.85611,35.19564],[126.84009,35.1911],[126.81685,35.19353],[126.77643,35.21833],[126.76646,35.2166],[126.74286,35.18703],[126.70251,35.17511],[126.67513,35.13666],[126.67371,35.1095],[126.67742,35.10315],[126.77871,35.08205]]],[[[127.40986,34.58736],[127.40791,34.58625],[127.40736,34.58708],[127.40919066850407,34.58813146088439],[127.40946393784213,34.587964894932014],[127.40986,34.58736]]],[[[126.4343,34.53931],[126.43236,34.54486],[126.43653,34.54625],[126.43673932813135,34.54147283300222],[126.4361123348683,34.539707125170345],[126.4343,34.53931]]],[[[126.24736,35.07542],[126.24709,35.07847],[126.25375,35.07736],[126.25736,35.07042],[126.24736,35.07542]]],[[[126.19319,35.11986],[126.19403,35.11681],[126.19014,35.11847],[126.19264,35.12181],[126.19319,35.11986]]],[[[126.20403,35.12903],[126.21098,35.12708],[126.20708,35.11069],[126.20014,35.11597],[126.20403,35.12903]]],[[[126.21958,35.12597],[126.21819,35.12708],[126.21986,35.12903],[126.21986,35.1268],[126.21958,35.12597]]],[[[126.22014,35.13403],[126.22097,35.13319],[126.21902,35.13153],[126.21875,35.13375],[126.22014,35.13403]]],[[[126.21042,35.18708],[126.21458,35.18403],[126.20514,35.18292],[126.20597,35.18625],[126.21042,35.18708]]],[[[126.22292,35.19486],[126.2232,35.19042],[126.21958,35.18986],[126.21902,35.19264],[126.22292,35.19486]]],[[[126.24847,35.20319],[126.25042,35.20181],[126.24347,35.20097],[126.24486,35.20292],[126.24847,35.20319]]],[[[126.21042,35.28569],[126.21291,35.28375],[126.21236,35.28125],[126.20903,35.28431],[126.21042,35.28569]]],[[[126.23153,35.29292],[126.23236,35.29125],[126.23097,35.29014],[126.23042,35.29292],[126.23153,35.29292]]],[[[126.20236,35.29597],[126.20458,35.29375],[126.20431,35.29097],[126.1982,35.29458],[126.20236,35.29597]]],[[[126.26264,35.31375],[126.26375,35.31264],[126.26347,35.31125],[126.26097,35.31236],[126.26264,35.31375]]],[[[126.26764,35.32014],[126.26764,35.3182],[126.26542,35.3182],[126.26598,35.32014],[126.26764,35.32014]]],[[[126.27236,35.3218],[126.2718,35.31847],[126.26986,35.31847],[126.26903,35.32069],[126.27236,35.3218]]],[[[126.27486,35.32319],[126.27847,35.32375],[126.27514,35.32014],[126.27348,35.32069],[126.27486,35.32319]]],[[[126.35736,33.73042],[126.35931,33.73042],[126.35931,33.7282],[126.35653,33.72875],[126.35736,33.73042]]],[[[126.34486,33.90625],[126.34541,33.90097],[126.34348,33.9007],[126.34236,33.90514],[126.34486,33.90625]]],[[[126.32375,33.91459],[126.32708,33.91459],[126.32597,33.90847],[126.32153,33.91292],[126.32375,33.91459]]],[[[126.37986,33.96653],[126.37959,33.96403],[126.37708,33.96375],[126.37791,33.96625],[126.37986,33.96653]]],[[[126.34681,33.98486],[126.3532,33.9832],[126.35347,33.98097],[126.34625,33.98125],[126.34681,33.98486]]],[[[126.32042,33.98903],[126.32403,33.98792],[126.32458,33.98458],[126.3168,33.98875],[126.32042,33.98903]]],[[[126.37959,33.99097],[126.37791,33.9907],[126.37791,33.99153],[126.37986,33.99181],[126.37959,33.99097]]],[[[126.39236,33.99347],[126.39291,33.99514],[126.3943,33.99514],[126.39403,33.99403],[126.39236,33.99347]]],[[[126.35986,34.00681],[126.36125,34.00597],[126.35792,34.0057],[126.35819,34.00708],[126.35986,34.00681]]],[[[126.33625,34.01264],[126.34708,34.01014],[126.35347,34.00597],[126.32931,34.01042],[126.33625,34.01264]]],[[[126.45292,34.17319],[126.45625,34.16875],[126.45597,34.16681],[126.45097,34.1707],[126.45292,34.17319]]],[[[126.4482,34.18875],[126.44847,34.18764],[126.44736,34.18708],[126.44681,34.18903],[126.4482,34.18875]]],[[[126.38292,34.22764],[126.38514,34.22542],[126.38153,34.22375],[126.38042,34.22736],[126.38292,34.22764]]],[[[126.40652,34.22875],[126.40958,34.22875],[126.40598,34.2243],[126.4032,34.22403],[126.40652,34.22875]]],[[[126.42014,34.23792],[126.42319,34.22458],[126.4182,34.22264],[126.41736,34.23708],[126.42014,34.23792]]],[[[126.3307,34.25069],[126.33125,34.24931],[126.32903,34.25014],[126.32931,34.25097],[126.3307,34.25069]]],[[[126.45486,34.26403],[126.45264,34.25986],[126.44458,34.26042],[126.44791,34.26347],[126.45486,34.26403]]],[[[126.42819,34.26764],[126.42819,34.26431],[126.42319,34.26375],[126.42542,34.26764],[126.42819,34.26764]]],[[[126.4257,34.27208],[126.42903,34.2718],[126.42931,34.26986],[126.42236,34.27042],[126.4257,34.27208]]],[[[126.45181,34.27431],[126.45458,34.27208],[126.45069,34.27014],[126.4493,34.27291],[126.45181,34.27431]]],[[[126.35014,34.28653],[126.35181,34.28292],[126.3457,34.28569],[126.34597,34.28653],[126.35014,34.28653]]],[[[126.33041,34.38792],[126.33097,34.38625],[126.32736,34.38319],[126.32708,34.38653],[126.33041,34.38792]]],[[[126.34736,34.38708],[126.34597,34.38458],[126.34348,34.38542],[126.34431,34.38708],[126.34736,34.38708]]],[[[126.32681,34.39292],[126.32736,34.39097],[126.32486,34.38986],[126.32458,34.39292],[126.32681,34.39292]]],[[[126.32848,34.39569],[126.32903,34.39403],[126.32597,34.39431],[126.32653,34.39569],[126.32848,34.39569]]],[[[126.34986,34.40181],[126.35208,34.39903],[126.35181,34.39764],[126.34903,34.39958],[126.34986,34.40181]]],[[[126.35819,34.41208],[126.35709,34.40569],[126.35069,34.40292],[126.35375,34.41042],[126.35819,34.41208]]],[[[126.36708,34.41736],[126.37458,34.41264],[126.37236,34.4082],[126.36486,34.41014],[126.36708,34.41736]]],[[[126.4343,34.42931],[126.43542,34.43542],[126.44125,34.43431],[126.44236,34.43264],[126.4343,34.42931]]],[[[126.43125,34.43986],[126.43569,34.43681],[126.42875,34.43319],[126.43181,34.43597],[126.43125,34.43986]]],[[[126.42514,34.4468],[126.42958,34.44431],[126.42986,34.4432],[126.42431,34.44431],[126.42514,34.4468]]],[[[126.41959,34.45736],[126.41986,34.45125],[126.41348,34.45458],[126.41402,34.45625],[126.41959,34.45736]]],[[[126.41348,34.46653],[126.41847,34.46069],[126.41847,34.45847],[126.4118,34.45986],[126.41348,34.46653]]],[[[126.45792,34.53708],[126.45764,34.53458],[126.45236,34.53514],[126.45403,34.5368],[126.45792,34.53708]]],[[[126.42542,34.53819],[126.42458,34.53597],[126.42264,34.53625],[126.42403,34.53819],[126.42542,34.53819]]],[[[126.35152,34.53931],[126.35625,34.53903],[126.35458,34.53569],[126.35069,34.53708],[126.35152,34.53931]]],[[[126.3157,34.55764],[126.3168,34.5568],[126.3168,34.55542],[126.31375,34.55653],[126.3157,34.55764]]],[[[126.31819,34.56319],[126.31931,34.56292],[126.31847,34.56181],[126.31736,34.56236],[126.31819,34.56319]]],[[[126.33125,34.5682],[126.33097,34.56319],[126.31958,34.55931],[126.32291,34.56681],[126.33125,34.5682]]],[[[126.36903,34.62347],[126.36764,34.62292],[126.36708,34.62431],[126.36931,34.62486],[126.36903,34.62347]]],[[[126.35208,34.65792],[126.35014,34.65708],[126.35152,34.66014],[126.3532,34.66042],[126.35208,34.65792]]],[[[126.44319,34.67792],[126.44347,34.6743],[126.4418,34.67347],[126.44041,34.67569],[126.44319,34.67792]]],[[[126.35958,34.67708],[126.34458,34.68653],[126.34736,34.69403],[126.36847,34.69764],[126.37486,34.68847],[126.35958,34.67708]]],[[[126.38541,34.69958],[126.3868,34.69875],[126.38653,34.69792],[126.38431,34.69847],[126.38541,34.69958]]],[[[126.37236,34.70681],[126.3718,34.70486],[126.37014,34.7057],[126.3707,34.70708],[126.37236,34.70681]]],[[[126.38264,34.7093],[126.38292,34.70792],[126.38125,34.70736],[126.38125,34.7093],[126.38264,34.7093]]],[[[126.41458,34.71292],[126.41514,34.71181],[126.41264,34.71041],[126.41236,34.71181],[126.41458,34.71292]]],[[[126.37403,34.71041],[126.37681,34.71458],[126.37903,34.71458],[126.37653,34.71125],[126.37403,34.71041]]],[[[126.39069,34.71347],[126.39208,34.71264],[126.39208,34.71181],[126.38958,34.71292],[126.39069,34.71347]]],[[[126.44041,34.73236],[126.44209,34.72986],[126.43819,34.72653],[126.43792,34.7318],[126.44041,34.73236]]],[[[126.42125,34.7332],[126.42208,34.73208],[126.42014,34.73153],[126.41986,34.73264],[126.42125,34.7332]]],[[[126.33236,34.73986],[126.3343,34.73847],[126.33375,34.73569],[126.33097,34.73625],[126.33236,34.73986]]],[[[126.32264,34.7443],[126.32403,34.74319],[126.32375,34.74181],[126.32208,34.74292],[126.32264,34.7443]]],[[[126.36847,34.75069],[126.36986,34.75042],[126.37041,34.74931],[126.36847,34.74903],[126.36847,34.75069]]],[[[126.35542,34.75958],[126.35431,34.75653],[126.36014,34.74514],[126.35125,34.75153],[126.35542,34.75958]]],[[[126.36097,34.75792],[126.36403,34.75792],[126.3632,34.7557],[126.36097,34.75736],[126.36097,34.75792]]],[[[126.37041,34.75903],[126.37019601896164,34.76000264108353],[126.37103923565816,34.76172771615825],[126.37153,34.76181],[126.37264,34.76042],[126.37041,34.75903]]],[[[126.36931,34.75819],[126.36292,34.76014],[126.3557,34.78458],[126.37542,34.77069],[126.37103923565816,34.76172771615825],[126.36986,34.76153],[126.37019601896164,34.76000264108353],[126.36931,34.75819]]],[[[126.3793,34.76931],[126.37986,34.76847],[126.37708,34.7682],[126.3782,34.76958],[126.3793,34.76931]]],[[[126.30431,34.77069],[126.30847,34.78236],[126.32125,34.78819],[126.3307,34.78181],[126.31597,34.76625],[126.32097,34.76347],[126.31792,34.75875],[126.30431,34.77069]]],[[[126.34042,34.79403],[126.33958,34.7832],[126.3382,34.78264],[126.33403,34.78847],[126.34042,34.79403]]],[[[126.3157,34.78986],[126.31847,34.79097],[126.31875,34.78986],[126.31597,34.78819],[126.3157,34.78986]]],[[[126.33292,34.7943],[126.33375,34.79264],[126.33264,34.79014],[126.33125,34.79403],[126.33292,34.7943]]],[[[126.32736,34.81514],[126.33319,34.79681],[126.31458,34.79181],[126.31597,34.80819],[126.32736,34.81514]]],[[[126.34959,34.80958],[126.35069,34.80653],[126.3468,34.80625],[126.3468,34.80958],[126.34959,34.80958]]],[[[126.33486,34.81486],[126.33986,34.81375],[126.34153,34.8107],[126.33791,34.80931],[126.33486,34.81486]]],[[[126.35653,34.81681],[126.35736,34.81458],[126.35597,34.81403],[126.35514,34.81625],[126.35653,34.81681]]],[[[126.37153,34.8382],[126.37264,34.83236],[126.36597,34.83319],[126.36597,34.83625],[126.37153,34.8382]]],[[[126.3568,34.8582],[126.35931,34.85569],[126.35902,34.85514],[126.35597,34.85736],[126.3568,34.8582]]],[[[126.36125,34.85542],[126.36042,34.85653],[126.36236,34.85792],[126.36236,34.85708],[126.36125,34.85542]]],[[[126.39764,34.85931],[126.39848,34.85903],[126.39875,34.85736],[126.39709,34.85847],[126.39764,34.85931]]],[[[126.3857,34.86264],[126.38819,34.85986],[126.38847,34.85792],[126.3868,34.85875],[126.3857,34.86264]]],[[[126.37097,34.86764],[126.37264,34.86514],[126.36986,34.86264],[126.36958,34.86792],[126.37097,34.86764]]],[[[126.37847,34.87819],[126.36708,34.8657],[126.35764,34.86542],[126.36236,34.87514],[126.37847,34.87819]]],[[[126.34847,34.88347],[126.34959,34.8807],[126.34764,34.87569],[126.3468,34.88236],[126.34847,34.88347]]],[[[126.38736,34.88681],[126.38764,34.88625],[126.38514,34.88542],[126.38625,34.88708],[126.38736,34.88681]]],[[[126.35181,34.91069],[126.35653,34.90597],[126.35125,34.9007],[126.34402,34.90792],[126.35181,34.91069]]],[[[126.38458,34.9207],[126.38264,34.92042],[126.38236,34.92097],[126.38486,34.92236],[126.38458,34.9207]]],[[[126.32569,34.92292],[126.32597,34.92236],[126.32208,34.92236],[126.32347,34.92319],[126.32569,34.92292]]],[[[126.37736,34.95792],[126.37653,34.95819],[126.37736,34.95958],[126.3793,34.95986],[126.37736,34.95792]]],[[[126.31709,35.01569],[126.31958,35.00792],[126.31403,34.99931],[126.31097,35.01403],[126.31709,35.01569]]],[[[126.37514,35.02819],[126.37486,35.02431],[126.37209,35.02458],[126.37403,35.02819],[126.37514,35.02819]]],[[[126.33764,35.16708],[126.33875,35.16514],[126.33708,35.16208],[126.33542,35.1657],[126.33764,35.16708]]],[[[126.35542,35.17208],[126.35792,35.17014],[126.35736,35.16875],[126.3532,35.17097],[126.35542,35.17208]]],[[[126.34431,35.17542],[126.34319,35.17375],[126.33958,35.17236],[126.3418,35.17542],[126.34431,35.17542]]],[[[126.36125,35.18958],[126.36264,35.18903],[126.36292,35.18792],[126.36042,35.18875],[126.36125,35.18958]]],[[[126.36681,35.29653],[126.36597,35.2943],[126.36347,35.29347],[126.3643,35.2957],[126.36681,35.29653]]],[[[126.39902,35.37597],[126.39736,35.37125],[126.39264,35.37264],[126.3932,35.37486],[126.39902,35.37597]]],[[[126.39875,35.38375],[126.39958,35.38125],[126.39848,35.3807],[126.3968,35.38319],[126.39875,35.38375]]],[[[126.63597,33.92208],[126.6368,33.92153],[126.64291,33.92097],[126.63653,33.91819],[126.63597,33.92208]]],[[[126.93764,33.97264],[126.91431,33.96958],[126.9093,33.98403],[126.91959,33.98931],[126.93236,33.98597],[126.93764,33.97264]]],[[[126.59264,34.11431],[126.6032,34.10403],[126.60458,34.09708],[126.58292,34.09875],[126.58986,34.10486],[126.58514,34.11347],[126.59264,34.11431]]],[[[126.57625,34.11403],[126.57708,34.11375],[126.57681,34.11264],[126.57514,34.11431],[126.57625,34.11403]]],[[[126.51875,34.11903],[126.51986,34.11792],[126.5193,34.11653],[126.51764,34.11708],[126.51875,34.11903]]],[[[126.57458,34.12819],[126.57403,34.12653],[126.57291,34.1268],[126.57375,34.12847],[126.57458,34.12819]]],[[[126.56958,34.13597],[126.57264,34.12958],[126.56625,34.12764],[126.56625,34.13292],[126.56958,34.13597]]],[[[126.49181,34.14264],[126.49319,34.1432],[126.49319,34.14125],[126.49208,34.14097],[126.49181,34.14264]]],[[[126.49764,34.14375],[126.49931,34.14208],[126.49625,34.14069],[126.49653,34.14347],[126.49764,34.14375]]],[[[126.58625,34.14514],[126.58847,34.14458],[126.5893,34.1432],[126.58764,34.14292],[126.58625,34.14514]]],[[[126.48959,34.14542],[126.49153,34.14542],[126.49069,34.14347],[126.4882,34.14486],[126.48959,34.14542]]],[[[126.89986,34.14819],[126.90041,34.14625],[126.89958,34.14597],[126.89902,34.14819],[126.89986,34.14819]]],[[[126.48986,34.14847],[126.49153,34.14791],[126.49181,34.14708],[126.48959,34.1468],[126.48986,34.14847]]],[[[126.74875,34.15625],[126.74986,34.14791],[126.74514,34.14625],[126.74403,34.15014],[126.74875,34.15625]]],[[[126.57653,34.14458],[126.56625,34.14431],[126.54652,34.12625],[126.51236,34.12153],[126.50347,34.13875],[126.50903,34.14403],[126.5043,34.16042],[126.54041,34.18208],[126.55542,34.16819],[126.57014,34.1707],[126.57542,34.16097],[126.58514,34.16986],[126.62097,34.16514],[126.62431,34.15653],[126.61542,34.14819],[126.60375,34.16042],[126.6032,34.14569],[126.59097,34.16347],[126.57848,34.15764],[126.57653,34.14458]]],[[[126.58681,34.15597],[126.58736,34.15292],[126.58569,34.15264],[126.58514,34.15458],[126.58681,34.15597]]],[[[126.63708,34.12208],[126.62764,34.14625],[126.65208,34.1693],[126.63292,34.18736],[126.64236,34.18653],[126.6507,34.19986],[126.68486,34.18125],[126.65569,34.17097],[126.66875,34.1618],[126.6693,34.14931],[126.6832,34.14903],[126.68042,34.13958],[126.66875,34.14292],[126.67014,34.11986],[126.6607,34.11069],[126.65014,34.11486],[126.64958,34.13042],[126.63708,34.12208]]],[[[126.47903,34.17181],[126.4818,34.16875],[126.47791,34.16292],[126.47542,34.17125],[126.47903,34.17181]]],[[[126.61292,34.17319],[126.61292,34.17181],[126.61069,34.17208],[126.61125,34.17347],[126.61292,34.17319]]],[[[126.56153,34.17569],[126.56486,34.17319],[126.56764,34.17236],[126.5582,34.17125],[126.56153,34.17569]]],[[[126.5957,34.17569],[126.59514,34.17292],[126.59125,34.17458],[126.5918,34.17569],[126.5957,34.17569]]],[[[126.8557,34.15042],[126.84847,34.16347],[126.85931,34.17153],[126.84708,34.17486],[126.85764,34.17792],[126.85736,34.20014],[126.89153,34.21736],[126.91153,34.21292],[126.90403,34.20236],[126.91236,34.19458],[126.90708,34.18403],[126.91986,34.18708],[126.9257,34.17458],[126.91847,34.1582],[126.90764,34.15014],[126.89931,34.15542],[126.88181,34.14903],[126.86486,34.16542],[126.8557,34.15042]]],[[[126.47125,34.19097],[126.48319,34.19236],[126.48681,34.18681],[126.47903,34.17653],[126.47125,34.19097]]],[[[126.62542,34.1857],[126.62458,34.18431],[126.62097,34.18514],[126.6218,34.18597],[126.62542,34.1857]]],[[[126.58569,34.18681],[126.58625,34.18403],[126.58375,34.18375],[126.58375,34.18597],[126.58569,34.18681]]],[[[126.92486,34.19125],[126.93014,34.18986],[126.93125,34.18847],[126.92042,34.18736],[126.92486,34.19125]]],[[[126.84986,34.19153],[126.84847,34.18819],[126.84402,34.19069],[126.84431,34.19181],[126.84986,34.19153]]],[[[126.50625,34.20458],[126.51903,34.19792],[126.51014,34.18625],[126.48597,34.1782],[126.50625,34.20458]]],[[[126.76041,34.17597],[126.74931,34.18736],[126.75042,34.20125],[126.76431,34.21125],[126.77458,34.19597],[126.76041,34.17597]]],[[[126.61986,34.1968],[126.6218,34.19653],[126.62153,34.19375],[126.61708,34.19486],[126.61986,34.1968]]],[[[126.62791,34.19847],[126.62986,34.1968],[126.62959,34.19597],[126.62625,34.19819],[126.62791,34.19847]]],[[[126.49431,34.19958],[126.49486,34.1968],[126.48681,34.19708],[126.48708,34.19847],[126.49431,34.19958]]],[[[126.5432,34.20542],[126.54681,34.19931],[126.53931,34.19764],[126.53875,34.20319],[126.5432,34.20542]]],[[[126.58708,34.17236],[126.56319,34.17736],[126.56208,34.18903],[126.54764,34.1893],[126.55653,34.19486],[126.55236,34.20597],[126.56431,34.21181],[126.55403,34.21181],[126.55681,34.21847],[126.56625,34.21931],[126.56236,34.23236],[126.55319,34.23403],[126.56597,34.23514],[126.5732,34.22236],[126.57875,34.22875],[126.60819,34.22375],[126.62514,34.20542],[126.61514,34.19569],[126.6032,34.19986],[126.61597,34.18264],[126.57958,34.18958],[126.57625,34.18403],[126.58569,34.17958],[126.5907,34.17375],[126.58708,34.17236]]],[[[126.85819,34.20403],[126.85875,34.20264],[126.84431,34.20319],[126.84792,34.20625],[126.8482,34.20486],[126.85819,34.20403]]],[[[126.63625,34.20875],[126.63931,34.20486],[126.63264,34.20347],[126.63125,34.20819],[126.63625,34.20875]]],[[[126.62542,34.21097],[126.62736,34.21097],[126.62681,34.20903],[126.62375,34.20792],[126.62542,34.21097]]],[[[126.51569,34.21736],[126.51542,34.20847],[126.50875,34.20847],[126.51264,34.21153],[126.51569,34.21736]]],[[[126.61819,34.22375],[126.62097,34.22375],[126.62125,34.22236],[126.61875,34.22181],[126.61819,34.22375]]],[[[126.77014,34.22931],[126.77847,34.22709],[126.77847,34.22375],[126.7718,34.22181],[126.77014,34.22931]]],[[[126.58236,34.24125],[126.58319,34.23819],[126.5818,34.23764],[126.58125,34.24097],[126.58236,34.24125]]],[[[126.61597,34.25042],[126.62625,34.23764],[126.59319,34.23403],[126.59847,34.24653],[126.61597,34.25042]]],[[[126.56347,34.24875],[126.57014,34.24569],[126.56597,34.24097],[126.56097,34.24736],[126.56347,34.24875]]],[[[126.56347,34.28375],[126.57153,34.27708],[126.53875,34.27625],[126.54125,34.28292],[126.56347,34.28375]]],[[[126.47708,34.28959],[126.47736,34.28264],[126.46625,34.27625],[126.47014,34.28764],[126.47708,34.28959]]],[[[126.86486,34.28959],[126.86792,34.2832],[126.86764,34.28153],[126.8632,34.28403],[126.86486,34.28959]]],[[[126.89764,34.28847],[126.90097,34.28736],[126.89848,34.28347],[126.89458,34.28542],[126.89764,34.28847]]],[[[126.6132,34.29319],[126.61097,34.28181],[126.60597,34.28125],[126.60736,34.2907],[126.6132,34.29319]]],[[[126.62375,34.29236],[126.62431,34.2907],[126.62264,34.28986],[126.62209,34.29208],[126.62375,34.29236]]],[[[126.59486,34.30458],[126.59348,34.28986],[126.58598,34.2943],[126.57403,34.28708],[126.59486,34.30458]]],[[[126.83681,34.30153],[126.83625,34.29764],[126.83292,34.29875],[126.83347,34.30125],[126.83681,34.30153]]],[[[126.50625,34.29986],[126.51125,34.30292],[126.50931,34.29708],[126.50792,34.29653],[126.50625,34.29986]]],[[[126.86569,34.29847],[126.86486,34.30042],[126.86708,34.30181],[126.86597,34.30014],[126.86569,34.29847]]],[[[126.86181,34.30347],[126.86264,34.30208],[126.86069,34.30153],[126.86014,34.30347],[126.86181,34.30347]]],[[[126.61069,34.31125],[126.61181,34.30958],[126.60958,34.30847],[126.60902,34.31014],[126.61069,34.31125]]],[[[126.5043,34.31875],[126.50459,34.31486],[126.50097,34.31319],[126.50014,34.31653],[126.5043,34.31875]]],[[[126.86681,34.31375],[126.84125,34.29875],[126.82848,34.32625],[126.80542,34.32681],[126.79347,34.31514],[126.78069,34.32736],[126.75125,34.33458],[126.77847,34.33236],[126.78958,34.34597],[126.80653,34.33347],[126.81958,34.33792],[126.81792,34.34819],[126.83459,34.3582],[126.84847,34.34431],[126.8557,34.35181],[126.85792,34.34375],[126.87236,34.34958],[126.87986,34.33681],[126.89848,34.34403],[126.89653,34.33153],[126.88069,34.33014],[126.88319,34.30958],[126.8718,34.30931],[126.86375,34.32153],[126.86681,34.31375]]],[[[126.90459,34.33153],[126.90791,34.32736],[126.90736,34.3257],[126.9032,34.32792],[126.90459,34.33153]]],[[[126.60486,34.33736],[126.60514,34.33597],[126.60431,34.33569],[126.60375,34.33736],[126.60486,34.33736]]],[[[126.4657,34.34542],[126.47791,34.34431],[126.4743,34.33042],[126.46597,34.33986],[126.4657,34.34542]]],[[[126.61764,34.34042],[126.61931,34.33903],[126.61875,34.33681],[126.61597,34.3382],[126.61764,34.34042]]],[[[126.91375,34.34014],[126.91319,34.33681],[126.90847,34.33792],[126.91153,34.34042],[126.91375,34.34014]]],[[[126.66875,34.32347],[126.65347,34.33097],[126.64347,34.32736],[126.64875,34.33514],[126.64125,34.34097],[126.64514,34.36792],[126.63931,34.38292],[126.64931,34.39292],[126.68597,34.40292],[126.72958,34.38042],[126.73097,34.35236],[126.75042,34.31875],[126.77236,34.31236],[126.76153,34.30042],[126.77708,34.28708],[126.74764,34.29153],[126.73514,34.30458],[126.73708,34.28625],[126.71069,34.29736],[126.69431,34.29208],[126.66875,34.32347]]],[[[126.79542,34.3532],[126.7943,34.35097],[126.79125,34.35181],[126.79236,34.35347],[126.79542,34.3532]]],[[[126.76958,34.35347],[126.77014,34.35209],[126.7693,34.35181],[126.76875,34.35347],[126.76958,34.35347]]],[[[126.73764,34.36125],[126.7393,34.3582],[126.73569,34.35708],[126.73514,34.36042],[126.73764,34.36125]]],[[[126.46181,34.36347],[126.46291,34.36319],[126.46291,34.3618],[126.46152,34.36208],[126.46181,34.36347]]],[[[126.4743,34.37236],[126.47459,34.37042],[126.47125,34.37125],[126.4718,34.37264],[126.4743,34.37236]]],[[[126.47041,34.38236],[126.47041,34.38014],[126.46819,34.3807],[126.46902,34.38236],[126.47041,34.38236]]],[[[126.87458,34.39153],[126.86153,34.40569],[126.86486,34.41125],[126.87458,34.39986],[126.88264,34.40681],[126.8932,34.39569],[126.89486,34.40375],[126.89986,34.39764],[126.90681,34.40292],[126.91319,34.39125],[126.93236,34.39069],[126.94542,34.41236],[126.95069,34.40125],[126.93569,34.38347],[126.94736,34.37875],[126.94736,34.36708],[126.92819,34.37014],[126.92403,34.35986],[126.90681,34.35292],[126.88792,34.35903],[126.88458,34.3732],[126.87041,34.36792],[126.8632,34.37292],[126.87458,34.39153]]],[[[126.82819,34.39208],[126.83681,34.38486],[126.83041,34.37792],[126.82486,34.38542],[126.82819,34.39208]]],[[[126.85625,34.38847],[126.8568,34.38625],[126.8557,34.38597],[126.85431,34.3882],[126.85625,34.38847]]],[[[126.62625,34.40153],[126.6443,34.39847],[126.6443,34.39514],[126.6368,34.38736],[126.63931,34.39375],[126.6282,34.39403],[126.62625,34.40153]]],[[[126.73569,34.40319],[126.74486,34.40097],[126.74292,34.38986],[126.73431,34.39347],[126.73569,34.40319]]],[[[126.81875,34.38208],[126.79181,34.38125],[126.78042,34.36847],[126.78014,34.35181],[126.7682,34.35653],[126.7793,34.38181],[126.74931,34.37931],[126.7682,34.39875],[126.76458,34.41069],[126.78819,34.43319],[126.83459,34.44153],[126.83403,34.4318],[126.84597,34.42931],[126.84292,34.4207],[126.82403,34.41986],[126.83903,34.41097],[126.85069,34.41819],[126.84847,34.40736],[126.85709,34.40847],[126.86597,34.38986],[126.84903,34.38847],[126.82458,34.39931],[126.81875,34.38208]]],[[[126.86459,34.39875],[126.8643,34.39764],[126.86292,34.39791],[126.8632,34.39903],[126.86459,34.39875]]],[[[126.64736,34.40458],[126.64736,34.40347],[126.64486,34.40403],[126.64514,34.40486],[126.64736,34.40458]]],[[[126.91264,34.4082],[126.91264,34.40653],[126.91097,34.40764],[126.91125,34.40847],[126.91264,34.4082]]],[[[126.71125,34.41819],[126.72514,34.41319],[126.72764,34.40708],[126.70042,34.41319],[126.71125,34.41819]]],[[[126.95431,34.41542],[126.95264,34.41014],[126.94764,34.41208],[126.94958,34.41431],[126.95431,34.41542]]],[[[126.8643,34.4157],[126.86486,34.41431],[126.86125,34.41208],[126.86097,34.41542],[126.8643,34.4157]]],[[[126.87125,34.41486],[126.87292,34.41514],[126.87292,34.41347],[126.8707,34.41375],[126.87125,34.41486]]],[[[126.87403,34.42736],[126.87791,34.41819],[126.87708,34.41403],[126.86847,34.42181],[126.87403,34.42736]]],[[[126.69292,34.42181],[126.69431,34.42125],[126.69431,34.41958],[126.69125,34.42042],[126.69292,34.42181]]],[[[126.68708,34.42292],[126.69014,34.4207],[126.68459,34.41958],[126.68403,34.42153],[126.68708,34.42292]]],[[[126.85792,34.4243],[126.86181,34.42264],[126.86264,34.42042],[126.85736,34.41847],[126.85792,34.4243]]],[[[126.46375,34.42958],[126.46597,34.42736],[126.46014,34.42514],[126.45986,34.42653],[126.46375,34.42958]]],[[[126.8532,34.43153],[126.85709,34.42847],[126.85709,34.42542],[126.85125,34.42958],[126.8532,34.43153]]],[[[126.92847,34.43069],[126.93069,34.4318],[126.93208,34.43125],[126.93153,34.42875],[126.92847,34.43069]]],[[[126.71486,34.4357],[126.71014,34.43292],[126.70264,34.43431],[126.70292,34.43514],[126.71486,34.4357]]],[[[126.81319,34.44986],[126.81292,34.44819],[126.81181,34.44792],[126.81181,34.44958],[126.81319,34.44986]]],[[[126.79125,34.46347],[126.78931,34.46041],[126.78819,34.46069],[126.7907,34.46375],[126.79125,34.46347]]],[[[126.77959,34.53819],[126.78542,34.53486],[126.7832,34.53069],[126.77764,34.53208],[126.77959,34.53819]]],[[[126.7832,34.56375],[126.78291,34.56208],[126.78125,34.56264],[126.78181,34.5643],[126.7832,34.56375]]],[[[127.07681,34.18792],[127.07403,34.18403],[127.07125,34.18514],[127.0743,34.18847],[127.07681,34.18792]]],[[[127.07291,34.19375],[127.07708,34.19431],[127.0807,34.19181],[127.06847,34.19097],[127.07291,34.19375]]],[[[127.07514,34.1968],[127.07653,34.1968],[127.07736,34.19597],[127.0743,34.19569],[127.07514,34.1968]]],[[[127.14625,34.20458],[127.14931,34.20319],[127.14653,34.19986],[127.14347,34.20319],[127.14625,34.20458]]],[[[127.17597,34.20958],[127.16764,34.20125],[127.14986,34.20597],[127.15958,34.20903],[127.17597,34.20958]]],[[[127.20069,34.21069],[127.20014,34.20792],[127.19903,34.20819],[127.19791,34.21069],[127.20069,34.21069]]],[[[127.26208,34.21236],[127.26319,34.21236],[127.26347,34.21153],[127.26097,34.21181],[127.26208,34.21236]]],[[[127.23736,34.21347],[127.23736,34.21153],[127.23597,34.21125],[127.23542,34.21347],[127.23736,34.21347]]],[[[127.00931,34.21542],[127.01153,34.21403],[127.01125,34.21264],[127.00792,34.21431],[127.00931,34.21542]]],[[[127.13264,34.2168],[127.13458,34.21653],[127.13486,34.21597],[127.13153,34.21653],[127.13264,34.2168]]],[[[126.99153,34.21986],[126.99264,34.2168],[126.99014,34.21542],[126.9882,34.21875],[126.99153,34.21986]]],[[[127.1993,34.22319],[127.20097,34.21819],[127.19375,34.21597],[127.19347,34.22097],[127.1993,34.22319]]],[[[127.2243,34.2243],[127.22125,34.22042],[127.21736,34.22319],[127.22014,34.22458],[127.2243,34.2243]]],[[[127.01014,34.22458],[127.01292,34.22097],[127.0032,34.22208],[127.00347,34.2243],[127.01014,34.22458]]],[[[127.26375,34.24264],[127.26625,34.24236],[127.26653,34.24153],[127.26305547372111,34.24073114769765],[127.2630642537439,34.24103717140143],[127.26375,34.24264]]],[[[127.26264,34.22625],[127.25014,34.22181],[127.25875,34.21125],[127.24097,34.21875],[127.22125,34.20986],[127.23292,34.23736],[127.25569,34.25125],[127.26319,34.24542],[127.2630642537439,34.24103717140143],[127.26292,34.2407],[127.26305547372111,34.24073114769765],[127.26264,34.22625]]],[[[127.26542,34.2332],[127.26653,34.23125],[127.26431,34.23125],[127.26403,34.23347],[127.26542,34.2332]]],[[[127.26598,34.23931],[127.26764,34.24042],[127.27125,34.23792],[127.27097,34.2368],[127.26598,34.23931]]],[[[127.28042,34.24208],[127.28125,34.24042],[127.27903,34.23958],[127.27847,34.24181],[127.28042,34.24208]]],[[[127.01403,34.25764],[127.02014,34.24597],[127.01598,34.23931],[127.00819,34.25514],[127.01403,34.25764]]],[[[127.25819,34.26431],[127.26153,34.26181],[127.26153,34.25819],[127.25403,34.25958],[127.25819,34.26431]]],[[[127.00625,34.2668],[127.00653,34.26375],[127.00486,34.2632],[127.0043,34.26764],[127.00625,34.2668]]],[[[127.27069,34.26986],[127.27042,34.2682],[127.26903,34.26875],[127.2693,34.27014],[127.27069,34.26986]]],[[[127.28069,34.2757],[127.28347,34.27375],[127.26736,34.27208],[127.27486,34.27542],[127.28069,34.2757]]],[[[127.15542,34.28125],[127.15708,34.27958],[127.15625,34.27819],[127.15459,34.2793],[127.15542,34.28125]]],[[[127.28042,34.28069],[127.28152,34.27903],[127.27792,34.27903],[127.27764,34.28042],[127.28042,34.28069]]],[[[127.00542,34.28236],[127.00736,34.28236],[127.00792,34.28014],[127.00459,34.27958],[127.00542,34.28236]]],[[[127.1582,34.28403],[127.16014,34.28208],[127.15986,34.28097],[127.15598,34.28236],[127.1582,34.28403]]],[[[127.26764,34.29125],[127.26736,34.28847],[127.26403,34.28847],[127.26514,34.29153],[127.26764,34.29125]]],[[[127.12791,34.30569],[127.13264,34.30347],[127.13292,34.29958],[127.12125,34.30153],[127.12791,34.30569]]],[[[126.9893,34.3068],[126.99264,34.30653],[126.99236,34.30514],[126.9893,34.30597],[126.9893,34.3068]]],[[[127.00042,34.30819],[127.00125,34.30653],[126.99736,34.30569],[126.99875,34.30819],[127.00042,34.30819]]],[[[127.10208,34.31236],[127.1032,34.30375],[127.09486,34.30375],[127.09458,34.30653],[127.10208,34.31236]]],[[[127.08903,34.3107],[127.0907,34.30986],[127.08625,34.30819],[127.08681,34.30931],[127.08903,34.3107]]],[[[127.06319,34.31208],[127.06514,34.31153],[127.06458,34.30708],[127.06208,34.30708],[127.06319,34.31208]]],[[[127.12903,34.31542],[127.13375,34.31514],[127.13625,34.30931],[127.12486,34.31403],[127.12903,34.31542]]],[[[127.24181,34.31375],[127.23986,34.31236],[127.23875,34.3143],[127.24181,34.3143],[127.24181,34.31375]]],[[[127.01875,34.32042],[127.0193,34.31847],[127.01708,34.31847],[127.01708,34.32069],[127.01875,34.32042]]],[[[127.0043,34.33764],[127.01681,34.32347],[127.01250546093064,34.32125],[127.0118,34.32125],[127.01174544818151,34.32085803508207],[126.97264,34.30069],[126.9657,34.31181],[126.95986,34.30847],[126.95708,34.32708],[126.96931,34.33903],[126.98431,34.34069],[126.99625,34.33375],[127.0043,34.33764]]],[[[127.01319,34.32125],[127.01514,34.31986],[127.01153,34.31931],[127.01174544818151,34.32085803508207],[127.01250546093064,34.32125],[127.01319,34.32125]]],[[[127.08736,34.33042],[127.08903,34.32014],[127.07764,34.3257],[127.07764,34.32875],[127.08736,34.33042]]],[[[127.08153,34.33319],[127.07986,34.33292],[127.07903,34.33458],[127.0818,34.33569],[127.08153,34.33319]]],[[[127.05125,34.32875],[127.05153,34.34042],[127.02986,34.33208],[127.03208,34.33903],[127.01764,34.33792],[127.03264,34.34069],[127.02903,34.34764],[126.98486,34.35958],[127.00736,34.3568],[127.00736,34.36681],[127.01681,34.36736],[127.01014,34.37375],[127.02736,34.37292],[127.03014,34.38042],[127.04958,34.36236],[127.04542,34.35069],[127.07625,34.3618],[127.10236,34.33736],[127.06736,34.34736],[127.06153,34.33958],[127.08014,34.33792],[127.07736,34.33153],[127.0582,34.33264],[127.0407,34.30819],[127.03625,34.32431],[127.05125,34.32875]]],[[[127.10125,34.35986],[127.10152,34.3568],[127.09986,34.35625],[127.0982,34.35931],[127.10125,34.35986]]],[[[127.05514,34.35736],[127.05791,34.36125],[127.06125,34.35875],[127.06125,34.3568],[127.05514,34.35736]]],[[[127.10291,34.36375],[127.1032,34.36208],[127.10042,34.36292],[127.10098,34.36403],[127.10291,34.36375]]],[[[127.19625,34.3768],[127.19791,34.37597],[127.19764,34.37347],[127.19375,34.37514],[127.19625,34.3768]]],[[[127.27431,34.37931],[127.2757,34.37792],[127.27292,34.37569],[127.27209,34.37847],[127.27431,34.37931]]],[[[127.27792,34.38153],[127.2782,34.37986],[127.27653,34.37875],[127.2768,34.38125],[127.27792,34.38153]]],[[[127.06819,34.37153],[127.07848,34.38236],[127.07291,34.38597],[127.09125,34.3918],[127.09153,34.37708],[127.06819,34.37153]]],[[[127.0257,34.3843],[127.02875,34.3807],[127.02514,34.37931],[127.02264,34.38153],[127.0257,34.3843]]],[[[127.03375,34.38736],[127.04514,34.39569],[127.05209,34.39292],[127.04986,34.38542],[127.03375,34.38736]]],[[[126.98847,34.39514],[126.99014,34.39347],[126.98986,34.39264],[126.98792,34.39403],[126.98847,34.39514]]],[[[127.0268,34.39542],[127.02736,34.39375],[127.02625,34.39292],[127.02597,34.39542],[127.0268,34.39542]]],[[[126.98431,34.39653],[126.98597,34.39569],[126.98569,34.39458],[126.98264,34.39514],[126.98431,34.39653]]],[[[127.27069,34.39097],[127.27264,34.3807],[127.24792,34.38708],[127.25403,34.40153],[127.23542,34.41042],[127.24181,34.41653],[127.26315363067293,34.39764],[127.26208,34.39764],[127.2618,34.39625],[127.26375,34.39625],[127.26353864016686,34.397299250600256],[127.27069,34.39097]]],[[[127.26347,34.39764],[127.26353864016686,34.397299250600256],[127.26315363067293,34.39764],[127.26347,34.39764]]],[[[127.0593,34.39986],[127.06069,34.40097],[127.06181,34.40097],[127.06236,34.39931],[127.0593,34.39986]]],[[[127.03902,34.40542],[127.04181,34.40458],[127.04181,34.40153],[127.03819,34.40236],[127.03902,34.40542]]],[[[127.03458,34.4082],[127.0368,34.40319],[127.0368,34.40042],[127.03098,34.40264],[127.03458,34.4082]]],[[[127.0518,34.40597],[127.05209,34.4043],[127.04847,34.40319],[127.04931,34.40486],[127.0518,34.40597]]],[[[126.99292,34.41236],[126.99431,34.41014],[126.99403,34.40792],[126.99208,34.41125],[126.99292,34.41236]]],[[[127.11653,34.41403],[127.11958,34.4118],[127.11736,34.40708],[127.11569,34.40736],[127.11653,34.41403]]],[[[127.08264,34.41208],[127.0818,34.40653],[127.07597,34.41514],[127.08459,34.42153],[127.07875,34.41431],[127.08264,34.41208]]],[[[127.21347,34.42014],[127.21514,34.41764],[127.21181,34.41681],[127.21098,34.41903],[127.21347,34.42014]]],[[[127.03431,34.42236],[127.03709,34.42236],[127.03736,34.42181],[127.03403,34.42042],[127.03431,34.42236]]],[[[127.12431,34.42514],[127.12403,34.42181],[127.12458,34.42014],[127.12209,34.42125],[127.12431,34.42514]]],[[[127.01097,34.42458],[127.0107,34.42264],[127.00958,34.42181],[127.00903,34.42292],[127.01097,34.42458]]],[[[127.08208,34.42625],[127.08486,34.42292],[127.07792,34.42347],[127.07931,34.42625],[127.08208,34.42625]]],[[[127.22736,34.42847],[127.22598,34.42958],[127.22903,34.43097],[127.22875,34.42931],[127.22736,34.42847]]],[[[127.0343,34.44958],[127.02264,34.4543],[127.04459,34.46014],[127.04931,34.45181],[127.05791,34.45347],[127.05486,34.45875],[127.06514,34.45181],[127.07514,34.42931],[127.06264,34.40181],[127.06125,34.42625],[127.05014,34.42847],[127.05292,34.41736],[127.04652,34.41459],[127.03792,34.42153],[127.0343,34.44958]]],[[[127.00736,34.4393],[127.01153,34.43681],[127.01208,34.43486],[127.00597,34.43681],[127.00736,34.4393]]],[[[127.22347,34.43986],[127.22542,34.44153],[127.22736,34.44014],[127.22708,34.43875],[127.22347,34.43986]]],[[[127.09431,34.44375],[127.09486,34.44125],[127.09236,34.44069],[127.09209,34.44264],[127.09431,34.44375]]],[[[127.02375,34.45014],[127.02486,34.44764],[127.02153,34.44625],[127.01958,34.44986],[127.02375,34.45014]]],[[[126.96625,34.46542],[126.96986,34.4632],[126.96709,34.44514],[126.95875,34.45903],[126.96625,34.46542]]],[[[127.11375,34.47597],[127.11542,34.49014],[127.12375,34.4907],[127.12791,34.47847],[127.14236,34.47264],[127.1768,34.49153],[127.20069,34.48792],[127.2168,34.49542],[127.23542,34.47903],[127.20875,34.42958],[127.16597,34.43514],[127.1618,34.42764],[127.14347,34.42875],[127.14208,34.42014],[127.11542,34.43875],[127.11625,34.44819],[127.09903,34.44264],[127.10597,34.45486],[127.09264,34.47014],[127.11375,34.47597]]],[[[127.0907,34.45097],[127.08958,34.46097],[127.08153,34.46208],[127.08486,34.46542],[127.09375,34.46347],[127.0907,34.45097]]],[[[127.2382,34.47681],[127.23875,34.47347],[127.23542,34.47403],[127.23597,34.47625],[127.2382,34.47681]]],[[[127.23431,34.49125],[127.23402,34.49569],[127.23764,34.49597],[127.23847,34.49403],[127.23431,34.49125]]],[[[127.1468,34.4982],[127.14986,34.49625],[127.14597,34.4943],[127.14625,34.4982],[127.1468,34.4982]]],[[[127.12791,34.49569],[127.1282,34.49708],[127.12986,34.4982],[127.1293,34.49653],[127.12791,34.49569]]],[[[127.27069,34.49847],[127.27153,34.49625],[127.26875,34.49681],[127.26847,34.4982],[127.27069,34.49847]]],[[[127.11459,34.49986],[127.11514,34.49931],[127.11347,34.49903],[127.11347,34.50042],[127.11459,34.49986]]],[[[127.14875,34.50431],[127.15041,34.50236],[127.14848,34.50069],[127.14736,34.50292],[127.14875,34.50431]]],[[[127.11153,34.5218],[127.1218,34.51264],[127.12847,34.52375],[127.13792,34.5182],[127.13097,34.5057],[127.11347,34.5018],[127.09764,34.50958],[127.11153,34.5218]]],[[[127.16264,34.51931],[127.16458,34.52153],[127.16209,34.51792],[127.1593,34.51931],[127.16264,34.51931]]],[[[127.21403,34.52542],[127.21486,34.52458],[127.21347,34.52431],[127.2132,34.5257],[127.21403,34.52542]]],[[[127.11069,34.59597],[127.09097,34.59597],[127.0893,34.60542],[127.09736,34.61208],[127.10653,34.60514],[127.11069,34.59597]]],[[[127.01292,34.62097],[127.01681,34.61875],[127.01208,34.61042],[127.00819,34.61819],[127.01292,34.62097]]],[[[127.32236,34.01597],[127.32542,34.01375],[127.32375,34.00403],[127.31625,34.01403],[127.32236,34.01597]]],[[[127.32569,34.02236],[127.3243,34.02069],[127.32347,34.02097],[127.32375,34.02236],[127.32569,34.02236]]],[[[127.31625,34.02986],[127.3243,34.02653],[127.32375,34.02375],[127.3082,34.02708],[127.31625,34.02986]]],[[[127.29931,34.05708],[127.29264,34.04903],[127.29681,34.03236],[127.31403,34.01097],[127.2943,34.01431],[127.28014,34.03736],[127.28152,34.05153],[127.27514,34.0532],[127.27986,34.06014],[127.29403,34.05542],[127.29375,34.06319],[127.29931,34.05708]]],[[[127.35902,34.04347],[127.36292,34.04264],[127.35986,34.03764],[127.35542,34.04264],[127.35902,34.04347]]],[[[127.30736,34.06264],[127.31736,34.05597],[127.3232,34.06042],[127.33459,34.03458],[127.31292,34.04014],[127.30347,34.0568],[127.30736,34.06264]]],[[[127.38708,34.06208],[127.3932,34.06153],[127.39848,34.05431],[127.38486,34.05264],[127.38708,34.06208]]],[[[127.51125,34.11597],[127.51431,34.1157],[127.51514,34.11347],[127.50931,34.11431],[127.51125,34.11597]]],[[[127.35347,34.18014],[127.35875,34.17597],[127.35542,34.16986],[127.35069,34.17319],[127.35347,34.18014]]],[[[127.46098,34.23264],[127.46486,34.22875],[127.46875,34.22597],[127.4593,34.22736],[127.46098,34.23264]]],[[[127.44403,34.24319],[127.45125,34.25069],[127.45736,34.24597],[127.44875,34.23903],[127.44403,34.24319]]],[[[127.45181,34.25403],[127.45097,34.25319],[127.44736,34.25875],[127.45348,34.25986],[127.45069,34.25597],[127.45181,34.25403]]],[[[127.36403,34.29375],[127.37153,34.28764],[127.35098,34.26736],[127.35264,34.29458],[127.35625,34.28625],[127.36403,34.29375]]],[[[127.39625,34.29819],[127.40208,34.28764],[127.38986,34.27847],[127.38625,34.29292],[127.39625,34.29819]]],[[[127.38125,34.29597],[127.37764,34.29208],[127.36986,34.29375],[127.37041,34.2957],[127.38125,34.29597]]],[[[127.29403,34.30014],[127.29652,34.30014],[127.29681,34.29958],[127.29375,34.2993],[127.29403,34.30014]]],[[[127.31958,34.32458],[127.3232,34.31847],[127.32181,34.31681],[127.31625,34.31875],[127.31958,34.32458]]],[[[127.37319,34.33236],[127.37653,34.33264],[127.37569,34.33097],[127.37292,34.33097],[127.37319,34.33236]]],[[[127.49347,34.39958],[127.49931,34.39736],[127.49931,34.39597],[127.49208,34.39791],[127.49347,34.39958]]],[[[127.34125,34.4318],[127.34292,34.43125],[127.34264,34.42986],[127.3407,34.43014],[127.34125,34.4318]]],[[[127.32069,34.43708],[127.32848,34.43431],[127.32958,34.43264],[127.32069,34.43069],[127.32069,34.43708]]],[[[127.33125,34.4357],[127.33153,34.43431],[127.32903,34.43486],[127.32931,34.43597],[127.33125,34.4357]]],[[[127.30236,34.44264],[127.31597,34.44153],[127.30959,34.43014],[127.29764,34.43681],[127.30236,34.44264]]],[[[127.29625,34.43847],[127.29625,34.43653],[127.29181,34.43625],[127.2943,34.43986],[127.29625,34.43847]]],[[[127.36625,34.44097],[127.36792,34.44153],[127.36931,34.44014],[127.36625,34.43958],[127.36625,34.44097]]],[[[127.30542,34.44542],[127.30708,34.44431],[127.30653,34.44264],[127.30319,34.44431],[127.30542,34.44542]]],[[[127.29514,34.44875],[127.29486,34.44486],[127.28931,34.44042],[127.29014,34.44764],[127.29514,34.44875]]],[[[127.52014,34.42625],[127.48681,34.41319],[127.49208,34.43264],[127.4743,34.43264],[127.46152,34.44375],[127.48125,34.44181],[127.48486,34.44931],[127.44958,34.44819],[127.45819,34.45236],[127.45236,34.46903],[127.45736,34.47625],[127.47264,34.46458],[127.49097,34.46542],[127.48347,34.45875],[127.49319,34.45847],[127.49792,34.46736],[127.50375,34.46264],[127.50569,34.47375],[127.52069,34.45375],[127.53764,34.44847],[127.53875,34.43042],[127.53069,34.42208],[127.52014,34.42625]]],[[[127.37125,34.45292],[127.37153,34.45181],[127.36986,34.4507],[127.36903,34.45208],[127.37125,34.45292]]],[[[127.28403,34.4557],[127.28486,34.45375],[127.28375,34.45292],[127.28208,34.45486],[127.28403,34.4557]]],[[[127.36514,34.45597],[127.36736,34.45542],[127.36347,34.45319],[127.36264,34.45625],[127.36347,34.45542],[127.36514,34.45597]]],[[[127.44347,34.46653],[127.45014,34.46458],[127.45014,34.45653],[127.44958,34.46097],[127.44347,34.46653]]],[[[127.36097,34.46264],[127.36125,34.46097],[127.35931,34.46069],[127.35958,34.46236],[127.36097,34.46264]]],[[[127.37236,34.47264],[127.37292,34.47014],[127.36903,34.47181],[127.37014,34.47292],[127.37236,34.47264]]],[[[127.44653,34.48375],[127.44597,34.47153],[127.4407,34.46875],[127.43569,34.47375],[127.44653,34.48375]]],[[[127.40459,34.48153],[127.40569,34.47458],[127.3968,34.47875],[127.39986,34.48153],[127.40459,34.48153]]],[[[127.39625,34.49319],[127.39819,34.49319],[127.39958,34.48986],[127.39403,34.49264],[127.39625,34.49319]]],[[[127.50181,34.50264],[127.49931,34.50319],[127.49903,34.50458],[127.50264,34.50514],[127.50181,34.50264]]],[[[127.41431,34.51264],[127.41486,34.51069],[127.41209,34.51097],[127.41236,34.51236],[127.41431,34.51264]]],[[[127.48431,34.48375],[127.46902,34.48653],[127.45903,34.4782],[127.44097,34.49097],[127.45847,34.50597],[127.4343,34.52042],[127.45959,34.54542],[127.47403,34.5443],[127.47903,34.53625],[127.45903,34.52764],[127.47569,34.51375],[127.46792,34.51792],[127.45792,34.51375],[127.49181,34.50819],[127.50625,34.49042],[127.49458,34.48375],[127.4893,34.48986],[127.48431,34.48375]]],[[[127.46931,34.51375],[127.46902,34.51236],[127.46736,34.5132],[127.46792,34.51458],[127.46931,34.51375]]],[[[127.41375,34.51653],[127.41458,34.51514],[127.41264,34.51431],[127.41209,34.51653],[127.41375,34.51653]]],[[[127.45264,34.54653],[127.44597,34.53819],[127.4418,34.53986],[127.44847,34.54764],[127.45264,34.54653]]],[[[127.44625,34.54847],[127.44653,34.54736],[127.44375,34.54792],[127.44431,34.54875],[127.44625,34.54847]]],[[[127.43764,34.55431],[127.43847,34.55292],[127.43847,34.55125],[127.43569,34.55403],[127.43764,34.55431]]],[[[127.44403,34.55486],[127.44653,34.55403],[127.44625,34.5532],[127.44319,34.55292],[127.44403,34.55486]]],[[[127.4593,34.5568],[127.46125,34.55569],[127.45819,34.55403],[127.45764,34.55625],[127.4593,34.5568]]],[[[127.47041,34.57014],[127.47153,34.56458],[127.46625,34.56292],[127.46625,34.56875],[127.47041,34.57014]]],[[[127.45736,34.57014],[127.45986,34.56486],[127.45875,34.56319],[127.45514,34.56514],[127.45736,34.57014]]],[[[127.4182,34.57431],[127.43014,34.56514],[127.40264,34.56236],[127.41708,34.57014],[127.4182,34.57431]]],[[[127.44736,34.57625],[127.44958,34.57542],[127.45319,34.56125],[127.44097,34.56986],[127.44736,34.57625]]],[[[127.47514,34.57292],[127.47681,34.57097],[127.47208,34.57125],[127.47403,34.57319],[127.47514,34.57292]]],[[[127.45431,34.57431],[127.45486,34.57292],[127.45181,34.57236],[127.45236,34.57458],[127.45431,34.57431]]],[[[127.41708,34.58208],[127.42514,34.58125],[127.42375,34.57486],[127.41514,34.57903],[127.41708,34.58208]]],[[[127.51431,34.59792],[127.51292,34.5957],[127.51125,34.59681],[127.51236,34.59847],[127.51431,34.59792]]],[[[127.52375,34.62569],[127.5218,34.61847],[127.50875,34.63319],[127.51847,34.64069],[127.51375,34.63208],[127.52375,34.62569]]],[[[127.47041,34.67347],[127.46931,34.67514],[127.47153,34.67569],[127.47125,34.6743],[127.47041,34.67347]]],[[[127.45069,34.68042],[127.45153,34.6782],[127.44847,34.67875],[127.44847,34.68069],[127.45069,34.68042]]],[[[127.45348,34.68597],[127.45486,34.68403],[127.45431,34.68319],[127.45125,34.68486],[127.45348,34.68597]]],[[[127.4632,34.69097],[127.45819,34.68292],[127.45653,34.68319],[127.45458,34.68708],[127.4632,34.69097]]],[[[127.32181,34.69069],[127.32236,34.68875],[127.31958,34.68903],[127.32042,34.69069],[127.32181,34.69069]]],[[[127.45181,34.69653],[127.45292,34.6893],[127.44431,34.69458],[127.44542,34.6968],[127.45181,34.69653]]],[[[127.44791,34.68514],[127.42986,34.69042],[127.42181,34.70014],[127.42625,34.70319],[127.44791,34.69125],[127.44791,34.68514]]],[[[127.41541,34.70625],[127.42069,34.70319],[127.42125,34.70125],[127.41042,34.70236],[127.41541,34.70625]]],[[[127.43042,34.70514],[127.43375,34.7043],[127.43403,34.70347],[127.42903,34.70458],[127.43042,34.70514]]],[[[127.45181,34.70625],[127.45069,34.70458],[127.44875,34.7057],[127.4493,34.70653],[127.45181,34.70625]]],[[[127.42653,34.70653],[127.42792,34.70486],[127.42125,34.70403],[127.42319,34.70736],[127.42653,34.70653]]],[[[127.29292,34.70903],[127.2943,34.70986],[127.2943,34.70736],[127.29292,34.70625],[127.29292,34.70903]]],[[[127.41903,34.71431],[127.42208,34.71208],[127.41264,34.70903],[127.41431,34.71403],[127.41903,34.71431]]],[[[127.44764,34.72153],[127.44542,34.7093],[127.43847,34.7057],[127.43597,34.71097],[127.44764,34.72153]]],[[[127.39569,34.7243],[127.39986,34.72375],[127.40014,34.72097],[127.39542,34.72042],[127.39569,34.7243]]],[[[127.30764,34.72764],[127.3157,34.72597],[127.31319,34.71903],[127.30514,34.7207],[127.30764,34.72764]]],[[[127.30319,34.7282],[127.30403,34.72597],[127.30042,34.72542],[127.30097,34.7282],[127.30319,34.7282]]],[[[127.30903,34.73431],[127.31014,34.73292],[127.30736,34.73208],[127.30708,34.73403],[127.30903,34.73431]]],[[[127.3082,34.73569],[127.3093,34.73708],[127.31042,34.7368],[127.31014,34.73542],[127.3082,34.73569]]],[[[127.31375,34.73847],[127.31458,34.7368],[127.31319,34.73625],[127.31208,34.73819],[127.31375,34.73847]]],[[[127.46819,34.74708],[127.46902,34.74681],[127.46986,34.7443],[127.46792,34.74458],[127.46819,34.74708]]],[[[127.5107,34.76153],[127.51486,34.75875],[127.51625,34.75458],[127.50847,34.75819],[127.5107,34.76153]]],[[[127.49208,34.76764],[127.49625,34.76097],[127.50486,34.75458],[127.49931,34.7518],[127.49208,34.76764]]],[[[127.50569,34.76653],[127.50681,34.76458],[127.50459,34.76292],[127.50347,34.76514],[127.50569,34.76653]]],[[[127.45486,34.76903],[127.45653,34.76736],[127.45625,34.7668],[127.45348,34.76708],[127.45486,34.76903]]],[[[127.43264,34.77486],[127.4332,34.77708],[127.43653,34.77681],[127.43736,34.77542],[127.43264,34.77486]]],[[[127.41625,34.78625],[127.42736,34.78569],[127.43097,34.77958],[127.41792,34.78125],[127.41625,34.78625]]],[[[127.47097,34.78486],[127.47514,34.78431],[127.47542,34.78208],[127.47208,34.78153],[127.47097,34.78486]]],[[[127.39236,34.78514],[127.3932,34.78486],[127.39403,34.78347],[127.39125,34.78375],[127.39236,34.78514]]],[[[127.46042,34.78792],[127.46152,34.78653],[127.46125,34.7832],[127.45847,34.78625],[127.46042,34.78792]]],[[[127.43958,34.77903],[127.4493,34.78764],[127.44736,34.79847],[127.45986,34.79264],[127.46375,34.80542],[127.4707,34.78708],[127.45986,34.79236],[127.45319,34.77847],[127.43958,34.77903]]],[[[127.47347,34.79347],[127.47625,34.79264],[127.47652,34.79125],[127.47125,34.79375],[127.47347,34.79347]]],[[[127.42847,34.80375],[127.42931,34.80236],[127.42736,34.80153],[127.42736,34.80347],[127.42847,34.80375]]],[[[127.52597,34.80736],[127.52597,34.80597],[127.52348,34.80653],[127.52458,34.80764],[127.52597,34.80736]]],[[[127.44097,34.81097],[127.44403,34.8068],[127.43597,34.80903],[127.43847,34.81125],[127.44097,34.81097]]],[[[127.45208,34.81181],[127.45236,34.81042],[127.45014,34.80931],[127.45097,34.81153],[127.45208,34.81181]]],[[[127.60542,34.04014],[127.6132,34.03014],[127.61292,34.02875],[127.6057,34.03069],[127.60542,34.04014]]],[[[127.59097,34.05236],[127.58986,34.05014],[127.58708,34.05097],[127.58791,34.05264],[127.59097,34.05236]]],[[[127.58652,34.05597],[127.58403,34.05264],[127.58097,34.05986],[127.58598,34.06514],[127.58319,34.06097],[127.58652,34.05597]]],[[[127.53208,34.26986],[127.53986,34.26736],[127.53848,34.26125],[127.53042,34.26125],[127.53208,34.26986]]],[[[127.90208,34.41708],[127.90403,34.41736],[127.90514,34.41597],[127.90153,34.41375],[127.90208,34.41708]]],[[[127.80236,34.45264],[127.81792,34.45208],[127.80403,34.42903],[127.81014,34.4243],[127.80625,34.40764],[127.78542,34.41708],[127.80097,34.43153],[127.78486,34.43125],[127.79736,34.43958],[127.7943,34.45653],[127.80569,34.46125],[127.80236,34.45264]]],[[[127.54208,34.44458],[127.54708,34.4432],[127.54681,34.44208],[127.53958,34.44042],[127.54208,34.44458]]],[[[127.78291,34.45347],[127.78625,34.45347],[127.78653,34.45208],[127.78236,34.45153],[127.78291,34.45347]]],[[[127.79153,34.48125],[127.79403,34.48014],[127.79097,34.4743],[127.78848,34.47903],[127.79153,34.48125]]],[[[127.79014,34.48458],[127.7907,34.48264],[127.78986,34.48236],[127.78875,34.48403],[127.79014,34.48458]]],[[[127.82625,34.48569],[127.82153,34.47542],[127.80486,34.48264],[127.80431,34.47097],[127.79652,34.47264],[127.79736,34.49153],[127.8243,34.49958],[127.82681,34.49542],[127.81292,34.49181],[127.82625,34.48569]]],[[[127.80736,34.50375],[127.80653,34.50097],[127.80403,34.5018],[127.80431,34.50292],[127.80736,34.50375]]],[[[127.80569,34.51236],[127.80736,34.51181],[127.80791,34.51097],[127.80569,34.51014],[127.80569,34.51236]]],[[[127.80903,34.51653],[127.81125,34.51625],[127.81153,34.51569],[127.80959,34.51458],[127.80903,34.51653]]],[[[127.73458,34.50264],[127.74097,34.51042],[127.72514,34.51653],[127.73292,34.52681],[127.71848,34.52347],[127.69653,34.53819],[127.71152,34.53764],[127.74181,34.5532],[127.75764,34.55264],[127.76236,34.53431],[127.78042,34.52014],[127.78181,34.51069],[127.76791,34.50903],[127.78764,34.50736],[127.79875,34.49708],[127.7907,34.4868],[127.76236,34.49042],[127.76903,34.49208],[127.77319,34.49931],[127.73458,34.50264]]],[[[127.77375,34.53708],[127.77431,34.53514],[127.76958,34.53431],[127.77209,34.53792],[127.77375,34.53708]]],[[[127.77042,34.56681],[127.76875,34.56375],[127.76375,34.56208],[127.7682,34.56708],[127.77042,34.56681]]],[[[127.75208,34.56764],[127.74875,34.56292],[127.74403,34.56542],[127.74736,34.56792],[127.75208,34.56764]]],[[[127.73319,34.57097],[127.74208,34.56264],[127.7243,34.5607],[127.72903,34.57069],[127.73319,34.57097]]],[[[127.64042,34.56958],[127.63903,34.55597],[127.63792,34.57458],[127.65903,34.58541],[127.67125,34.58014],[127.67069,34.57236],[127.69486,34.5757],[127.70514,34.56347],[127.68736,34.55819],[127.69041,34.5682],[127.68819,34.57125],[127.67375,34.55458],[127.66875,34.56042],[127.65847,34.55236],[127.64042,34.56958]]],[[[127.72598,34.57958],[127.72875,34.57319],[127.71208,34.56458],[127.70959,34.57625],[127.72598,34.57958]]],[[[127.74125,34.57403],[127.74153,34.56958],[127.73736,34.57125],[127.73875,34.57514],[127.74125,34.57403]]],[[[127.58208,34.57792],[127.58319,34.57653],[127.58292,34.5757],[127.5807,34.57681],[127.58208,34.57792]]],[[[127.76264,34.57979],[127.76097,34.57403],[127.75486,34.57958],[127.76319,34.58292],[127.76264,34.57979]]],[[[127.68236,34.57847],[127.68291,34.57708],[127.67819,34.57903],[127.68236,34.58042],[127.68236,34.57847]]],[[[127.74431,34.58208],[127.73486,34.57403],[127.71208,34.59153],[127.73292,34.59514],[127.73097,34.58792],[127.74431,34.58208]]],[[[127.60347,34.58986],[127.60542,34.58792],[127.59959,34.58847],[127.60098,34.59014],[127.60347,34.58986]]],[[[127.55653,34.59375],[127.55986,34.58847],[127.56847,34.58597],[127.5593,34.58514],[127.55653,34.59375]]],[[[127.53819,34.59264],[127.53931,34.59069],[127.53764,34.58764],[127.53625,34.59097],[127.53819,34.59264]]],[[[127.69486,34.59153],[127.69681,34.59042],[127.69153,34.58958],[127.69209,34.59153],[127.69486,34.59153]]],[[[127.68486,34.5957],[127.6907,34.59403],[127.68597,34.58792],[127.68042,34.59375],[127.68486,34.5957]]],[[[127.56847,34.59403],[127.57042,34.59125],[127.57153,34.59042],[127.56431,34.5918],[127.56847,34.59403]]],[[[127.62264,34.59681],[127.62569,34.5882],[127.60625,34.58875],[127.60597,34.58986],[127.62264,34.59681]]],[[[127.65986,34.5918],[127.64542,34.59014],[127.64902,34.60403],[127.66014,34.60375],[127.65459,34.59708],[127.65986,34.5918]]],[[[127.57708,34.5993],[127.57931,34.59958],[127.58041,34.59681],[127.57708,34.59597],[127.57708,34.5993]]],[[[127.60653,34.60486],[127.60152,34.59431],[127.59402,34.59708],[127.59708,34.60236],[127.60653,34.60486]]],[[[127.71264,34.60458],[127.71264,34.60514],[127.71597,34.60542],[127.7157,34.60486],[127.71264,34.60458]]],[[[127.56458,34.61403],[127.56736,34.60486],[127.55125,34.60181],[127.55042,34.59375],[127.53542,34.59681],[127.53848,34.60931],[127.52541,34.60215],[127.52458,34.61708],[127.54125,34.6118],[127.5443,34.61903],[127.55264,34.61764],[127.56458,34.61403]]],[[[127.71625,34.61125],[127.72569,34.60736],[127.70375,34.60403],[127.70625,34.61042],[127.71625,34.61125]]],[[[127.58847,34.61542],[127.58736,34.61292],[127.58264,34.61097],[127.58347,34.61403],[127.58847,34.61542]]],[[[127.65542,34.6082],[127.63153,34.60736],[127.62458,34.61514],[127.6357,34.62431],[127.64764,34.6193],[127.65542,34.6082]]],[[[127.71347,34.61514],[127.71181,34.61958],[127.71625,34.61597],[127.7168,34.61375],[127.71347,34.61514]]],[[[127.53042,34.62875],[127.52875,34.62375],[127.52708,34.62375],[127.52708,34.62764],[127.53042,34.62875]]],[[[127.53597,34.63347],[127.54931,34.63264],[127.55236,34.6268],[127.53514,34.62347],[127.53597,34.63347]]],[[[127.55097,34.64264],[127.56875,34.63458],[127.56986,34.62653],[127.54681,34.63708],[127.55097,34.64264]]],[[[127.71375,34.63681],[127.71264,34.63514],[127.70986,34.63569],[127.71098,34.63708],[127.71375,34.63681]]],[[[127.80097,34.64847],[127.80125,34.6468],[127.79903,34.64597],[127.79958,34.64875],[127.80097,34.64847]]],[[[127.55708,34.65569],[127.55458,34.65514],[127.55431,34.65597],[127.55708,34.65597],[127.55708,34.65569]]],[[[127.55125,34.65736],[127.54903,34.65708],[127.54903,34.6582],[127.55125,34.65958],[127.55125,34.65736]]],[[[127.77875,34.71153],[127.77402,34.70458],[127.76514,34.71041],[127.77042,34.70181],[127.76292,34.7057],[127.75903,34.70375],[127.76598,34.69431],[127.77959,34.69736],[127.77653,34.68097],[127.7832,34.67125],[127.80014,34.66792],[127.79542,34.66042],[127.80625,34.66153],[127.7943,34.64514],[127.80042,34.62986],[127.79264,34.63042],[127.78819,34.60792],[127.80791,34.59708],[127.80347,34.58681],[127.74931,34.59236],[127.73708,34.61125],[127.71014,34.62153],[127.7243,34.63486],[127.71152,34.64264],[127.72347,34.65569],[127.73339874765031,34.66105489219334],[127.73402,34.66069],[127.7343807878947,34.66158552709577],[127.74764,34.66875],[127.75291,34.68153],[127.7718,34.68431],[127.75653,34.69042],[127.75847,34.71264],[127.74653,34.71403],[127.73653,34.72847],[127.74431,34.73375],[127.78709,34.7168],[127.78958,34.69931],[127.7757,34.70208],[127.77875,34.71153]]],[[[127.7307,34.66264],[127.73347,34.66514],[127.73458,34.66208],[127.7343807878947,34.66158552709577],[127.73339874765031,34.66105489219334],[127.7307,34.66264]]],[[[127.71042,34.67125],[127.7132,34.67125],[127.71347,34.67014],[127.70792,34.67014],[127.71042,34.67125]]],[[[127.68375,34.67653],[127.68459,34.67486],[127.68042,34.67514],[127.68069,34.67653],[127.68375,34.67653]]],[[[127.70208,34.67958],[127.70458,34.67792],[127.7057,34.67625],[127.70042,34.67542],[127.70208,34.67958]]],[[[127.74208,34.68264],[127.74458,34.67847],[127.74431,34.67681],[127.73959,34.67958],[127.74208,34.68264]]],[[[127.79181,34.68681],[127.7932,34.68597],[127.7932,34.68514],[127.79041,34.68653],[127.79181,34.68681]]],[[[127.70541,34.68736],[127.70736,34.68708],[127.70653,34.68514],[127.70403,34.68653],[127.70541,34.68736]]],[[[127.71069,34.68986],[127.71152,34.6893],[127.71098,34.68514],[127.70875,34.68903],[127.71069,34.68986]]],[[[127.79403,34.69347],[127.79597,34.69208],[127.79597,34.69125],[127.79208,34.69292],[127.79403,34.69347]]],[[[127.71264,34.69347],[127.71458,34.6932],[127.71458,34.69208],[127.71098,34.69236],[127.71264,34.69347]]],[[[127.78764,34.69625],[127.78902,34.69458],[127.78819,34.69347],[127.78653,34.69431],[127.78764,34.69625]]],[[[127.70042,34.71153],[127.71014,34.70903],[127.71208,34.70181],[127.70431,34.7043],[127.70042,34.71153]]],[[[127.69625,34.70792],[127.69542,34.71014],[127.69681,34.70958],[127.69764,34.70847],[127.69625,34.70792]]],[[[127.70847,34.71292],[127.71098,34.71097],[127.71125,34.7093],[127.70625,34.71181],[127.70847,34.71292]]],[[[127.72514,34.72208],[127.73236,34.71847],[127.72764,34.70958],[127.74208,34.70292],[127.71986,34.70486],[127.71848,34.71958],[127.72514,34.72208]]],[[[127.71069,34.71625],[127.71208,34.71542],[127.71264,34.71153],[127.70959,34.71431],[127.71069,34.71625]]],[[[127.71042,34.71903],[127.70847,34.72014],[127.71403,34.72153],[127.7132,34.72014],[127.71042,34.71903]]],[[[127.73708,34.73347],[127.73653,34.73208],[127.73458,34.73236],[127.73514,34.73375],[127.73708,34.73347]]],[[[127.56347,34.73736],[127.56625,34.73542],[127.56486,34.73264],[127.56153,34.73486],[127.56347,34.73736]]],[[[127.67236,34.73875],[127.67347,34.73847],[127.67264,34.73708],[127.67125,34.73847],[127.67236,34.73875]]],[[[127.56069,34.73931],[127.56181,34.73875],[127.56097,34.7368],[127.55986,34.73764],[127.56069,34.73931]]],[[[127.65847,34.74181],[127.65875,34.73986],[127.65652,34.74014],[127.65681,34.74181],[127.65847,34.74181]]],[[[127.6657,34.74569],[127.66625,34.74236],[127.66348,34.74014],[127.66292,34.74375],[127.6657,34.74569]]],[[[127.56319,34.74931],[127.56819,34.74292],[127.56625,34.73931],[127.55708,34.74125],[127.56319,34.74931]]],[[[127.75792,34.74264],[127.76514,34.74597],[127.76791,34.75153],[127.76847,34.74347],[127.75792,34.74264]]],[[[127.56153,34.77042],[127.56819,34.76764],[127.57097,34.76292],[127.55959,34.76264],[127.56153,34.77042]]],[[[127.55847,34.78153],[127.55736,34.78042],[127.55569,34.78236],[127.55875,34.78292],[127.55847,34.78153]]],[[[127.55875,34.7907],[127.56097,34.79181],[127.56236,34.78986],[127.56042,34.78764],[127.55875,34.7907]]],[[[127.64514,34.84458],[127.64792,34.84319],[127.64819,34.84097],[127.6443,34.84153],[127.64514,34.84458]]],[[[127.64709,34.84708],[127.64375,34.84819],[127.6443,34.85153],[127.64514,34.8493],[127.6468,34.84875],[127.64709,34.84708]]],[[[127.62014,34.85347],[127.62041,34.85153],[127.61681,34.85292],[127.61819,34.85375],[127.62014,34.85347]]],[[[127.71902,34.86514],[127.72014,34.86431],[127.71986,34.86375],[127.71819,34.86403],[127.71902,34.86514]]],[[[127.6218,34.86986],[127.62319,34.86736],[127.61958,34.86514],[127.61903,34.86819],[127.6218,34.86986]]],[[[127.73097,34.86847],[127.73042,34.86736],[127.72847,34.86764],[127.73042,34.86875],[127.73097,34.86847]]],[[[127.68736,34.8693],[127.68653,34.86708],[127.68459,34.86708],[127.68625,34.86958],[127.68736,34.8693]]],[[[127.61042,34.86764],[127.60902,34.86875],[127.61208,34.87153],[127.61208,34.87069],[127.61042,34.86764]]],[[[127.62014,34.88319],[127.63097,34.8807],[127.63042,34.87486],[127.61069,34.88181],[127.62014,34.88319]]],[[[127.70181,34.87653],[127.6918,34.88458],[127.71764,34.89875],[127.74709,34.88736],[127.73042,34.8843],[127.72292,34.86792],[127.69681,34.87264],[127.70181,34.87653]]],[[[127.76542,34.8932],[127.76542,34.89153],[127.76264,34.89153],[127.76375,34.8932],[127.76542,34.8932]]],[[[127.76681,34.89542],[127.74264,34.9082],[127.70486,34.91208],[127.70431,34.92958],[127.73153,34.95181],[127.73986,34.94653],[127.73708,34.93153],[127.76569,34.93097],[127.78375,34.91625],[127.78514,34.88625],[127.77625,34.88597],[127.76708,34.89125],[127.78375,34.88681],[127.78403,34.9082],[127.77375,34.92208],[127.76375,34.91903],[127.76681,34.89542]]],[[[127.76764,34.93431],[127.74541,34.93375],[127.74097,34.95181],[127.7618,34.95958],[127.76875,34.95292],[127.76764,34.93431]]],[[[127.76486,34.96819],[127.76542,34.96625],[127.76681,34.96486],[127.76319,34.9668],[127.76486,34.96819]]]]}},{"type":"Feature","properties":{"id":"seoul","label":"서울","selectable":false,"labelAnchor":[126.99035963770811,37.5338736522093],"nameEn":"Seoul"},"geometry":{"type":"Polygon","coordinates":[[[126.76986,37.51542],[126.79379,37.51077],[126.8153,37.52],[126.82373,37.50708],[126.82104,37.46989],[126.8697,37.45543],[126.89619,37.43833],[126.93969,37.43491],[126.97088,37.44565],[127.02078,37.44852],[127.03168,37.44629],[127.0437,37.42212],[127.06073,37.41528],[127.09418,37.42881],[127.13748,37.43441],[127.15614,37.45626],[127.14503,37.49462],[127.17089,37.5173],[127.1571,37.53502],[127.12569,37.53687],[127.11792,37.62109],[127.10036,37.65018],[127.08029,37.65912],[127.06171,37.65409],[127.01611,37.66309],[126.9659,37.63212],[126.93872,37.63312],[126.90393,37.62207],[126.87711,37.57316],[126.85107,37.56848],[126.82349,37.58069],[126.79327,37.5603],[126.76986,37.51542]]]}},{"type":"Feature","properties":{"id":"ulsan","label":"울산","selectable":false,"labelAnchor":[129.24125595631259,35.53654188567497],"nameEn":"Ulsan"},"geometry":{"type":"MultiPolygon","coordinates":[[[[129.35153,35.38681],[129.34985,35.38625],[129.35014,35.38486],[129.35265,35.38514],[129.35153,35.38681]]],[[[129.36153,35.42042],[129.3593,35.42097],[129.35986,35.41764],[129.3618,35.41903],[129.36153,35.42042]]],[[[129.35625,35.44875],[129.3582,35.44875],[129.36014,35.45153],[129.35681,35.44986],[129.35625,35.44875]]],[[[129.3582,35.45292],[129.35486,35.45236],[129.35181,35.44819],[129.35347,35.44792],[129.3582,35.45292]]],[[[129.36931,35.54042],[129.36874,35.53875],[129.37402,35.53736],[129.37097,35.54042],[129.36931,35.54042]]],[[[129.37013,35.54292],[129.36903,35.54181],[129.3732,35.54014],[129.37181,35.54208],[129.37013,35.54292]]],[[[129.45226,35.61486],[129.44771,35.60516],[129.42029,35.60669],[129.33765,35.63147],[129.31891,35.60632],[129.2757,35.6095],[129.24829,35.62567],[129.24985,35.6566],[129.17366,35.67786],[129.13208,35.67969],[129.06909,35.65167],[129.06512,35.64508],[129.07648,35.61792],[129.07251,35.60229],[129.03931,35.6067],[129.02568,35.58931],[129.03551,35.58205],[129.03748,35.56671],[129.01532,35.53149],[129.01784,35.51045],[129.08112,35.51111],[129.10168,35.48853],[129.1405,35.46991],[129.16711,35.43347],[129.23633,35.4129],[129.24648,35.38944],[129.26331,35.38568],[129.28052,35.39508],[129.29712,35.39345],[129.32486,35.34599],[129.33624,35.35625],[129.34541,35.35125],[129.36319,35.35903],[129.3443,35.3807],[129.35597,35.39375],[129.35208,35.40236],[129.36348,35.40597],[129.35153,35.42097],[129.36819,35.43153],[129.36375,35.43903],[129.36986,35.44847],[129.36874,35.44958],[129.3643,35.44264],[129.35431,35.43847],[129.35902,35.44764],[129.3468,35.44708],[129.34598,35.46625],[129.32903,35.48347],[129.33681,35.48264],[129.35513,35.45875],[129.37236,35.45014],[129.37291,35.45181],[129.36264,35.46014],[129.38042,35.47097],[129.38847,35.4868],[129.39264,35.47709],[129.39209,35.48625],[129.38042,35.50014],[129.37013,35.49792],[129.36458,35.50319],[129.36514,35.50403],[129.36986,35.50014],[129.38625,35.50125],[129.38652,35.5168],[129.37709,35.5182],[129.37791,35.52903],[129.35042,35.54736],[129.37125,35.5443],[129.39403,35.52042],[129.39514,35.5018],[129.40736,35.49403],[129.4057,35.47236],[129.42487,35.48375],[129.43541,35.48014],[129.44653,35.49181],[129.43153,35.49347],[129.44376,35.5018],[129.43263,35.50792],[129.44597,35.51264],[129.44792,35.52625],[129.43987,35.52708],[129.4507,35.52847],[129.45876,35.55236],[129.4532,35.57958],[129.46513,35.58625],[129.46486,35.60486],[129.45226,35.61486]]]]}}],"borders":[[[127.61712,35.26969],[127.51361,35.32391],[127.4697,35.32849],[127.42646,35.32402],[127.39349,35.29327],[127.34129,35.29376],[127.31998,35.28528],[127.29164,35.29782],[127.22578,35.30324],[127.14375,35.29625],[127.10635,35.30735],[127.1138,35.3624],[127.0902,35.38083],[127.06461,35.42619],[127.05133,35.43091],[126.99366,35.381],[126.97076,35.39075],[126.9577,35.41229],[126.8758,35.46397],[126.79118,35.44149],[126.78923,35.38877],[126.74362,35.3251],[126.70967,35.32341],[126.66505,35.30579],[126.61494,35.30991],[126.56383,35.29166],[126.50275,35.34605],[126.50396,35.3578],[126.49109,35.37109],[126.46735,35.38605],[126.46815,35.40855],[126.43347,35.42874]],[[126.79327,37.5603],[126.69891,37.58868],[126.62793,37.57568],[126.58125,37.57986]],[[127.64892,36.01969],[127.64346,35.98889],[127.61488,35.9736],[127.55029,35.97569],[127.53738,36.00159],[127.46359,35.98929],[127.3898,36.02084],[127.36749,36.06708],[127.30649,36.12807],[127.24051,36.10449],[127.22699,36.0892],[127.19348,36.0965],[127.14539,36.07748],[127.13208,36.0802],[127.12618,36.06728],[127.08759,36.06842],[127.05072,36.07892],[127.0257,36.13388],[126.94128,36.1597],[126.88695,36.14118],[126.86518,36.08755],[126.87347,36.08588],[126.85739,36.0625],[126.82339,36.04904],[126.81421,36.03711],[126.78229,36.03668],[126.74125,36.01807]],[[126.75569,37.41588],[126.76971,37.43488],[126.76986,37.51542]],[[126.79327,37.5603],[126.76986,37.51542]],[[126.76986,37.51542],[126.79379,37.51077],[126.8153,37.52],[126.82373,37.50708],[126.82104,37.46989],[126.8697,37.45543],[126.89619,37.43833],[126.93969,37.43491],[126.97088,37.44565],[127.02078,37.44852],[127.03168,37.44629],[127.0437,37.42212],[127.06073,37.41528],[127.09418,37.42881],[127.13748,37.43441],[127.15614,37.45626],[127.14503,37.49462],[127.17089,37.5173],[127.1571,37.53502],[127.12569,37.53687],[127.11792,37.62109],[127.10036,37.65018],[127.08029,37.65912],[127.06171,37.65409],[127.01611,37.66309],[126.9659,37.63212],[126.93872,37.63312],[126.90393,37.62207],[126.87711,37.57316],[126.85107,37.56848],[126.82349,37.58069],[126.79327,37.5603]],[[126.91077,36.89486],[126.97809,36.90668],[127.0332,36.9006],[127.0791,36.90915],[127.0936,36.92291],[127.11997,36.92511],[127.20531,36.89249],[127.26831,36.85291]],[[127.77622,37.21256],[127.78641,37.2251],[127.78084,37.31044],[127.79744,37.33589],[127.80829,37.3847],[127.80624,37.41772],[127.7795,37.4375],[127.77504,37.45045],[127.82593,37.49969],[127.82788,37.51208],[127.81733,37.52686],[127.77185,37.52386],[127.74605,37.53944],[127.71803,37.54325],[127.61462,37.59408],[127.57563,37.58854],[127.554,37.59687],[127.5423,37.60992],[127.55084,37.62372],[127.54968,37.66248],[127.51908,37.67403],[127.54184,37.70447],[127.5343,37.74847],[127.53964,37.78804],[127.57611,37.80328],[127.60827,37.83173],[127.61351,37.90152],[127.56812,37.90445],[127.55618,37.94511],[127.49544,37.95043],[127.47528,37.99409],[127.46124,38.0692],[127.45527,38.07151],[127.43329,38.05029],[127.39229,38.06984],[127.36011,38.04205],[127.35089,38.06445],[127.32122,38.07151],[127.28308,38.0553],[127.27089,38.07484],[127.31128,38.1281],[127.29608,38.1347],[127.22888,38.08929],[127.19733,38.07672],[127.17699,38.07257],[127.1015,38.08252],[127.08891,38.09224],[127.09131,38.09833],[127.11386,38.11183],[127.09272,38.11926],[127.0965,38.15393],[127.02032,38.15124],[126.98503,38.20043],[126.98715,38.20691]],[[127.77622,37.21256],[127.7565,37.2059],[127.73499,37.16351],[127.67511,37.09675],[127.66019,37.09],[127.63808,37.09921],[127.6283,37.0473],[127.60822,37.01672],[127.57031,37.01251],[127.56456,36.9895],[127.55698,36.9856],[127.48389,36.99811],[127.47296,36.99289],[127.44922,36.96451],[127.40219,36.94888],[127.37769,36.90833],[127.29819,36.88882],[127.28079,36.8786],[127.26831,36.85291]],[[127.26831,36.85291],[127.29709,36.82828],[127.2963,36.81944],[127.32062,36.811],[127.32867,36.79449],[127.34259,36.78949],[127.39319,36.7373],[127.38031,36.72888],[127.32458,36.73175],[127.31628,36.70648],[127.2894,36.69901],[127.2673,36.66],[127.2691,36.6384],[127.2417,36.60687],[127.24528,36.59609],[127.27112,36.58081],[127.26938,36.56439],[127.30908,36.55829],[127.32288,36.5379],[127.35489,36.5173],[127.34184,36.49711],[127.33807,36.45684]],[[127.33807,36.45684],[127.33701,36.43188],[127.32449,36.4147],[127.298,36.39899],[127.26335,36.39206],[127.25751,36.3725],[127.26581,36.35599],[127.25411,36.34564],[127.25659,36.32098],[127.23932,36.29031],[127.24215,36.27559],[127.26572,36.25153],[127.27228,36.22632],[127.30856,36.19948],[127.33261,36.21899],[127.34364,36.25854],[127.36298,36.25018],[127.3645,36.21808],[127.40747,36.18268],[127.42334,36.18047],[127.44115,36.19914],[127.47158,36.2049]],[[127.33807,36.45684],[127.37021,36.45398],[127.38063,36.42847],[127.41264,36.41824],[127.42929,36.41833],[127.44611,36.43909],[127.45459,36.43591],[127.46115,36.42294],[127.47913,36.41632],[127.47888,36.37869],[127.4848,36.3718],[127.5036,36.38193],[127.52377,36.37342],[127.5295,36.3614],[127.5134,36.34909],[127.4946,36.3017],[127.4787,36.28671],[127.46597,36.22791],[127.47158,36.2049]],[[127.47158,36.2049],[127.54779,36.19281],[127.5679,36.17587],[127.56668,36.104],[127.5936,36.08078],[127.61359,36.02982],[127.6347,36.01147],[127.64892,36.01969]],[[127.61712,35.26969],[127.6413,35.29108],[127.6488,35.31628],[127.64131,35.33681],[127.6452,35.35172],[127.68109,35.3598],[127.69479,35.37961],[127.62909,35.5351],[127.67599,35.59598],[127.6662,35.6424],[127.6947,35.6723],[127.6925,35.7171],[127.71649,35.75171],[127.76149,35.77429],[127.76471,35.79932],[127.77635,35.81467],[127.7981,35.80869],[127.83289,35.82471],[127.85849,35.82339],[127.91529,35.87199]],[[127.77135,34.96542],[127.77911,34.98114],[127.7923,34.9866],[127.78704,35.00137],[127.7684,35.0336],[127.7334,35.05402],[127.69952,35.11328],[127.67572,35.12189],[127.6615,35.1369],[127.64148,35.18188],[127.6297,35.24469],[127.61034,35.25995],[127.61712,35.26969]],[[127.64892,36.01969],[127.6626,36.02007],[127.6741,36.00482],[127.7348,36.00427],[127.75715,35.9917],[127.79449,35.9931],[127.82642,36.0065],[127.84988,35.99609],[127.87929,36.00213]],[[128.64468,37.01654],[128.63379,37.03699],[128.5672,37.04691],[128.53308,37.07471],[128.49188,37.07849],[128.47607,37.06979],[128.42551,37.06509],[128.39749,37.0849],[128.3847,37.11679],[128.32881,37.11396],[128.30219,37.09949],[128.28389,37.10278],[128.26212,37.12456],[128.32376,37.16516],[128.31238,37.18095],[128.2666,37.1748],[128.21335,37.20121],[128.1799,37.2038],[128.15509,37.18918],[128.11609,37.18558],[128.08789,37.15781],[128.03488,37.155],[128.02734,37.15823],[128.01422,37.2015],[127.97101,37.2142],[127.9187,37.19119],[127.94052,37.1539],[127.9288,37.12564],[127.81949,37.11591],[127.80591,37.12488],[127.77622,37.21256]],[[127.87929,36.00213],[127.88031,36.0123],[127.905,36.02621],[127.94373,36.03052],[127.94989,36.07611],[127.9711,36.09219],[127.97549,36.1145],[127.96051,36.1431],[127.9649,36.15289],[127.98682,36.16629],[128.02182,36.155],[128.03571,36.16968],[128.0166,36.18979],[128.01181,36.22229],[127.98029,36.23029],[127.92792,36.22607],[127.88229,36.25079],[127.85229,36.24521],[127.82896,36.25045],[127.82831,36.28229],[127.86983,36.32472],[127.85856,36.33857],[127.8608,36.34816],[127.84738,36.35263],[127.84439,36.36209],[127.86108,36.42911],[127.84984,36.44615],[127.8521,36.457],[127.87881,36.46512],[127.88651,36.47645],[127.84982,36.53254],[127.79578,36.5474],[127.78882,36.5752],[127.82403,36.57994],[127.84238,36.6059],[127.86292,36.5986],[127.88894,36.57543],[127.89722,36.57788],[127.91412,36.59486],[127.91177,36.62979],[127.8847,36.63751],[127.88589,36.64468],[127.9525,36.69778],[128.0542,36.67621],[128.05655,36.68433],[128.02051,36.7113],[128.02441,36.74371],[128.04251,36.75519],[128.05754,36.78069],[128.07761,36.7666],[128.0979,36.76508],[128.12451,36.79639],[128.13452,36.78113],[128.19891,36.7728],[128.20569,36.80151],[128.23547,36.8327],[128.24864,36.82402],[128.25916,36.7991],[128.28448,36.7937],[128.29849,36.77802],[128.34332,36.76852],[128.37091,36.78207],[128.40271,36.7749],[128.43213,36.79688],[128.43549,36.8222],[128.41914,36.85236],[128.4429,36.89648],[128.4967,36.9281],[128.50809,36.94632],[128.54871,36.9588],[128.57068,36.99573],[128.59589,37.00488],[128.633,37.00272],[128.64468,37.01654]],[[127.87929,36.00213],[127.91852,35.9411],[127.91529,35.87199]],[[127.91529,35.87199],[127.92538,35.85489],[127.95093,35.84711],[127.96741,35.82651],[128.05829,35.82208],[128.13281,35.7872],[128.1441,35.75787],[128.21143,35.70053],[128.21518,35.67682],[128.19688,35.6367],[128.23071,35.6095],[128.25568,35.59949],[128.33218,35.61588],[128.39008,35.59729],[128.41724,35.57499]],[[128.55606,35.60935],[128.5461,35.63231],[128.55763,35.66991],[128.61819,35.69201],[128.62946,35.67706],[128.62329,35.66449],[128.65366,35.66229],[128.67543,35.67171],[128.6933,35.6897],[128.69843,35.7085],[128.6889,35.72989],[128.724,35.76981],[128.73299,35.79311],[128.75439,35.7988],[128.76071,35.84531],[128.75241,35.8674],[128.72321,35.8891],[128.73242,35.89441],[128.73929,35.93051],[128.7207,35.95581],[128.68271,35.9682],[128.617,35.9623],[128.5817,35.92728],[128.5434,35.91171],[128.53329,35.87289],[128.5047,35.84472],[128.47971,35.85751],[128.47501,35.88361],[128.4342,35.87299],[128.41206,35.8556],[128.40808,35.83051],[128.41412,35.81787],[128.46689,35.80191],[128.48749,35.78888],[128.48914,35.77512],[128.44431,35.7717],[128.42072,35.72968],[128.42641,35.70275],[128.46114,35.68348],[128.45749,35.66591],[128.4411,35.65869],[128.41028,35.66748],[128.39278,35.66399],[128.4411,35.6077],[128.43575,35.58686],[128.41724,35.57499]],[[128.41724,35.57499],[128.4306,35.56738],[128.48331,35.56631],[128.55606,35.60935]],[[128.55606,35.60935],[128.56929,35.59851],[128.58173,35.56628],[128.62189,35.53748],[128.64868,35.5365],[128.69012,35.54932],[128.74652,35.53851],[128.77972,35.52252],[128.84772,35.5509],[128.88751,35.58929],[128.92108,35.58911],[128.98328,35.56873],[129.02568,35.58931]],[[129.35126,37.16486],[129.35239,37.15579],[129.31259,37.12122],[129.27341,37.10419],[129.2467,37.0755],[129.24561,37.02139],[129.23581,37.013],[129.18118,37.01828],[129.11768,37.05688],[129.0979,37.04819],[129.0733,37.0191],[129.03149,37.03308],[128.97229,37.03601],[128.93649,37.05006],[128.92853,37.03088],[128.88391,37.03281],[128.8255,37.0603],[128.76439,37.07503],[128.75711,37.0712],[128.78009,37.04187],[128.77974,37.02856],[128.74667,37.02521],[128.7363,37.00888],[128.68872,37.02271],[128.64468,37.01654]],[[128.83308,35.08792],[128.85553,35.10352],[128.85553,35.11792],[128.84262,35.1268],[128.8443,35.14252],[128.90192,35.15088],[128.89877,35.18237],[128.90588,35.19067],[128.9292,35.20441],[128.94211,35.19821],[129.00031,35.20673],[129.02368,35.24908],[129.04871,35.27411],[129.0825,35.28471],[129.1088,35.31409],[129.13867,35.32251],[129.15527,35.34949],[129.20789,35.35028],[129.24648,35.38944]],[[129.02568,35.58931],[129.03931,35.6067],[129.07251,35.60229],[129.07648,35.61792],[129.06512,35.64508],[129.06909,35.65167],[129.13208,35.67969],[129.17366,35.67786],[129.24985,35.6566],[129.24829,35.62567],[129.2757,35.6095],[129.31891,35.60632],[129.33765,35.63147],[129.42029,35.60669],[129.44771,35.60516],[129.45226,35.61486]],[[129.02568,35.58931],[129.03551,35.58205],[129.03748,35.56671],[129.01532,35.53149],[129.01784,35.51045],[129.08112,35.51111],[129.10168,35.48853],[129.1405,35.46991],[129.16711,35.43347],[129.23633,35.4129],[129.24648,35.38944]],[[129.0407,35.10609],[129.01558,35.10061],[129.0267,35.08458]],[[129.03375,35.08601],[129.0471,35.08747],[129.04857,35.09986]],[[129.24648,35.38944],[129.26331,35.38568],[129.28052,35.39508],[129.29712,35.39345],[129.32486,35.34599]],[[126.67371,35.1095],[126.67742,35.10315],[126.77871,35.08205],[126.79966,35.04747],[126.85933,35.0547],[126.89784,35.04301],[126.91914,35.07291],[127.0061,35.08771],[127.03046,35.13985],[127.0285,35.15266],[126.9707,35.17007],[126.97333,35.18573],[126.96391,35.20564],[126.91563,35.22182],[126.86708,35.21587],[126.85611,35.19564],[126.84009,35.1911],[126.81685,35.19353],[126.77643,35.21833],[126.76646,35.2166],[126.74286,35.18703],[126.70251,35.17511],[126.67513,35.13666],[126.67371,35.1095]],[[125.11236,34.06375],[125.08542,34.07375],[125.09431,34.07431],[125.0982,34.09597],[125.12347,34.08681],[125.12292,34.0718],[125.14403,34.04958],[125.12236,34.04653],[125.11236,34.06375]],[[125.09402,34.11764],[125.09486,34.11764],[125.0957,34.11514],[125.09292,34.11431],[125.09402,34.11764]],[[125.0818,34.11819],[125.08514,34.11847],[125.08652,34.11514],[125.0818,34.11681],[125.0818,34.11819]],[[125.94569,34.14042],[125.93764,34.15292],[125.9407,34.16153],[125.94847,34.14542],[125.94569,34.14042]],[[125.85375,34.19653],[125.85875,34.19875],[125.86375,34.1968],[125.86208,34.19292],[125.85375,34.19653]],[[125.48847,34.20236],[125.48959,34.20625],[125.49153,34.20514],[125.49208,34.19931],[125.48847,34.20236]],[[125.48542,34.20514],[125.46653,34.20181],[125.46625,34.21264],[125.4732,34.21458],[125.47208,34.20792],[125.48542,34.20514]],[[125.86486,34.20625],[125.8468,34.21403],[125.84959,34.21819],[125.85709,34.21819],[125.86486,34.20625]],[[125.85875,34.22097],[125.86042,34.22097],[125.86181,34.21875],[125.85847,34.21847],[125.85875,34.22097]],[[125.84653,34.21875],[125.8407,34.21931],[125.8418,34.22736],[125.84903,34.22514],[125.84653,34.21875]],[[125.96069,34.23653],[125.96236,34.23931],[125.9643,34.23792],[125.96403,34.23597],[125.96069,34.23653]],[[125.92514,34.23792],[125.93653,34.24736],[125.94041,34.23847],[125.94903,34.24597],[125.95597,34.24042],[125.92875,34.22903],[125.92514,34.23792]],[[125.92903,34.24264],[125.92875,34.24375],[125.93181,34.24625],[125.93236,34.24486],[125.92903,34.24264]],[[125.90236,34.25708],[125.92458,34.26208],[125.92653,34.24569],[125.92236,34.25681],[125.91959,34.24847],[125.90986,34.25069],[125.91292,34.24042],[125.89709,34.24681],[125.90236,34.25708]],[[125.9568,34.30347],[125.95903,34.30375],[125.95847,34.30208],[125.95597,34.30208],[125.9568,34.30347]],[[125.90403,34.30486],[125.90125,34.30569],[125.90153,34.30708],[125.9032,34.3068],[125.90403,34.30486]],[[125.94153,34.30708],[125.94514,34.31181],[125.94625,34.3032],[125.94903,34.30042],[125.94153,34.30708]],[[125.95736,34.3143],[125.96403,34.31514],[125.96542,34.31042],[125.95097,34.30931],[125.95736,34.3143]],[[125.9482,34.34097],[125.94514,34.34431],[125.95348,34.35347],[125.95903,34.34431],[125.9482,34.34097]],[[125.92875,34.35431],[125.93069,34.35486],[125.93125,34.35181],[125.93014,34.35125],[125.92875,34.35431]],[[125.93236,34.36819],[125.94097,34.37931],[125.94236,34.3693],[125.93459,34.36431],[125.93236,34.36819]],[[125.96264,34.36264],[125.96236,34.37653],[125.97014,34.37569],[125.9657,34.38181],[125.97403,34.37236],[125.96264,34.36264]],[[125.29652,34.37958],[125.28403,34.40375],[125.29236,34.39153],[125.29875,34.39625],[125.31514,34.38597],[125.30042,34.38653],[125.29652,34.37958]],[[125.27625,34.42875],[125.28236,34.43208],[125.28931,34.42514],[125.28542,34.41736],[125.27625,34.42875]],[[125.27736,34.43458],[125.29014,34.45181],[125.29347,34.45181],[125.29542,34.43847],[125.27736,34.43458]],[[125.29764,34.45319],[125.29875,34.45375],[125.30042,34.45264],[125.3007,34.45014],[125.29764,34.45319]],[[125.29403,34.46153],[125.29986,34.4632],[125.30014,34.45819],[125.29486,34.45847],[125.29403,34.46153]],[[125.30347,34.46347],[125.30097,34.46458],[125.30125,34.46931],[125.30514,34.46653],[125.30347,34.46347]],[[125.68264,34.52347],[125.68681,34.52403],[125.68792,34.52097],[125.68597,34.51931],[125.68264,34.52347]],[[125.88153,34.56458],[125.88764,34.56764],[125.89069,34.56264],[125.88153,34.56181],[125.88153,34.56458]],[[125.91209,34.56514],[125.91153,34.56764],[125.91375,34.56792],[125.9157,34.56681],[125.91209,34.56514]],[[125.90041,34.57319],[125.9007,34.57403],[125.90347,34.57375],[125.90375,34.57292],[125.90041,34.57319]],[[125.89542,34.57514],[125.89764,34.57625],[125.89902,34.57514],[125.89569,34.57347],[125.89542,34.57514]],[[125.90847,34.57458],[125.90736,34.57458],[125.90625,34.57708],[125.90875,34.57625],[125.90847,34.57458]],[[125.83764,34.5843],[125.83903,34.58458],[125.83986,34.58236],[125.83736,34.58208],[125.83764,34.5843]],[[125.8707,34.59847],[125.87292,34.60069],[125.87514,34.59986],[125.87653,34.59542],[125.8707,34.59847]],[[125.89264,34.59736],[125.87847,34.60542],[125.87292,34.61681],[125.88708,34.60986],[125.89264,34.59736]],[[125.86736,34.60264],[125.86819,34.61708],[125.87292,34.60736],[125.86903,34.60209],[125.86736,34.60264]],[[125.8532,34.61903],[125.86264,34.60486],[125.81125,34.59597],[125.81069,34.6032],[125.82931,34.60875],[125.81319,34.61014],[125.80319,34.62292],[125.82153,34.61458],[125.85098,34.63042],[125.85709,34.62958],[125.8532,34.61903]],[[125.86653,34.61958],[125.86264,34.62125],[125.86459,34.62264],[125.86681,34.62097],[125.86653,34.61958]],[[125.87542,34.62069],[125.87625,34.62264],[125.8782,34.62208],[125.87959,34.62014],[125.87542,34.62069]],[[125.94625,34.63403],[125.96181,34.64486],[125.97486,34.63458],[125.97708,34.61875],[125.9643,34.62903],[125.95541,34.6232],[125.94625,34.63403]],[[125.94097,34.62903],[125.93792,34.63264],[125.9418,34.63569],[125.94375,34.63153],[125.94097,34.62903]],[[125.4557,34.64236],[125.46403,34.65597],[125.47347,34.65542],[125.4782,34.64903],[125.4657,34.63736],[125.4557,34.64236]],[[125.88375,34.65486],[125.89098,34.65458],[125.89597,34.65153],[125.88236,34.64958],[125.88375,34.65486]],[[125.95986,34.65375],[125.95986,34.65181],[125.95097,34.65292],[125.95292,34.6543],[125.95986,34.65375]],[[125.44153,34.68375],[125.44375,34.69458],[125.45181,34.68958],[125.45375,34.69597],[125.46458,34.68681],[125.44486,34.68125],[125.44236,34.66319],[125.42236,34.65903],[125.42819,34.64514],[125.41125,34.64514],[125.41736,34.64153],[125.40931,34.63625],[125.41125,34.62375],[125.39514,34.62931],[125.38514,34.64375],[125.39819,34.64903],[125.3868,34.65792],[125.40875,34.68347],[125.4082,34.69431],[125.44097,34.69903],[125.42903,34.68486],[125.44153,34.68375]],[[125.84708,34.66319],[125.8493,34.66431],[125.85098,34.66347],[125.85042,34.66097],[125.84708,34.66319]],[[125.84792,34.67208],[125.84653,34.67403],[125.85014,34.67597],[125.85236,34.67458],[125.84792,34.67208]],[[125.37986,34.68153],[125.39098,34.69653],[125.39542,34.69097],[125.37014,34.66597],[125.36375,34.66875],[125.36125,34.67569],[125.37986,34.68153]],[[125.17764,34.68542],[125.17903,34.68819],[125.18153,34.68681],[125.18069,34.68514],[125.17764,34.68542]],[[125.20875,34.71625],[125.21264,34.69514],[125.20292,34.67986],[125.19292,34.68347],[125.19764,34.6743],[125.18847,34.6743],[125.18792,34.66486],[125.18236,34.66681],[125.17875,34.68292],[125.19236,34.68625],[125.20153,34.71625],[125.20875,34.71625]],[[125.46236,34.6968],[125.46347,34.69653],[125.46347,34.69542],[125.46208,34.69597],[125.46236,34.6968]],[[125.9407,34.66375],[125.93181,34.66819],[125.93236,34.67792],[125.92042,34.67097],[125.91402,34.70458],[125.93625,34.71653],[125.94014,34.711859598765436],[125.94014,34.71125],[125.94048443565048,34.71144606337027],[125.94597,34.70486],[125.94708,34.72236],[125.96014,34.72181],[125.9643,34.73764],[125.97208,34.7168],[126.01375,34.70153],[126.00847,34.68708],[125.99709,34.68958],[125.9957,34.68069],[125.97875,34.67236],[125.97931,34.66208],[125.96347,34.65625],[125.95319,34.65903],[125.95431,34.67264],[125.9407,34.66375]],[[125.46819,34.6968],[125.46125,34.70097],[125.4632,34.7043],[125.46764,34.70014],[125.46819,34.6968]],[[125.9007,34.70903],[125.90236,34.71569],[125.90652,34.71264],[125.90598,34.70764],[125.9007,34.70903]],[[125.9418,34.71375],[125.94209,34.71236],[125.94048443565048,34.71144606337027],[125.94014,34.711859598765436],[125.94014,34.7132],[125.9418,34.71375]],[[125.40569,34.71375],[125.40486,34.71903],[125.40736,34.71986],[125.40958,34.71514],[125.40569,34.71375]],[[125.89098,34.7168],[125.89458,34.72153],[125.89125,34.71347],[125.8868,34.71653],[125.89098,34.7168]],[[125.18708,34.71792],[125.18931,34.72042],[125.19014,34.71597],[125.18847,34.71514],[125.18708,34.71792]],[[125.19847,34.7207],[125.1982,34.71903],[125.19597,34.71958],[125.19736,34.72125],[125.19847,34.7207]],[[125.19791,34.72375],[125.19958,34.72597],[125.20181,34.72542],[125.20097,34.72292],[125.19791,34.72375]],[[125.45875,34.73014],[125.45597,34.74292],[125.48014,34.73375],[125.46208,34.72569],[125.4632,34.71347],[125.44875,34.72569],[125.45875,34.73014]],[[125.44431,34.72847],[125.44708,34.73042],[125.44986,34.73014],[125.44681,34.72736],[125.44431,34.72847]],[[125.88153,34.73486],[125.88319,34.73708],[125.88541,34.73403],[125.88486,34.7332],[125.88153,34.73486]],[[125.9418,34.73625],[125.94375,34.73736],[125.94847,34.73514],[125.94986,34.73347],[125.9418,34.73625]],[[125.44514,34.73708],[125.44958,34.73264],[125.43625,34.73458],[125.44431,34.74375],[125.45153,34.73847],[125.44514,34.73708]],[[125.95319,34.73875],[125.94847,34.74097],[125.95097,34.74181],[125.95348,34.73958],[125.95319,34.73875]],[[125.94041,34.74542],[125.94431,34.74514],[125.94403,34.74236],[125.9418,34.74153],[125.94041,34.74542]],[[125.4343,34.74375],[125.42847,34.74486],[125.43069,34.74625],[125.43347,34.74542],[125.4343,34.74375]],[[125.95792,34.74875],[125.96152,34.75208],[125.96264,34.75208],[125.96208,34.74653],[125.95792,34.74875]],[[125.43208,34.74736],[125.4268,34.75708],[125.43542,34.75458],[125.43847,34.74847],[125.43208,34.74736]],[[125.93514,34.7518],[125.93514,34.75319],[125.93792,34.75347],[125.93847,34.75153],[125.93514,34.7518]],[[125.95014,34.75542],[125.95208,34.75819],[125.95348,34.75431],[125.95319,34.75292],[125.95014,34.75542]],[[125.43903,34.7557],[125.43653,34.75542],[125.43708,34.75708],[125.43875,34.75708],[125.43903,34.7557]],[[125.99903,34.78153],[125.98681,34.78014],[125.98319,34.76847],[125.92986,34.76264],[125.92931,34.74986],[125.94264,34.7332],[125.92903,34.72875],[125.94125,34.72875],[125.94014,34.72125],[125.9118,34.7168],[125.88736,34.7318],[125.89514,34.76042],[125.88903,34.76653],[125.9032,34.7718],[125.89875,34.78236],[125.94097,34.77708],[125.95375,34.78347],[125.95153,34.78903],[125.96458,34.7868],[125.97486,34.80347],[125.99403,34.8068],[125.99903,34.78153]],[[125.4343,34.7668],[125.44375,34.76792],[125.44292,34.75958],[125.43403,34.75736],[125.4343,34.7668]],[[125.4593,34.76292],[125.46069,34.76375],[125.46208,34.76264],[125.46181,34.76153],[125.4593,34.76292]],[[125.92069,34.78125],[125.92042,34.78597],[125.92236,34.7868],[125.92181,34.78153],[125.92069,34.78125]],[[125.90097,34.78847],[125.90514,34.79014],[125.90625,34.78486],[125.90236,34.78486],[125.90097,34.78847]],[[125.7868,34.78903],[125.79041,34.78931],[125.78902,34.78597],[125.78542,34.7868],[125.7868,34.78903]],[[125.90986,34.78708],[125.90542,34.79208],[125.9107,34.79542],[125.91681,34.79181],[125.90986,34.78708]],[[125.95458,34.79958],[125.95736,34.7993],[125.95792,34.79708],[125.95458,34.79792],[125.95458,34.79958]],[[125.95348,34.81986],[125.96014,34.82375],[125.96152,34.82292],[125.95431,34.81347],[125.95348,34.81986]],[[125.95375,34.83375],[125.95153,34.83347],[125.95097,34.83569],[125.95375,34.83458],[125.95375,34.83375]],[[125.96986,34.86431],[125.97125,34.86403],[125.97097,34.8618],[125.96792,34.86236],[125.96986,34.86431]],[[125.95431,34.94653],[125.9568,34.94653],[125.9568,34.94375],[125.95348,34.94542],[125.95431,34.94653]],[[125.93375,35.05431],[125.92875,35.05569],[125.93181,35.05931],[125.93403,35.05736],[125.93375,35.05431]],[[125.93931,35.05819],[125.94458,35.06514],[125.94958,35.06264],[125.94791,35.05625],[125.93931,35.05819]],[[125.92097,35.06181],[125.92264,35.06736],[125.92653,35.06681],[125.92653,35.0607],[125.92097,35.06181]],[[125.91986,35.07153],[125.92014,35.06986],[125.91431,35.07236],[125.91402,35.07625],[125.91986,35.07153]],[[125.91458,35.0807],[125.9182,35.08514],[125.92458,35.07819],[125.92097,35.07403],[125.91458,35.0807]],[[125.88486,35.13153],[125.87875,35.14014],[125.88931,35.13958],[125.89181,35.13486],[125.88486,35.13153]],[[125.90208,35.13264],[125.90459,35.1418],[125.91348,35.13569],[125.90958,35.13042],[125.90208,35.13264]],[[125.90708,35.1418],[125.90764,35.14292],[125.90986,35.14153],[125.90986,35.14042],[125.90708,35.1418]],[[125.90569,35.20875],[125.9107,35.21125],[125.91264,35.21041],[125.9118,35.20486],[125.90569,35.20875]],[[125.89902,35.21208],[125.90208,35.2132],[125.90514,35.21236],[125.90514,35.20986],[125.89902,35.21208]],[[125.96653,36.24014],[125.9668,36.22653],[125.95764,36.22847],[125.95847,36.23514],[125.96653,36.24014]],[[125.95819,36.23875],[125.95819,36.23653],[125.9568,36.23597],[125.9568,36.23792],[125.95819,36.23875]],[[125.54459,36.61319],[125.54736,36.60958],[125.54652,36.60847],[125.54097,36.61431],[125.54459,36.61319]],[[125.57375,36.62153],[125.58125,36.61403],[125.58153,36.61125],[125.57153,36.61625],[125.57375,36.62153]],[[125.56319,36.6268],[125.56153,36.62236],[125.55708,36.62542],[125.56042,36.62736],[125.56319,36.6268]],[[125.71931,36.63097],[125.71236,36.62708],[125.70959,36.62903],[125.71014,36.63347],[125.71931,36.63097]],[[125.69153,36.64708],[125.69347,36.64097],[125.70236,36.63764],[125.68931,36.63958],[125.69153,36.64708]],[[125.84959,36.65653],[125.85069,36.65236],[125.84875,36.65208],[125.84764,36.65458],[125.84959,36.65653]],[[125.82514,36.66153],[125.82458,36.6582],[125.82097,36.65875],[125.82097,36.66014],[125.82514,36.66153]],[[125.74347,36.66403],[125.74625,36.6657],[125.74847,36.66375],[125.7468,36.66097],[125.74347,36.66403]],[[125.86347,36.66347],[125.86236,36.66153],[125.8568,36.66403],[125.86042,36.66597],[125.86347,36.66347]],[[125.94514,36.72042],[125.9418,36.72319],[125.94597,36.72681],[125.94847,36.72514],[125.94514,36.72042]],[[125.78625,36.92625],[125.7857,36.9282],[125.78736,36.93042],[125.78958,36.92847],[125.78625,36.92625]],[[125.81875,36.96764],[125.82097,36.96403],[125.81736,36.96153],[125.81653,36.96708],[125.81875,36.96764]],[[125.82792,36.96764],[125.82848,36.96597],[125.82236,36.9632],[125.82514,36.96708],[125.82792,36.96764]],[[125.75375,36.9832],[125.75653,36.98347],[125.75486,36.98069],[125.75291,36.98125],[125.75375,36.9832]],[[125.75291,36.9832],[125.75264,36.98208],[125.74931,36.9818],[125.74986,36.98292],[125.75291,36.9832]],[[125.96264,37.0607],[125.96347,37.05708],[125.96152,37.05597],[125.96098,37.0607],[125.96264,37.0607]],[[125.96597,37.05875],[125.96764,37.06042],[125.96931,37.05986],[125.96931,37.05847],[125.96597,37.05875]],[[125.94431,37.06792],[125.94431,37.06486],[125.9418,37.06486],[125.94125,37.06764],[125.94431,37.06792]],[[125.94041,37.08014],[125.95125,37.09319],[125.96819,37.08514],[125.95319,37.08625],[125.95292,37.06681],[125.94041,37.08014]],[[125.95875,37.59764],[125.96042,37.59875],[125.96098,37.59653],[125.9593,37.59625],[125.95875,37.59764]],[[125.96875,37.61014],[125.96875,37.60875],[125.96597,37.60986],[125.96653,37.61069],[125.96875,37.61014]],[[125.98792,34.22986],[125.99181,34.23014],[125.99042,34.22709],[125.98764,34.22931],[125.98792,34.22986]],[[126.05764,34.22403],[126.04236,34.2318],[126.03514,34.21931],[126.02486,34.23875],[126.04847,34.23875],[126.05042,34.25431],[126.06347,34.25097],[126.06903,34.23819],[126.06125,34.23847],[126.05764,34.22403]],[[126.01014,34.26375],[126.0118,34.26403],[126.01319,34.26236],[126.01125,34.26153],[126.01014,34.26375]],[[126.00986,34.26486],[125.99847,34.2593],[126.00347,34.25208],[125.99236,34.25375],[125.98986,34.27069],[125.97847,34.26708],[125.97847,34.27681],[125.99208,34.27903],[125.99347,34.26458],[126.00375,34.27014],[126.00986,34.26486]],[[126.00264,34.28903],[125.99181,34.2868],[125.9957,34.29208],[126.00236,34.28986],[126.00264,34.28903]],[[126.00597,34.29208],[126.00792,34.29181],[126.00708,34.29014],[126.00514,34.29014],[126.00597,34.29208]],[[125.97236,34.29764],[125.97569,34.30431],[125.98486,34.30042],[125.98514,34.29625],[125.97236,34.29764]],[[126.01375,34.30486],[126.0107,34.30458],[126.01208,34.30708],[126.01347,34.3068],[126.01375,34.30486]],[[125.99709,34.31347],[126.01598,34.31708],[126.0193,34.31042],[126.00597,34.30542],[125.99709,34.31347]],[[125.98875,34.31236],[125.98986,34.31208],[125.99153,34.3107],[125.98792,34.3107],[125.98875,34.31236]],[[125.97041,34.30597],[125.96819,34.32153],[125.97569,34.3218],[125.98042,34.31403],[125.97041,34.30597]],[[126.02486,34.32347],[126.0268,34.32458],[126.02764,34.32264],[126.02514,34.32132],[126.02486,34.32347]],[[126.03736,34.32319],[126.03931,34.32514],[126.04097,34.32375],[126.04041,34.32241],[126.03736,34.32319]],[[125.97625,34.32319],[125.9743,34.32597],[125.97791,34.3307],[125.98097,34.32542],[125.97625,34.32319]],[[126.04542,34.32042],[126.03764,34.32986],[126.0332,34.32403],[126.02348,34.33042],[126.02014,34.3218],[125.99625,34.32486],[125.99764,34.33764],[125.99125,34.33875],[125.99819,34.34153],[126.01403,34.33347],[126.01125,34.33931],[126.02597,34.34208],[126.01403,34.34347],[126.02097,34.35014],[126.01236,34.35458],[126.01514,34.36042],[126.02903,34.34126],[126.05347,34.33208],[126.06014,34.32014],[126.04542,34.32042]],[[125.97125,34.3457],[125.97514,34.3457],[125.97625,34.34319],[125.97097,34.34431],[125.97125,34.3457]],[[125.98236,34.35153],[125.98347,34.35375],[125.9893,34.35458],[125.98959,34.34792],[125.98236,34.35153]],[[126.04125,34.37708],[126.0432,34.37792],[126.04486,34.37514],[126.04459,34.37375],[126.04125,34.37708]],[[126.00181,34.37764],[126.00569,34.38375],[126.00708,34.37542],[126.0032,34.3732],[126.00181,34.37764]],[[126.0407,34.37986],[126.03819,34.3807],[126.03902,34.38264],[126.04153,34.38236],[126.0407,34.37986]],[[126.01458,34.38375],[126.01598,34.38569],[126.0182,34.38375],[126.01791,34.38264],[126.01458,34.38375]],[[126.04097,34.3932],[126.0332,34.39347],[126.03625,34.40097],[126.04014,34.39791],[126.04097,34.3932]],[[126.05431,34.39236],[126.04208,34.3968],[126.04125,34.40681],[126.05153,34.4007],[126.05431,34.39236]],[[126.00736,34.39847],[126.0107,34.40403],[126.01514,34.40042],[126.01153,34.39542],[126.00736,34.39847]],[[125.98625,34.42264],[125.98402,34.42792],[125.99014,34.42486],[125.99181,34.42125],[125.98625,34.42264]],[[126.00403,34.42486],[126.00459,34.42681],[126.00847,34.42736],[126.00681,34.42458],[126.00403,34.42486]],[[125.9968,34.4543],[125.99819,34.45597],[126.00208,34.45292],[126.00181,34.45208],[125.9968,34.4543]],[[125.98402,34.45681],[125.98597,34.45764],[125.98625,34.45542],[125.98431,34.45347],[125.98402,34.45681]],[[126.04125,34.45542],[126.04097,34.45708],[126.04236,34.45708],[126.04264,34.4557],[126.04125,34.45542]],[[126.02764,34.45597],[126.0257,34.45792],[126.02708,34.45903],[126.0282,34.45819],[126.02764,34.45597]],[[125.98569,34.46097],[125.98653,34.46375],[125.99153,34.46347],[125.99208,34.46097],[125.98569,34.46097]],[[126.01292,34.53014],[126.01347,34.53181],[126.01598,34.53208],[126.01598,34.5293],[126.01292,34.53014]],[[126.03764,34.54486],[126.04097,34.5457],[126.04403,34.54375],[126.04403,34.54319],[126.03764,34.54486]],[[126.01375,34.5682],[126.01625,34.56903],[126.01653,34.56708],[126.01486,34.56597],[126.01375,34.5682]],[[126.00042,34.58764],[125.99625,34.5882],[125.9968,34.59236],[126.00042,34.59125],[126.00042,34.58764]],[[126.00403,34.58986],[126.00653,34.59264],[126.00736,34.59042],[126.00486,34.58736],[126.00403,34.58986]],[[125.98681,34.60069],[125.97598,34.59514],[125.97903,34.5793],[125.96958,34.57736],[125.97292,34.59486],[125.95653,34.59764],[125.97459,34.60403],[125.98681,34.60069]],[[125.99042,34.59125],[125.98764,34.59125],[125.98875,34.59347],[125.98986,34.59292],[125.99042,34.59125]],[[126.01653,34.61847],[126.01014,34.63097],[126.02875,34.63514],[126.0282,34.62792],[126.03986,34.62847],[126.03125,34.61958],[126.03375,34.60625],[126.03875,34.60875],[126.03986,34.60042],[126.05514,34.60431],[126.05264,34.58681],[126.06014,34.59236],[126.06458,34.58319],[126.05542,34.56792],[126.04875,34.57431],[126.04153,34.56792],[126.03514,34.57653],[126.02597,34.57125],[126.0293,34.56514],[126.0182,34.56486],[126.0218,34.57431],[126.01431,34.58514],[126.02653,34.59264],[126.01958,34.60014],[126.01097,34.59625],[126.01653,34.61847]],[[125.99847,34.60209],[126.00597,34.60708],[126.00708,34.60014],[125.99764,34.59764],[125.99847,34.60209]],[[125.98959,34.60486],[125.99069,34.60708],[125.99292,34.60625],[125.99319,34.60347],[125.98959,34.60486]],[[126.05014,34.61236],[126.04931,34.61514],[126.05292,34.61042],[126.04681,34.60875],[126.05014,34.61236]],[[126.03625,34.61903],[126.03848,34.61958],[126.03931,34.61875],[126.03931,34.61736],[126.03625,34.61903]],[[125.99042,34.62097],[125.99403,34.62903],[126.00208,34.63125],[126.00931,34.61097],[125.98542,34.60903],[125.99736,34.61847],[125.99042,34.62097]],[[126.00597,34.64431],[126.01319,34.64486],[126.01986,34.63986],[126.00208,34.63847],[126.00597,34.64431]],[[126.02625,34.64569],[126.02792,34.64653],[126.02959,34.64569],[126.02986,34.64486],[126.02625,34.64569]],[[126.04792,34.64292],[126.04375,34.64819],[126.04514,34.64958],[126.04819,34.64847],[126.04792,34.64292]],[[126.00764,34.64708],[126.00681,34.64931],[126.0107,34.64875],[126.01208,34.64653],[126.00764,34.64708]],[[126.00514,34.65264],[126.00653,34.65236],[126.00708,34.65097],[126.00459,34.65153],[126.00514,34.65264]],[[126.01153,34.65931],[126.0118,34.66014],[126.01458,34.65986],[126.01514,34.6582],[126.01153,34.65931]],[[126.04347,34.65292],[126.04764,34.66875],[126.04625,34.66125],[126.05042,34.64986],[126.04347,34.65292]],[[126.01764,34.66764],[126.02069,34.66847],[126.02125,34.66653],[126.01875,34.66486],[126.01764,34.66764]],[[126.03958,34.66903],[126.03375,34.66792],[126.03542,34.67236],[126.03848,34.67236],[126.03958,34.66903]],[[126.01041,34.68458],[126.01097,34.68597],[126.01431,34.68625],[126.01458,34.68319],[126.01041,34.68458]],[[126.00569,34.68458],[126.00486,34.68681],[126.00681,34.68653],[126.00764,34.68486],[126.00569,34.68458]],[[126.00375,34.70903],[125.99958,34.71069],[125.99958,34.71347],[126.0043,34.71125],[126.00375,34.70903]],[[126.00542,34.72208],[126.00542,34.72347],[126.00819,34.72264],[126.00986,34.72097],[126.00542,34.72208]],[[126.01736,34.73014],[126.02875,34.72986],[126.0268,34.72264],[126.01681,34.72792],[126.01736,34.73014]],[[126.00014,34.72569],[125.99709,34.72986],[125.99875,34.73042],[126.00181,34.7282],[126.00014,34.72569]],[[126.03848,34.72709],[126.03792,34.72931],[126.03902,34.72958],[126.03931,34.72736],[126.03848,34.72709]],[[125.99181,34.72736],[125.99403,34.73097],[125.99597,34.72931],[125.99486,34.72597],[125.99181,34.72736]],[[126.04486,34.73264],[126.04014,34.73486],[126.04181,34.7368],[126.04181,34.73458],[126.04486,34.73264]],[[126.03625,34.73514],[126.03597,34.73708],[126.03792,34.73708],[126.03819,34.73597],[126.03625,34.73514]],[[125.98542,34.73764],[125.98736,34.73958],[125.98986,34.73847],[125.98597,34.73653],[125.98542,34.73764]],[[126.02764,34.73153],[126.01403,34.73292],[126.01514,34.74875],[126.02486,34.74486],[126.02764,34.73153]],[[126.0118,34.7518],[126.01292,34.7518],[126.01319,34.75069],[126.01236,34.75042],[126.0118,34.7518]],[[125.97264,34.75486],[125.97208,34.75958],[125.97569,34.75986],[125.9782,34.75514],[125.97264,34.75486]],[[126.02847,34.75403],[126.01958,34.75486],[126.01847,34.76625],[126.02708,34.76375],[126.02847,34.75403]],[[126.04847,34.76625],[126.05736,34.77014],[126.04958,34.75736],[126.03931,34.75514],[126.04847,34.76625]],[[125.98681,34.77375],[125.99875,34.77347],[125.99819,34.76208],[125.98569,34.77097],[125.98681,34.77375]],[[126.03403,34.77875],[126.03902,34.78236],[126.03875,34.77291],[126.02736,34.77875],[126.03403,34.77875]],[[126.02653,34.78458],[126.0282,34.78431],[126.02903,34.78264],[126.02597,34.78347],[126.02653,34.78458]],[[126.0332,34.78819],[126.03431,34.78819],[126.03542,34.78736],[126.03347,34.78597],[126.0332,34.78819]],[[126.03403,34.80986],[126.03375,34.81181],[126.03709,34.80931],[126.03625,34.80792],[126.03403,34.80986]],[[126.03098,34.81319],[126.02986,34.81264],[126.02875,34.81486],[126.03098,34.81375],[126.03098,34.81319]],[[126.02042,34.81625],[126.0218,34.81625],[126.02209,34.81569],[126.02042,34.8143],[126.02042,34.81625]],[[125.96792,34.81986],[125.97097,34.82014],[125.97292,34.81236],[125.96958,34.81153],[125.96792,34.81986]],[[126.01764,34.86125],[126.01958,34.86153],[126.01903,34.85986],[126.01791,34.85986],[126.01764,34.86125]],[[126.04125,34.85875],[126.04708,34.84653],[126.0432,34.84319],[126.03208,34.85931],[126.02236,34.85625],[126.02375,34.87208],[126.00847,34.85903],[125.99819,34.86597],[125.97708,34.86403],[125.97931,34.87375],[125.96764,34.87097],[125.96819,34.87736],[125.99042,34.87542],[126.00698470546907,34.90144923714085],[126.00819,34.9007],[126.00847,34.90153],[126.00751926226063,34.90228922222352],[126.01375,34.91208],[126.03291,34.90903],[126.03986,34.91958],[126.0443,34.90986],[126.05514,34.91153],[126.06125,34.91986],[126.05708,34.93847],[126.07931,34.93125],[126.07819,34.91986],[126.09125,34.92236],[126.08375,34.9118],[126.09875,34.90986],[126.08264,34.89764],[126.09847,34.88958],[126.08598,34.87875],[126.08542,34.88792],[126.0807,34.88569],[126.08403,34.86403],[126.06319,34.86486],[126.06653,34.85708],[126.05264,34.85403],[126.04125,34.85875]],[[126.00698470546907,34.90144923714085],[126.00597,34.90208],[126.00708,34.90264],[126.00751926226063,34.90228922222352],[126.00698470546907,34.90144923714085]],[[126.00569,34.9118],[126.00847,34.91042],[126.0032,34.90903],[126.00347,34.9118],[126.00569,34.9118]],[[126.01598,34.92292],[126.01764,34.92514],[126.02069,34.92236],[126.02069,34.9193],[126.01598,34.92292]],[[126.01903,34.92736],[126.01764,34.93153],[126.02236,34.93125],[126.02236,34.92847],[126.01903,34.92736]],[[125.97347,35.02903],[125.96819,35.02819],[125.96931,35.03125],[125.97292,35.03042],[125.97347,35.02903]],[[125.97236,35.03903],[125.97208,35.04097],[125.97403,35.03959],[125.9743,35.03875],[125.97236,35.03903]],[[126.01125,35.08708],[126.01653,35.10403],[126.03208,35.09042],[126.02708,35.07597],[126.01125,35.08708]],[[126.03125,35.0918],[126.03152,35.09292],[126.03514,35.09403],[126.03514,35.09097],[126.03125,35.0918]],[[125.98319,35.09153],[125.97791,35.09319],[125.98097,35.09792],[125.98542,35.09514],[125.98319,35.09153]],[[126.04459,35.09681],[126.04652,35.09736],[126.04819,35.09681],[126.04875,35.0957],[126.04459,35.09681]],[[126.03764,35.09764],[126.03709,35.10097],[126.03931,35.10125],[126.03986,35.09875],[126.03764,35.09764]],[[125.97764,35.10542],[125.98625,35.10736],[125.98903,35.10042],[125.97764,35.10209],[125.97764,35.10542]],[[126.04181,35.11208],[126.04819,35.1157],[126.05236,35.10986],[126.05014,35.10542],[126.04181,35.11208]],[[125.99847,35.32903],[125.98514,35.33569],[125.99125,35.33903],[126.00792,35.33319],[126.01097,35.32819],[125.98986,35.31792],[125.99847,35.32903]],[[126.01347,35.33125],[126.01958,35.33903],[126.00792,35.34486],[126.02375,35.34653],[125.99986,35.35181],[125.99458,35.35708],[126.02069,35.35736],[126.02125,35.36403],[126.04181,35.3457],[126.03098,35.3343],[126.01347,35.33125]],[[126.04403,35.37514],[126.05403,35.37542],[126.0582,35.37264],[126.04097,35.37014],[126.04403,35.37514]],[[125.97292,36.11153],[125.96653,36.12486],[125.97375,36.12736],[125.99431,36.1232],[125.99292,36.11069],[125.98514,36.12097],[125.98764,36.11347],[125.97292,36.11153]],[[126.04236,36.21153],[126.04208,36.2093],[126.04014,36.20986],[126.0407,36.21125],[126.04236,36.21153]],[[126.02541,36.22569],[126.0357,36.21931],[126.03098,36.21653],[126.03792,36.21041],[126.02431,36.21875],[126.02541,36.22569]],[[125.99431,36.25903],[125.99597,36.25792],[125.9957,36.25736],[125.99264,36.25875],[125.99431,36.25903]],[[126.00875,36.64597],[126.00542,36.64653],[126.00542,36.64791],[126.00958,36.64931],[126.00875,36.64597]],[[126.03625,36.66764],[126.0368,36.66597],[126.03181,36.66653],[126.03431,36.66819],[126.03625,36.66764]],[[125.97736,37.03597],[125.98681,37.0407],[126.00403,37.02347],[126.00986,37.02792],[126.01292,37.02683],[126.01403,37.02875],[126.01542,37.02736],[126.02097,37.03125],[126.02209,37.03042],[125.99403,37.01736],[125.97736,37.03597]],[[126.02903,37.04236],[126.03042,37.04181],[126.02319,37.03458],[126.02292,37.03597],[126.02903,37.04236]],[[126.00931,37.05764],[126.01236,37.05736],[126.01514,37.0568],[126.00903,37.05708],[126.00931,37.05764]],[[125.99264,37.05903],[125.99486,37.07097],[126.00097,37.05958],[125.99792,37.05708],[125.99264,37.05903]],[[126.00569,37.07125],[126.00569,37.06903],[126.00291,37.06958],[126.0032,37.07097],[126.00569,37.07125]],[[126.01347,37.07958],[126.02209,37.07819],[126.02458,37.06764],[126.0118,37.06264],[126.01347,37.07958]],[[125.97125,37.07903],[125.97125,37.08125],[125.97292,37.08125],[125.97347,37.07958],[125.97125,37.07903]],[[125.99931,37.0843],[125.99625,37.07875],[125.98708,37.0807],[125.98792,37.08347],[125.99931,37.0843]],[[125.98625,37.08541],[125.98681,37.08319],[125.98458,37.08292],[125.98402,37.0843],[125.98625,37.08541]],[[125.99875,37.08958],[126.00069,37.08931],[126.00181,37.08681],[125.99819,37.08736],[125.99875,37.08958]],[[126.02097,37.11597],[126.02264,37.11514],[126.02209,37.11208],[126.02069,37.11264],[126.02097,37.11597]],[[126.02264,37.13514],[126.02514,37.13014],[126.02097,37.1232],[126.01764,37.13125],[126.02264,37.13514]],[[126.02486,37.13514],[126.02264,37.14125],[126.02431,37.14097],[126.02597,37.13681],[126.02486,37.13514]],[[126.0107,37.1543],[126.01264,37.15347],[126.0118,37.14791],[126.00597,37.15347],[126.0107,37.1543]],[[126.00153,37.15347],[126.00097,37.15236],[125.99847,37.15208],[125.99903,37.15375],[126.00153,37.15347]],[[125.99764,37.1968],[125.98292,37.19347],[125.98375,37.18097],[125.97986,37.18792],[125.9593,37.18264],[125.98708,37.20125],[125.99764,37.1968]],[[125.97652,37.61153],[125.9782,37.60764],[125.9707,37.60653],[125.97236,37.61042],[125.97652,37.61153]],[[126.02653,37.67875],[126.02986,37.67847],[126.02959,37.67625],[126.02597,37.67736],[126.02653,37.67875]],[[126.03709,37.67986],[126.03875,37.68042],[126.03902,37.67764],[126.03764,37.67736],[126.03709,37.67986]],[[126.08708,34.22764],[126.08736,34.22903],[126.0893,34.22792],[126.08903,34.22709],[126.08708,34.22764]],[[126.07819,34.23153],[126.07264,34.23292],[126.07569,34.23625],[126.07848,34.2332],[126.07819,34.23153]],[[126.07625,34.24625],[126.07736,34.24847],[126.08764,34.24931],[126.08236,34.24208],[126.07625,34.24625]],[[126.04903,34.25625],[126.0507,34.26097],[126.05458,34.25986],[126.05597,34.25736],[126.04903,34.25625]],[[126.10069,34.26264],[126.09792,34.27125],[126.10875,34.26958],[126.11236,34.26125],[126.10069,34.26264]],[[126.05542,34.26903],[126.05347,34.27208],[126.05597,34.27236],[126.05708,34.26986],[126.05542,34.26903]],[[126.05681,34.27375],[126.04931,34.28347],[126.02319,34.28514],[126.02764,34.29208],[126.01598,34.2957],[126.0332,34.3068],[126.02209,34.3107],[126.03958,34.31875],[126.05319,34.30431],[126.08847,34.31208],[126.0957,34.27542],[126.0743,34.28458],[126.06709,34.27403],[126.06264,34.28875],[126.05264,34.28653],[126.05681,34.27375]],[[126.12097,34.32986],[126.12375,34.32958],[126.12375,34.32542],[126.11986,34.32764],[126.12097,34.32986]],[[126.10764,34.33653],[126.10736,34.3457],[126.11069,34.34958],[126.1132,34.34264],[126.10764,34.33653]],[[126.12347,34.3568],[126.12569,34.3568],[126.12375,34.35431],[126.12209,34.35514],[126.12347,34.3568]],[[126.12347,34.36653],[126.12514,34.36625],[126.12486,34.36403],[126.12264,34.36458],[126.12347,34.36653]],[[126.08264,34.42514],[126.08153,34.4282],[126.08375,34.42931],[126.08542,34.42597],[126.08264,34.42514]],[[126.08736,34.43986],[126.08958,34.44014],[126.09125,34.43875],[126.0882,34.43681],[126.08736,34.43986]],[[126.06125,34.44014],[126.06431,34.44292],[126.0657,34.44236],[126.06541,34.43847],[126.06125,34.44014]],[[126.10431,34.4543],[126.09264,34.45597],[126.09236,34.46181],[126.09625,34.45736],[126.10431,34.4543]],[[126.06625,34.49125],[126.0582,34.48125],[126.07069,34.48069],[126.04264,34.45875],[126.0357,34.46069],[126.04236,34.46986],[126.03181,34.4832],[126.03958,34.47958],[126.05097,34.49208],[126.04681,34.49542],[126.05597,34.49764],[126.06625,34.49125]],[[126.07875,34.49153],[126.08569,34.49319],[126.08681,34.48708],[126.08097,34.48431],[126.07875,34.49153]],[[126.11069,34.48931],[126.10098,34.49208],[126.10625,34.49458],[126.11125,34.49181],[126.11069,34.48931]],[[126.12403,34.51236],[126.12403,34.51125],[126.12209,34.51042],[126.12097,34.51125],[126.12403,34.51236]],[[126.12542,34.51431],[126.12681,34.51431],[126.12681,34.51292],[126.12458,34.51264],[126.12542,34.51431]],[[126.08903,34.51431],[126.08569,34.51569],[126.08598,34.5168],[126.08875,34.5168],[126.08903,34.51431]],[[126.0843,34.51903],[126.08652,34.51958],[126.08681,34.51903],[126.0843,34.51708],[126.0843,34.51903]],[[126.09514,34.52097],[126.09764,34.52069],[126.09792,34.51736],[126.09319,34.51903],[126.09514,34.52097]],[[126.10736,34.52708],[126.10208,34.52903],[126.10458,34.53208],[126.10792,34.52986],[126.10736,34.52708]],[[126.05625,34.53042],[126.02541,34.53458],[126.0293,34.54403],[126.04514,34.53764],[126.04681,34.54597],[126.06069,34.54819],[126.06014,34.55486],[126.04041,34.55791],[126.02736,34.55125],[126.03347,34.56347],[126.06958,34.55792],[126.09458,34.56847],[126.10208,34.55486],[126.08264,34.55569],[126.08625,34.54597],[126.07736,34.54014],[126.06236,34.54014],[126.05625,34.53042]],[[126.08236,34.57014],[126.0843,34.57153],[126.08319,34.56847],[126.08014,34.57125],[126.08236,34.57014]],[[126.07069,34.57153],[126.07291,34.57319],[126.07347,34.57292],[126.07347,34.57097],[126.07069,34.57153]],[[126.07848,34.57486],[126.0807,34.57625],[126.08236,34.57486],[126.08041,34.57264],[126.07848,34.57486]],[[126.09903,34.57819],[126.10042,34.57792],[126.10181,34.57375],[126.09319,34.57542],[126.09903,34.57819]],[[126.08681,34.57431],[126.08292,34.57625],[126.08569,34.57986],[126.0882,34.57792],[126.08681,34.57431]],[[126.11153,34.58875],[126.10514,34.5793],[126.07208,34.58847],[126.06958,34.61153],[126.04847,34.61986],[126.05597,34.62986],[126.07264,34.62597],[126.07291,34.61458],[126.08292,34.61625],[126.08847,34.60486],[126.10014,34.6082],[126.09236,34.60069],[126.10375,34.59514],[126.10152,34.58847],[126.11153,34.58875]],[[126.10875,34.61486],[126.11542,34.61486],[126.11375,34.61125],[126.10847,34.61153],[126.10875,34.61486]],[[126.10792,34.62236],[126.11042,34.62403],[126.12097,34.62458],[126.12465196432348,34.620032149998764],[126.12422268522248,34.61904808702008],[126.10792,34.62236]],[[126.06875,34.63042],[126.07014,34.63014],[126.07153,34.62986],[126.07153,34.62931],[126.06875,34.63042]],[[126.06514,34.63375],[126.0657,34.63514],[126.06764,34.63486],[126.06792,34.63236],[126.06514,34.63375]],[[126.08875,34.62931],[126.08014,34.63764],[126.08097,34.63986],[126.08847,34.63347],[126.08875,34.62931]],[[126.0743,34.63486],[126.07653,34.6382],[126.07986,34.63486],[126.07958,34.63375],[126.0743,34.63486]],[[126.09236,34.63764],[126.09375,34.63875],[126.09625,34.63681],[126.09514,34.63514],[126.09236,34.63764]],[[126.08791,34.64097],[126.0882,34.64292],[126.09153,34.64264],[126.0918,34.64014],[126.08791,34.64097]],[[126.10847,34.64764],[126.11097,34.64931],[126.11292,34.64625],[126.11014,34.64458],[126.10847,34.64764]],[[126.08459,34.65958],[126.08514,34.65903],[126.08347,34.65764],[126.08236,34.65792],[126.08459,34.65958]],[[126.06597,34.67125],[126.06458,34.68403],[126.07958,34.69042],[126.06986,34.67153],[126.06597,34.67125]],[[126.0957,34.70792],[126.11042,34.71264],[126.11208,34.70375],[126.09625,34.69986],[126.0957,34.70792]],[[126.07347,34.71125],[126.07681,34.71431],[126.08264,34.70986],[126.08041,34.7057],[126.07347,34.71125]],[[126.06736,34.70847],[126.06431,34.71181],[126.0657,34.71236],[126.06847,34.71125],[126.06736,34.70847]],[[126.07903,34.71819],[126.07986,34.71903],[126.08403,34.71542],[126.08347,34.71347],[126.07903,34.71819]],[[126.07181,34.71847],[126.07375,34.71931],[126.07486,34.71847],[126.07458,34.71736],[126.07181,34.71847]],[[126.07986,34.72236],[126.08403,34.7243],[126.08708,34.72236],[126.08652,34.71653],[126.07986,34.72236]],[[126.08403,34.76375],[126.0893,34.77431],[126.1068,34.76625],[126.12514,34.77097],[126.1432,34.75153],[126.16209,34.75736],[126.18291,34.72375],[126.17514,34.70042],[126.14653,34.70181],[126.14538690637715,34.70844508051195],[126.14569,34.70875],[126.1452109502779,34.70946641670152],[126.14208,34.72764],[126.12708,34.72653],[126.11819,34.71486],[126.09847,34.72014],[126.10236,34.73653],[126.09541,34.73403],[126.09431,34.74292],[126.07264,34.73236],[126.07097,34.74125],[126.0818,34.75097],[126.07736,34.7632],[126.06653,34.76486],[126.06375,34.76847],[126.08403,34.76375]],[[126.06541,34.74736],[126.06541,34.74597],[126.06486,34.74486],[126.06375,34.74597],[126.06541,34.74736]],[[126.04847,34.7518],[126.05236,34.75486],[126.06097,34.7557],[126.06014,34.74014],[126.04847,34.7518]],[[126.08486,34.77097],[126.07819,34.77291],[126.07653,34.77681],[126.08153,34.77514],[126.08486,34.77097]],[[126.11736,34.77403],[126.11903,34.77653],[126.1218,34.77625],[126.12375,34.77291],[126.11736,34.77403]],[[126.07848,34.77764],[126.07958,34.77819],[126.08041,34.77819],[126.08208,34.77597],[126.07848,34.77764]],[[126.05403,34.78097],[126.05097,34.77986],[126.05153,34.78153],[126.05375,34.78153],[126.05403,34.78097]],[[126.06792,34.80014],[126.06986,34.80931],[126.07958,34.79792],[126.07681,34.7943],[126.06792,34.80014]],[[126.08375,34.80181],[126.0843,34.8068],[126.08542,34.8068],[126.08736,34.80375],[126.08375,34.80181]],[[126.08125,34.81125],[126.07986,34.81319],[126.0807,34.8143],[126.08153,34.81403],[126.08125,34.81125]],[[126.04708,34.81514],[126.04236,34.82542],[126.04792,34.82764],[126.06431,34.8182],[126.0668,34.81097],[126.04708,34.81514]],[[126.05791,34.83042],[126.0593,34.83403],[126.0593,34.83208],[126.06319,34.82903],[126.05791,34.83042]],[[126.10847,34.87958],[126.11459,34.88264],[126.13792,34.87514],[126.14291,34.88181],[126.15764,34.86236],[126.13208,34.85986],[126.13014,34.85431],[126.14709,34.84875],[126.14902,34.83931],[126.13347,34.83208],[126.12153,34.83653],[126.1132,34.82653],[126.12292,34.81208],[126.11958,34.80208],[126.09431,34.79681],[126.09042,34.81486],[126.0743,34.82375],[126.0582,34.8493],[126.08652,34.86069],[126.1143,34.84958],[126.11958,34.85764],[126.11014,34.86403],[126.1143,34.87264],[126.10847,34.87958]],[[126.05514,34.84597],[126.05764,34.8457],[126.05736,34.84236],[126.05403,34.84292],[126.05514,34.84597]],[[126.05042,34.85014],[126.05264,34.85014],[126.05319,34.84847],[126.05014,34.84875],[126.05042,34.85014]],[[126.06847,34.85958],[126.06903,34.85875],[126.06764,34.85875],[126.06736,34.86014],[126.06847,34.85958]],[[126.10014,34.86653],[126.10291,34.86625],[126.10347,34.86403],[126.09986,34.8657],[126.10014,34.86653]],[[126.09764,34.86958],[126.09875,34.86986],[126.09986,34.86903],[126.09764,34.86875],[126.09764,34.86958]],[[126.08681,34.87625],[126.08791,34.87819],[126.08986,34.87847],[126.08986,34.87569],[126.08681,34.87625]],[[126.09653,34.88042],[126.09625,34.87819],[126.09458,34.87653],[126.0907,34.87958],[126.09653,34.88042]],[[126.11597,34.88653],[126.12153,34.88875],[126.12014,34.88486],[126.11569,34.88514],[126.11597,34.88653]],[[126.10514,34.88486],[126.10625,34.88847],[126.10819,34.88903],[126.11153,34.88542],[126.10514,34.88486]],[[126.0918,34.89875],[126.09153,34.89764],[126.09042,34.89736],[126.08903,34.89819],[126.0918,34.89875]],[[126.10042,34.90153],[126.10125,34.90236],[126.10208,34.90153],[126.10208,34.90042],[126.10042,34.90153]],[[126.0507,34.92208],[126.05125,34.92319],[126.05292,34.92292],[126.05292,34.92097],[126.0507,34.92208]],[[126.11514,34.94875],[126.11542,34.95042],[126.11708,34.94875],[126.11708,34.94792],[126.11514,34.94875]],[[126.12209,34.96208],[126.12236,34.96375],[126.12403,34.96347],[126.12431,34.96125],[126.12209,34.96208]],[[126.11292,34.99264],[126.11347,34.99486],[126.11486,34.99458],[126.11459,34.99375],[126.11292,34.99264]],[[126.08652,34.99653],[126.08764,34.99736],[126.08875,34.99653],[126.08875,34.99569],[126.08652,34.99653]],[[126.09708,34.9982],[126.09903,34.9982],[126.09847,34.99708],[126.09653,34.99708],[126.09708,34.9982]],[[126.10264,35.00958],[126.09986,35.01042],[126.10098,35.01486],[126.10403,35.01375],[126.10264,35.00958]],[[126.10125,35.01792],[126.10347,35.01875],[126.10486,35.0182],[126.10542,35.0168],[126.10125,35.01792]],[[126.10709,35.01931],[126.11264,35.02153],[126.11236,35.01736],[126.10902,35.01597],[126.10709,35.01931]],[[126.10098,35.02264],[126.10236,35.02375],[126.10347,35.02319],[126.1032,35.0218],[126.10098,35.02264]],[[126.1057,35.02625],[126.11097,35.02792],[126.11125,35.02431],[126.1057,35.02458],[126.1057,35.02625]],[[126.11153,35.05403],[126.11292,35.05431],[126.11459,35.05431],[126.11459,35.05236],[126.11153,35.05403]],[[126.12292,35.06236],[126.12041,35.06375],[126.12236,35.06514],[126.12403,35.06486],[126.12292,35.06236]],[[126.12153,35.06903],[126.12292,35.06875],[126.12319,35.06708],[126.1218,35.06653],[126.12153,35.06903]],[[126.1158933043305,35.10341504397597],[126.11958,35.10264],[126.12319,35.08125],[126.10597,35.08708],[126.11542,35.09236],[126.11436007248128,35.103139084319885],[126.1158933043305,35.10341504397597]],[[126.05653,35.09543],[126.04931,35.1032],[126.07819,35.10486],[126.11403,35.1343],[126.11403,35.14347],[126.14375,35.14014],[126.15041,35.14708],[126.16319,35.14542],[126.14486,35.13736],[126.12431,35.13597],[126.11403,35.11125],[126.11931,35.10403],[126.1158933043305,35.10341504397597],[126.1143,35.10375],[126.11436007248128,35.103139084319885],[126.10542,35.10153],[126.10181,35.08569],[126.12264,35.07792],[126.10819,35.07347],[126.11625,35.05875],[126.10042,35.05958],[126.10792,35.04986],[126.07653,35.05569],[126.07653,35.06958],[126.05986,35.06736],[126.06431,35.05542],[126.05791,35.0643],[126.03736,35.06569],[126.05903,35.07431],[126.04208,35.07847],[126.05042,35.09681],[126.05653,35.09543]],[[126.05708,35.10958],[126.05847,35.11403],[126.06625,35.10903],[126.06736,35.10625],[126.05708,35.10958]],[[126.08292,35.12931],[126.08153,35.12875],[126.08041,35.12931],[126.08292,35.13042],[126.08292,35.12931]],[[126.10264,35.12903],[126.10014,35.13014],[126.10098,35.13153],[126.10181,35.13153],[126.10264,35.12903]],[[126.07653,35.13792],[126.07986,35.13847],[126.07958,35.13736],[126.07569,35.13653],[126.07653,35.13792]],[[126.10709,35.14486],[126.10792,35.14458],[126.10847,35.1432],[126.10653,35.14236],[126.10709,35.14486]],[[126.10152,35.24569],[126.09097,35.24292],[126.0907,35.24903],[126.10152,35.2557],[126.10152,35.24569]],[[126.11403,35.25903],[126.1207,35.26042],[126.11625,35.2557],[126.11236,35.25514],[126.11403,35.25903]],[[126.08319,35.25875],[126.0893,35.25958],[126.0893,35.25736],[126.08236,35.25625],[126.08319,35.25875]],[[126.06069,35.36431],[126.05458,35.36736],[126.05903,35.36958],[126.06153,35.36597],[126.06069,35.36431]],[[126.11264,35.64486],[126.12264,35.64542],[126.12986,35.63569],[126.11153,35.63875],[126.11264,35.64486]],[[126.10347,35.66431],[126.11181,35.66708],[126.11181,35.65597],[126.10042,35.65903],[126.10347,35.66431]],[[126.11986,35.66431],[126.12014,35.6657],[126.12319,35.66542],[126.12264,35.66347],[126.11986,35.66431]],[[126.11958,35.66903],[126.12319,35.6693],[126.12097,35.66764],[126.11903,35.66764],[126.11958,35.66903]],[[126.07236,35.88875],[126.07764,35.88875],[126.07653,35.88653],[126.07125,35.88764],[126.07236,35.88875]],[[126.04792,36.20653],[126.05764,36.20958],[126.06153,36.2007],[126.05347,36.19819],[126.04792,36.20653]],[[126.10764,36.21847],[126.11125,36.21736],[126.11153,36.21569],[126.10736,36.21736],[126.10764,36.21847]],[[126.06819,36.21986],[126.06819,36.21764],[126.06486,36.21819],[126.06514,36.21931],[126.06819,36.21986]],[[126.10375,36.22208],[126.10486,36.22181],[126.10514,36.22042],[126.10347,36.2207],[126.10375,36.22208]],[[126.08986,36.23486],[126.09653,36.22625],[126.06847,36.22153],[126.07819,36.23486],[126.08986,36.23486]],[[126.06431,36.23875],[126.06764,36.23819],[126.06792,36.23708],[126.06375,36.23764],[126.06431,36.23875]],[[126.05653,36.24097],[126.05791,36.24236],[126.06097,36.23764],[126.04764,36.2407],[126.05653,36.24097]],[[126.10653,36.25375],[126.1032,36.25208],[126.10347,36.25486],[126.1057,36.25486],[126.10653,36.25375]],[[126.07347,36.48153],[126.07125,36.48097],[126.07069,36.48236],[126.0743,36.48292],[126.07347,36.48153]],[[126.08403,36.63569],[126.08791,36.63792],[126.08736,36.63542],[126.08486,36.63403],[126.08403,36.63569]],[[126.12625,36.64292],[126.12653,36.64014],[126.12292,36.64153],[126.12347,36.64264],[126.12625,36.64292]],[[126.0843,36.69153],[126.09014,36.68236],[126.08153,36.67181],[126.04681,36.6707],[126.07625,36.67958],[126.0843,36.69153]],[[126.09209,36.70486],[126.09375,36.70486],[126.09402,36.70319],[126.09236,36.70292],[126.09209,36.70486]],[[126.11569,36.70403],[126.11042,36.70236],[126.11236,36.70681],[126.11708,36.70792],[126.11569,36.70403]],[[126.06514,37.09319],[126.0743,37.09319],[126.05986,37.09514],[126.06653,37.1068],[126.08264,37.10792],[126.0893,37.09514],[126.07375,37.08264],[126.06431,37.08514],[126.06514,37.09319]],[[126.10597,37.17875],[126.11459,37.18347],[126.10986,37.16514],[126.08625,37.17236],[126.08764,37.18486],[126.0957,37.18847],[126.10597,37.17875]],[[126.14542,37.22347],[126.14819,37.21375],[126.14270860251848,37.212844582510485],[126.1432,37.21431],[126.14014,37.21375],[126.13958,37.21292],[126.14188712385808,37.21270889062737],[126.11792,37.20875],[126.10958,37.21347],[126.11514,37.22236],[126.10291,37.21931],[126.0993,37.23097],[126.0968,37.22347],[126.08375,37.22153],[126.10486,37.27458],[126.12264,37.25375],[126.11931,37.24708],[126.12903,37.25236],[126.14597,37.24236],[126.14153,37.23792],[126.16625,37.23042],[126.14986,37.21931],[126.14542,37.22347]],[[126.08125,37.28986],[126.09708,37.28042],[126.0982,37.27681],[126.08681,37.27514],[126.07514,37.28486],[126.08125,37.28986]],[[126.14958,33.3143],[126.15403,33.31097],[126.15264,33.30708],[126.1432,33.31097],[126.14958,33.3143]],[[126.16292,33.31208],[126.16292,33.3107],[126.1593,33.31014],[126.16014,33.31264],[126.16292,33.31208]],[[126.1607,34.22486],[126.16514,34.22514],[126.16514,34.22097],[126.16014,34.22208],[126.1607,34.22486]],[[126.15347,34.22264],[126.14848,34.22625],[126.15125,34.22681],[126.15347,34.22486],[126.15347,34.22264]],[[126.16209,34.22875],[126.16402,34.22847],[126.16486,34.22709],[126.1618,34.22764],[126.16209,34.22875]],[[126.17069,34.24014],[126.18347,34.26264],[126.18764,34.25375],[126.17764,34.2407],[126.18403,34.23597],[126.17597,34.23514],[126.17069,34.24014]],[[126.15486,34.25375],[126.15486,34.2557],[126.15625,34.2557],[126.15681,34.25403],[126.15486,34.25375]],[[126.1432,34.26514],[126.1507,34.26625],[126.15598,34.25958],[126.15625,34.25736],[126.1432,34.26514]],[[126.17403,34.26153],[126.17458,34.26431],[126.17792,34.26264],[126.17819,34.26153],[126.17403,34.26153]],[[126.12791,34.26542],[126.12486,34.26847],[126.12597,34.27014],[126.12847,34.26736],[126.12791,34.26542]],[[126.16736,34.32542],[126.16847,34.32597],[126.17125,34.32514],[126.17152,34.32375],[126.16736,34.32542]],[[126.1582,34.32708],[126.14986,34.32819],[126.15264,34.33014],[126.15764,34.32847],[126.1582,34.32708]],[[126.1282,34.35264],[126.12764,34.35431],[126.12875,34.35403],[126.1293,34.35292],[126.1282,34.35264]],[[126.12959,34.38125],[126.13097,34.38208],[126.13125,34.37958],[126.13014,34.37903],[126.12959,34.38125]],[[126.16681,34.48819],[126.16903,34.48931],[126.1693,34.4868],[126.16708,34.48625],[126.16681,34.48819]],[[126.16236,34.50597],[126.16209,34.51125],[126.1693,34.51125],[126.16541,34.50653],[126.16236,34.50597]],[[126.17486,34.53736],[126.1768,34.53875],[126.17709,34.53458],[126.17458,34.53347],[126.17486,34.53736]],[[126.14569,34.56486],[126.14958,34.57069],[126.15652,34.56653],[126.1518,34.56153],[126.14569,34.56486]],[[126.19764,34.56708],[126.19708,34.56903],[126.1982,34.56903],[126.19903,34.56736],[126.19764,34.56708]],[[126.19625,34.57236],[126.19903,34.57292],[126.19986,34.57097],[126.19542,34.57097],[126.19625,34.57236]],[[126.15625,34.5757],[126.15681,34.57736],[126.15764,34.57653],[126.15736,34.57514],[126.15625,34.5757]],[[126.18903,34.5757],[126.19458,34.58236],[126.20042,34.58208],[126.19625,34.57403],[126.18903,34.5757]],[[126.13792,34.5807],[126.14597,34.58208],[126.1468,34.57486],[126.13653,34.57847],[126.13792,34.5807]],[[126.18681,34.59319],[126.18986,34.59292],[126.18903,34.59097],[126.18597,34.59097],[126.18681,34.59319]],[[126.18264,34.61097],[126.18097,34.61542],[126.1843,34.61792],[126.18569,34.6118],[126.18264,34.61097]],[[126.1768,34.61847],[126.17819,34.61819],[126.17903,34.61597],[126.17458,34.61708],[126.1768,34.61847]],[[126.16348,34.61986],[126.16597,34.61986],[126.16764,34.61903],[126.16319,34.61875],[126.16348,34.61986]],[[126.16348,34.62847],[126.15208,34.61819],[126.12264,34.61542],[126.12422268522248,34.61904808702008],[126.12569,34.61875],[126.12465196432348,34.620032149998764],[126.13403,34.64153],[126.12791,34.64791],[126.11736,34.64236],[126.11459,34.65125],[126.12708,34.65208],[126.13042,34.66042],[126.13875,34.65542],[126.1532,34.67264],[126.18792,34.65125],[126.18459,34.63792],[126.20069,34.64264],[126.20153,34.63569],[126.17486,34.62153],[126.16348,34.62847]],[[126.18653,34.66069],[126.18708,34.66292],[126.18931,34.66319],[126.18819,34.66097],[126.18653,34.66069]],[[126.15264,34.67569],[126.1532,34.67653],[126.15486,34.67542],[126.15486,34.67458],[126.15264,34.67569]],[[126.16209,34.6818],[126.16431,34.68153],[126.16402,34.67986],[126.16153,34.68069],[126.16209,34.6818]],[[126.18153,34.67903],[126.16402,34.68319],[126.16014,34.69042],[126.16903,34.69125],[126.18097,34.68681],[126.18153,34.67903]],[[126.17375,34.69208],[126.1757,34.69181],[126.17542,34.69014],[126.17264,34.69069],[126.17375,34.69208]],[[126.13736,34.69542],[126.14264,34.69847],[126.14736,34.69264],[126.14098,34.68714],[126.13736,34.69542]],[[126.18847,34.68042],[126.17819,34.6932],[126.19292,34.70903],[126.20153,34.69875],[126.19264,34.69736],[126.19764,34.68681],[126.18847,34.68042]],[[126.16986,34.69514],[126.17069,34.69708],[126.17431,34.69403],[126.17375,34.69292],[126.16986,34.69514]],[[126.14181,34.71014],[126.14458,34.71041],[126.1452109502779,34.70946641670152],[126.14538690637715,34.70844508051195],[126.14403,34.70708],[126.14181,34.71014]],[[126.13708,34.70597],[126.12319,34.70486],[126.12153,34.71264],[126.12736,34.71264],[126.13403,34.71069],[126.13708,34.70597]],[[126.18542,34.72931],[126.18847,34.73125],[126.18986,34.73042],[126.1907,34.72569],[126.18542,34.72931]],[[126.1757,34.74514],[126.1768,34.74486],[126.17709,34.74375],[126.17347,34.74403],[126.1757,34.74514]],[[126.16903,34.74792],[126.16764,34.75153],[126.16986,34.75292],[126.17264,34.74931],[126.16903,34.74792]],[[126.15014,34.76375],[126.15208,34.76431],[126.15459,34.7632],[126.15514,34.76208],[126.15014,34.76375]],[[126.13463320392943,34.76827638416259],[126.13208,34.76764],[126.13264,34.76931],[126.13402760288066,34.76931],[126.13463320392943,34.76827638416259]],[[126.17431,34.77014],[126.17152,34.77153],[126.17292,34.77208],[126.17486,34.77153],[126.17431,34.77014]],[[126.16764,34.77431],[126.16986,34.77681],[126.16959,34.77486],[126.16792,34.77347],[126.16764,34.77431]],[[126.19014,34.77847],[126.1918,34.77819],[126.19125,34.7757],[126.18847,34.7757],[126.19014,34.77847]],[[126.0818,34.78819],[126.13819,34.79903],[126.17014,34.7957],[126.15708,34.78208],[126.16402,34.76514],[126.14958,34.77014],[126.13875,34.76125],[126.13463320392943,34.76827638416259],[126.13541,34.76847],[126.13541,34.76931],[126.13402760288066,34.76931],[126.12736,34.78069],[126.10486,34.77792],[126.0818,34.78819]],[[126.16792,34.78653],[126.17347,34.78792],[126.17486,34.78375],[126.17152,34.77764],[126.16792,34.78653]],[[126.19847,34.78847],[126.19875,34.7907],[126.20125,34.78875],[126.20097,34.78736],[126.19847,34.78847]],[[126.14902,34.79875],[126.14181,34.80569],[126.14819,34.81181],[126.15375,34.80958],[126.14902,34.79875]],[[126.16375,34.80625],[126.16319,34.80903],[126.16653,34.81042],[126.16486,34.80653],[126.16375,34.80625]],[[126.15514,34.82042],[126.15958,34.82319],[126.16014,34.81542],[126.15486,34.81292],[126.15514,34.82042]],[[126.16042,34.81903],[126.16097,34.82125],[126.16402,34.82125],[126.16348,34.81792],[126.16042,34.81903]],[[126.17125,34.82347],[126.17264,34.82431],[126.17458,34.82264],[126.17375,34.82069],[126.17125,34.82347]],[[126.13597,34.82736],[126.13541,34.83181],[126.14014,34.82958],[126.14153,34.82736],[126.13597,34.82736]],[[126.17208,34.83681],[126.17181,34.83903],[126.17347,34.83903],[126.17375,34.83736],[126.17208,34.83681]],[[126.15403,34.85708],[126.15569,34.85792],[126.15764,34.85653],[126.15681,34.85514],[126.15403,34.85708]],[[126.16458,34.88319],[126.16708,34.88486],[126.16959,34.88042],[126.1682,34.87486],[126.16458,34.88319]],[[126.16625,34.88931],[126.16792,34.8918],[126.1693,34.89153],[126.1693,34.88903],[126.16625,34.88931]],[[126.17292,34.88792],[126.18042,34.89069],[126.17875,34.90292],[126.18958,34.89431],[126.17625,34.8807],[126.17292,34.88792]],[[126.1432,34.89708],[126.1443,34.89847],[126.14542,34.89764],[126.14514,34.89653],[126.1432,34.89708]],[[126.17292,34.89569],[126.16847,34.89736],[126.16875,34.89958],[126.17181,34.89764],[126.17292,34.89569]],[[126.1982,34.9007],[126.20097,34.90042],[126.20097,34.89791],[126.19708,34.89875],[126.1982,34.9007]],[[126.19764,34.91069],[126.1982,34.9118],[126.19986,34.91153],[126.20014,34.91042],[126.19764,34.91069]],[[126.19458,34.91514],[126.18819,34.91903],[126.19847,34.92014],[126.19708,34.91514],[126.19458,34.91514]],[[126.16597,34.91903],[126.16847,34.92042],[126.17236,34.91903],[126.17236,34.91819],[126.16597,34.91903]],[[126.19403,34.92153],[126.19264,34.93069],[126.19708,34.92736],[126.19958,34.92292],[126.19403,34.92153]],[[126.15041,34.92653],[126.15125,34.92792],[126.15403,34.92792],[126.15264,34.92625],[126.15041,34.92653]],[[126.19625,34.93958],[126.19514,34.93875],[126.19403,34.93986],[126.19678,34.94069],[126.19625,34.93958]],[[126.18875,34.9432],[126.19375,34.95014],[126.20597,34.94708],[126.20959,34.94042],[126.18875,34.9432]],[[126.16597,34.94403],[126.16014,34.9432],[126.15931,34.96125],[126.16097,34.95236],[126.16597,34.94403]],[[126.19625,34.96264],[126.19708,34.96458],[126.19903,34.96403],[126.1993,34.96264],[126.19625,34.96264]],[[126.13653,34.9668],[126.13347,34.99319],[126.17819,34.98347],[126.18014,34.97347],[126.1693,34.96736],[126.1468,34.97097],[126.14597,34.95319],[126.12431,34.94708],[126.13653,34.9668]],[[126.18708,34.97653],[126.18514,34.9782],[126.18597,34.97958],[126.18681,34.97847],[126.18708,34.97653]],[[126.17486,34.98708],[126.17709,34.98792],[126.17819,34.98514],[126.17625,34.98458],[126.17486,34.98708]],[[126.17375,34.99542],[126.17819,34.99681],[126.18014,34.99403],[126.17625,34.98875],[126.17375,34.99542]],[[126.1907,34.99347],[126.19375,34.99681],[126.19514,34.99653],[126.19319,34.99375],[126.1907,34.99347]],[[126.19514,35.00597],[126.19847,35.01375],[126.20375,35.00708],[126.20292,35.00542],[126.19514,35.00597]],[[126.16319,35.01847],[126.16708,35.01403],[126.15875,35.00764],[126.16764,35.00875],[126.1657,35.00347],[126.13958,34.99764],[126.1432,34.99264],[126.13292,35.00208],[126.11736,34.99625],[126.09764,35.00097],[126.13319,35.02681],[126.16319,35.01847]],[[126.1907,35.00681],[126.18986,35.01431],[126.19542,35.01542],[126.19569,35.00986],[126.1907,35.00681]],[[126.14069,35.04181],[126.12569,35.03708],[126.12875,35.05181],[126.1468,35.06097],[126.18042,35.05264],[126.18708,35.03903],[126.19319,35.04514],[126.20097,35.04042],[126.19736,35.01764],[126.17208,35.03069],[126.16959,35.02458],[126.1657,35.03708],[126.14958,35.03069],[126.14069,35.04181]],[[126.15486,35.0607],[126.14819,35.06319],[126.15097,35.06514],[126.15542,35.06236],[126.15486,35.0607]],[[126.13292,35.0682],[126.13541,35.0682],[126.13486,35.06653],[126.13319,35.06625],[126.13292,35.0682]],[[126.15459,35.07208],[126.15652,35.07431],[126.15681,35.07097],[126.15486,35.06931],[126.15459,35.07208]],[[126.12875,35.0718],[126.13153,35.07431],[126.13292,35.07347],[126.13458,35.07069],[126.12875,35.0718]],[[126.14958,35.07292],[126.14514,35.07764],[126.14792,35.07792],[126.15014,35.07486],[126.14958,35.07292]],[[126.15403,35.07708],[126.15486,35.08014],[126.15569,35.08014],[126.15708,35.07764],[126.15403,35.07708]],[[126.1543,35.08486],[126.15625,35.08403],[126.15542,35.08264],[126.15347,35.08319],[126.1543,35.08486]],[[126.14709,35.08375],[126.12959,35.08319],[126.13403,35.09458],[126.14653,35.0918],[126.14709,35.08375]],[[126.19264,35.12181],[126.19319,35.11986],[126.19403,35.11681],[126.19014,35.11847],[126.19264,35.12181]],[[126.14819,35.13014],[126.15153,35.13042],[126.1507,35.12819],[126.14902,35.12764],[126.14819,35.13014]],[[126.16597,35.12903],[126.16847,35.13153],[126.17181,35.13125],[126.17042,35.12764],[126.16597,35.12903]],[[126.18291,35.14264],[126.20069,35.14819],[126.20181,35.13708],[126.19347,35.14125],[126.19264,35.13208],[126.18153,35.12958],[126.18291,35.14264]],[[126.12153,35.19958],[126.12903,35.20319],[126.13292,35.19208],[126.12125,35.18847],[126.12153,35.19958]],[[126.13181,35.20153],[126.14042,35.20875],[126.15625,35.21153],[126.14403,35.19986],[126.13181,35.20153]],[[126.13042,35.28458],[126.14153,35.30042],[126.15264,35.2907],[126.14848,35.27042],[126.13042,35.28458]],[[126.13153,35.37264],[126.13319,35.37292],[126.13181,35.37014],[126.12959,35.37042],[126.13153,35.37264]],[[126.13236,35.37542],[126.12959,35.37764],[126.13097,35.37875],[126.13264,35.37764],[126.13236,35.37542]],[[126.1657,35.86431],[126.16597,35.86597],[126.1682,35.86542],[126.16792,35.86347],[126.1657,35.86431]],[[126.20125,36.28292],[126.19292,36.28208],[126.19597,36.28708],[126.20069,36.2868],[126.20125,36.28292]],[[126.15875,36.51431],[126.16097,36.51431],[126.16209,36.50903],[126.15598,36.51014],[126.15875,36.51431]],[[126.19347,36.56736],[126.18875,36.57153],[126.19486,36.57153],[126.19486,36.57125],[126.19347,36.56736]],[[126.1768,36.5718],[126.17625,36.56986],[126.17403,36.57042],[126.17653,36.57208],[126.1768,36.5718]],[[126.19542,36.58292],[126.20125,36.58264],[126.19903,36.57736],[126.19486,36.57819],[126.19542,36.58292]],[[126.12625,36.67653],[126.12347,36.67958],[126.13541,36.68847],[126.14931,36.68486],[126.1443,36.67986],[126.15153,36.67875],[126.1532,36.67125],[126.1293,36.6693],[126.12653,36.67597],[126.13736,36.67986],[126.13375,36.68486],[126.12625,36.67653]],[[126.15736,36.75264],[126.16125,36.74903],[126.1593,36.74653],[126.15681,36.7482],[126.15736,36.75264]],[[126.14403,36.79319],[126.1432,36.79597],[126.14597,36.79486],[126.14597,36.79403],[126.14403,36.79319]],[[126.13986,36.80375],[126.14542,36.80153],[126.14597,36.80014],[126.14153,36.79958],[126.13986,36.80375]],[[126.1532,36.89431],[126.14986,36.89431],[126.15097,36.89542],[126.15208,36.89514],[126.1532,36.89431]],[[126.14958,36.89903],[126.15153,36.89819],[126.15153,36.89708],[126.14902,36.89764],[126.14958,36.89903]],[[126.20097,36.90014],[126.19681,36.89986],[126.19847,36.90125],[126.20042,36.90125],[126.20097,36.90014]],[[126.16402,36.92486],[126.16292,36.92319],[126.16097,36.92347],[126.1618,36.92486],[126.16402,36.92486]],[[126.16681,36.92875],[126.1682,36.92986],[126.17152,36.92764],[126.16708,36.92514],[126.16681,36.92875]],[[126.1607,36.93319],[126.16125,36.93236],[126.1582,36.9318],[126.15875,36.93347],[126.1607,36.93319]],[[126.13903,37.20319],[126.14347,37.19875],[126.1357,37.19542],[126.1357,37.20181],[126.13903,37.20319]],[[126.16375,37.20792],[126.16375,37.20903],[126.16597,37.20958],[126.16597,37.20764],[126.16375,37.20792]],[[126.16042,37.21041],[126.15764,37.22458],[126.17125,37.23042],[126.17819,37.21847],[126.18625,37.22292],[126.19319,37.21819],[126.18069,37.21625],[126.18097,37.2093],[126.19486,37.20875],[126.18403,37.19292],[126.17709,37.21153],[126.16042,37.21041]],[[126.14270860251848,37.212844582510485],[126.14264,37.21264],[126.14188712385808,37.21270889062737],[126.14270860251848,37.212844582510485]],[[126.21181,37.66681],[126.20819,37.6543],[126.18903,37.65736],[126.17986,37.66986],[126.16903,37.66542],[126.15514,37.67181],[126.15459,37.67764],[126.18236,37.67681],[126.19458,37.68847],[126.21181,37.66681]],[[126.12681,37.69375],[126.13375,37.69264],[126.14986,37.6818],[126.12597,37.68153],[126.1207,37.68792],[126.12681,37.69375]],[[126.27042,33.11542],[126.2682,33.11208],[126.26403,33.11764],[126.2693,33.12458],[126.27042,33.11542]],[[126.28014,33.16708],[126.27014,33.16375],[126.26347,33.17014],[126.27375,33.17542],[126.28014,33.16708]],[[126.22208,33.40569],[126.22292,33.41153],[126.22958,33.41236],[126.22875,33.40264],[126.22208,33.40569]],[[126.25847,33.41819],[126.25792,33.41681],[126.25514,33.41597],[126.25597,33.41736],[126.25847,33.41819]],[[126.24541,33.98736],[126.24792,33.98986],[126.25125,33.99042],[126.25236,33.98569],[126.24541,33.98736]],[[126.21375,34.34542],[126.21152,34.3493],[126.21264,34.35014],[126.21597,34.34875],[126.21375,34.34542]],[[126.31903,34.41875],[126.31042,34.41958],[126.31431,34.40014],[126.30264,34.41347],[126.30653,34.40292],[126.29292,34.40847],[126.28875,34.40375],[126.29708,34.39708],[126.28902,34.3932],[126.26375,34.39625],[126.25986,34.38625],[126.26847,34.38486],[126.26736,34.37764],[126.24597,34.37931],[126.23653,34.36875],[126.23014,34.37458],[126.22041,34.36681],[126.20264,34.37097],[126.2143,34.36042],[126.18569,34.35125],[126.17958,34.35125],[126.18181,34.35903],[126.16236,34.35236],[126.15264,34.36653],[126.14458,34.36458],[126.14597,34.3582],[126.12847,34.3582],[126.13708,34.36486],[126.12986,34.36542],[126.13847,34.36903],[126.13431,34.37431],[126.14542,34.37986],[126.14208,34.38514],[126.1143,34.38125],[126.11097,34.39458],[126.08986,34.41459],[126.10069,34.43069],[126.0957,34.43625],[126.11181,34.44847],[126.12514,34.4432],[126.11597,34.4593],[126.17152,34.48458],[126.18986,34.51403],[126.18986,34.4982],[126.2057,34.49708],[126.19791,34.50986],[126.22347,34.5168],[126.21152,34.52708],[126.22459,34.53069],[126.22542,34.54125],[126.23319,34.53486],[126.24042,34.54403],[126.25042,34.56347],[126.23959,34.56569],[126.24375,34.58208],[126.23792,34.58375],[126.25014,34.58958],[126.30209,34.57153],[126.30986,34.56208],[126.3018,34.55625],[126.31597,34.54292],[126.3418,34.54986],[126.33514,34.54014],[126.34486,34.54292],[126.35208,34.52736],[126.37764,34.51236],[126.38264,34.50236],[126.37319,34.49653],[126.38486,34.48069],[126.3643,34.48458],[126.35847,34.47736],[126.37209,34.47153],[126.35819,34.45681],[126.36569,34.44236],[126.33598,34.41459],[126.33625,34.39986],[126.3232,34.40014],[126.32597,34.41514],[126.31903,34.42542],[126.31903,34.41875]],[[126.21792,34.53514],[126.21958,34.53597],[126.22014,34.53431],[126.21848,34.53347],[126.21792,34.53514]],[[126.22236,34.55153],[126.22264,34.55264],[126.22764,34.55264],[126.22625,34.55042],[126.22236,34.55153]],[[126.21902,34.55236],[126.21958,34.5532],[126.22153,34.55292],[126.2218,34.55208],[126.21902,34.55236]],[[126.20819,34.55542],[126.20875,34.55903],[126.2132,34.55819],[126.2132,34.55597],[126.20819,34.55542]],[[126.25903,34.61014],[126.25958,34.61236],[126.27069,34.61486],[126.27847,34.61097],[126.25903,34.61014]],[[126.19486,34.62514],[126.21098,34.62708],[126.21931,34.62458],[126.21542,34.61736],[126.19486,34.62514]],[[126.21958,34.62375],[126.22125,34.62347],[126.22208,34.62208],[126.21931,34.62264],[126.21958,34.62375]],[[126.20458,34.63486],[126.20431,34.63708],[126.20541,34.63764],[126.2057,34.63569],[126.20458,34.63486]],[[126.25125,34.65375],[126.25236,34.65403],[126.25264,34.65292],[126.25125,34.65208],[126.25125,34.65375]],[[126.24958,34.67625],[126.25153,34.67625],[126.25097,34.67486],[126.24931,34.67486],[126.24958,34.67625]],[[126.24458,34.69819],[126.24069,34.69708],[126.23986,34.70097],[126.24403,34.7007],[126.24458,34.69819]],[[126.22236,34.75903],[126.22347,34.75958],[126.22514,34.75819],[126.22514,34.75764],[126.22236,34.75903]],[[126.20236,34.79847],[126.20403,34.80014],[126.20486,34.79875],[126.20458,34.79736],[126.20236,34.79847]],[[126.21347,34.80486],[126.21152,34.80764],[126.21291,34.80847],[126.21486,34.80736],[126.21347,34.80486]],[[126.21458,34.85042],[126.21625,34.85209],[126.2207,34.85209],[126.22097,34.84764],[126.21458,34.85042]],[[126.28152,34.86792],[126.2832,34.86764],[126.2832,34.86625],[126.28098,34.86653],[126.28152,34.86792]],[[126.21792,34.89208],[126.21819,34.8932],[126.22125,34.8932],[126.22264,34.89236],[126.21792,34.89208]],[[126.25875,34.90347],[126.26264,34.90347],[126.26319,34.90236],[126.25847,34.90292],[126.25875,34.90347]],[[126.2768,34.91431],[126.27653,34.91236],[126.27458,34.91292],[126.27486,34.91431],[126.2768,34.91431]],[[126.20959,34.91736],[126.20875,34.91958],[126.21042,34.91958],[126.21125,34.91903],[126.20959,34.91736]],[[126.28819,34.92208],[126.29097,34.92264],[126.29125,34.92097],[126.28709,34.9193],[126.28819,34.92208]],[[126.25153,34.91514],[126.24541,34.91903],[126.23375,34.90931],[126.22153,34.91597],[126.21931,34.92486],[126.23042,34.93736],[126.25375,34.93319],[126.25153,34.91514]],[[126.27653,34.92681],[126.27514,34.92653],[126.27458,34.92875],[126.27736,34.93014],[126.27653,34.92681]],[[126.19569,34.93319],[126.20153,34.93653],[126.20764,34.92847],[126.20653,34.92653],[126.19569,34.93319]],[[126.27458,34.93403],[126.2768,34.93375],[126.27736,34.93153],[126.27375,34.93236],[126.27458,34.93403]],[[126.21152,34.93319],[126.21098,34.93486],[126.21291,34.93514],[126.21375,34.93375],[126.21152,34.93319]],[[126.27292,34.94458],[126.27458,34.94597],[126.27625,34.94542],[126.2757,34.94375],[126.27292,34.94458]],[[126.25069,34.94375],[126.25264,34.9507],[126.25459,34.94903],[126.25459,34.9432],[126.25069,34.94375]],[[126.27792,34.94736],[126.27597,34.94819],[126.27708,34.94903],[126.27764,34.94875],[126.27792,34.94736]],[[126.23042,34.95125],[126.23959,34.95736],[126.24931,34.95208],[126.24347,34.94403],[126.23042,34.95125]],[[126.26292,34.9668],[126.27319,34.96958],[126.28848,34.96236],[126.29708,34.93292],[126.28125,34.93514],[126.29097,34.94486],[126.26292,34.9668]],[[126.22708,34.9543],[126.2282,34.95681],[126.23014,34.95653],[126.22903,34.95375],[126.22708,34.9543]],[[126.25847,34.95708],[126.25958,34.96208],[126.26681,34.95903],[126.26319,34.95181],[126.25847,34.95708]],[[126.20153,34.96236],[126.20319,34.96264],[126.20486,34.96153],[126.20208,34.96014],[126.20153,34.96236]],[[126.21514,34.97264],[126.21264,34.95375],[126.19847,34.96875],[126.20708,34.97486],[126.21514,34.97264]],[[126.20375,34.97569],[126.20431,34.97736],[126.20541,34.97653],[126.20514,34.97486],[126.20375,34.97569]],[[126.21264,34.98486],[126.21514,34.98486],[126.21653,34.97903],[126.20875,34.97903],[126.21264,34.98486]],[[126.20486,34.98125],[126.20514,34.98403],[126.20847,34.98514],[126.20986,34.98236],[126.20486,34.98125]],[[126.24431,34.97514],[126.25069,35.00708],[126.26458,35.00347],[126.27042,34.97597],[126.24431,34.97514]],[[126.22652,35.00069],[126.23236,35.00292],[126.23319,34.99708],[126.22569,34.99708],[126.22652,35.00069]],[[126.21486,35.00986],[126.21125,35.00903],[126.21264,35.01069],[126.21486,35.01069],[126.21486,35.00986]],[[126.24819,35.01542],[126.25459,35.0168],[126.25653,35.01292],[126.24709,35.01292],[126.24819,35.01542]],[[126.22625,35.01958],[126.22986,35.03153],[126.23736,35.03069],[126.24264,35.01986],[126.22625,35.01958]],[[126.21764,35.03792],[126.22097,35.03819],[126.22097,35.03625],[126.21931,35.0332],[126.21764,35.03792]],[[126.20319,35.0407],[126.19736,35.05875],[126.20736,35.05264],[126.21125,35.04042],[126.20319,35.0407]],[[126.22875,35.09542],[126.24208,35.1032],[126.24903,35.09764],[126.24620049358028,35.08483755523344],[126.24597,35.0843],[126.24607926130132,35.0842890250925],[126.24375,35.07375],[126.25569,35.06931],[126.26292,35.04403],[126.27514,35.03764],[126.26458,35.02069],[126.24986,35.02208],[126.23097,35.03764],[126.23542,35.05208],[126.22514,35.05736],[126.17292,35.06319],[126.17986,35.06847],[126.16847,35.06736],[126.1682,35.07347],[126.16097,35.06653],[126.16402,35.08042],[126.16792,35.07542],[126.17152,35.07903],[126.15764,35.08681],[126.15791,35.09847],[126.19319,35.11208],[126.20375,35.10153],[126.2168,35.10653],[126.22875,35.09542]],[[126.25375,35.07736],[126.25736,35.07042],[126.24736,35.07542],[126.24709,35.07847],[126.25375,35.07736]],[[126.20014,35.11597],[126.20403,35.12903],[126.21098,35.12708],[126.20708,35.11069],[126.20014,35.11597]],[[126.21986,35.1268],[126.21958,35.12597],[126.21819,35.12708],[126.21986,35.12903],[126.21986,35.1268]],[[126.21902,35.13153],[126.21875,35.13375],[126.22014,35.13403],[126.22097,35.13319],[126.21902,35.13153]],[[126.20597,35.18625],[126.21042,35.18708],[126.21458,35.18403],[126.20514,35.18292],[126.20597,35.18625]],[[126.21902,35.19264],[126.22292,35.19486],[126.2232,35.19042],[126.21958,35.18986],[126.21902,35.19264]],[[126.24347,35.20097],[126.24486,35.20292],[126.24847,35.20319],[126.25042,35.20181],[126.24347,35.20097]],[[126.20903,35.28431],[126.21042,35.28569],[126.21291,35.28375],[126.21236,35.28125],[126.20903,35.28431]],[[126.23042,35.29292],[126.23153,35.29292],[126.23236,35.29125],[126.23097,35.29014],[126.23042,35.29292]],[[126.20431,35.29097],[126.1982,35.29458],[126.20236,35.29597],[126.20458,35.29375],[126.20431,35.29097]],[[126.26097,35.31236],[126.26264,35.31375],[126.26375,35.31264],[126.26347,35.31125],[126.26097,35.31236]],[[126.26598,35.32014],[126.26764,35.32014],[126.26764,35.3182],[126.26542,35.3182],[126.26598,35.32014]],[[126.26986,35.31847],[126.26903,35.32069],[126.27236,35.3218],[126.2718,35.31847],[126.26986,35.31847]],[[126.27348,35.32069],[126.27486,35.32319],[126.27847,35.32375],[126.27514,35.32014],[126.27348,35.32069]],[[126.2382,35.57264],[126.24403,35.57792],[126.24875,35.57819],[126.24986,35.57431],[126.2382,35.57264]],[[126.24153,35.58181],[126.23959,35.58375],[126.24069,35.58403],[126.24181,35.58292],[126.24153,35.58181]],[[126.24375,35.58458],[126.24514,35.58569],[126.24597,35.58319],[126.24431,35.58292],[126.24375,35.58458]],[[126.23402,35.58653],[126.23486,35.58597],[126.23514,35.5843],[126.23292,35.58486],[126.23402,35.58653]],[[126.27069,35.60875],[126.28514,35.60514],[126.27541,35.61736],[126.29375,35.60486],[126.30458,35.62181],[126.3157,35.60958],[126.29459,35.59375],[126.29931,35.59042],[126.29903,35.58486],[126.29597,35.58986],[126.29403,35.58292],[126.29569,35.59014],[126.29208,35.59403],[126.28042,35.57877],[126.26514,35.57542],[126.26736,35.56542],[126.25459,35.57236],[126.24903,35.58847],[126.27069,35.59042],[126.25681,35.59292],[126.25708,35.59875],[126.27236,35.5993],[126.27069,35.60875]],[[126.25125,35.59736],[126.25208,35.59792],[126.25459,35.59736],[126.25403,35.59431],[126.25125,35.59736]],[[126.26403,35.60931],[126.26681,35.61042],[126.26764,35.60708],[126.26458,35.60736],[126.26403,35.60931]],[[126.28042,35.63514],[126.29236,35.6343],[126.29514,35.62819],[126.28514,35.62042],[126.28597,35.62986],[126.2718,35.62431],[126.28042,35.63514]],[[126.2207,35.9868],[126.22041,35.99764],[126.2243,35.99125],[126.2307,35.98819],[126.2207,35.9868]],[[126.23431,35.99319],[126.23875,35.99903],[126.24153,35.99347],[126.23514,35.98986],[126.23431,35.99319]],[[126.21958,35.99986],[126.22347,36.00069],[126.22208,35.99903],[126.21986,35.99903],[126.21958,35.99986]],[[126.2782,36.25125],[126.28597,36.24958],[126.28347,36.24403],[126.2768,36.25014],[126.2782,36.25125]],[[126.27209,36.26847],[126.27348,36.2682],[126.27458,36.2668],[126.27209,36.2668],[126.27209,36.26847]],[[126.25653,36.27291],[126.25653,36.27264],[126.25569,36.27125],[126.25347,36.27291],[126.25653,36.27291]],[[126.2718,36.28014],[126.26653,36.26514],[126.26041,36.26653],[126.2607,36.27597],[126.2718,36.28014]],[[126.2243,36.28208],[126.22569,36.28153],[126.22542,36.28014],[126.22264,36.28097],[126.2243,36.28208]],[[126.2093,36.28264],[126.21069,36.28375],[126.21403,36.28292],[126.21458,36.28181],[126.2093,36.28264]],[[126.20764,36.28514],[126.20431,36.28569],[126.20458,36.2868],[126.20708,36.2868],[126.20764,36.28514]],[[126.26014,36.30375],[126.26986,36.30181],[126.25681,36.28653],[126.25153,36.2943],[126.25819,36.29403],[126.26014,36.30375]],[[126.24431,36.29681],[126.24792,36.29653],[126.24736,36.29514],[126.24375,36.2957],[126.24431,36.29681]],[[126.25236,36.31125],[126.25542,36.30847],[126.25486,36.30708],[126.24958,36.30958],[126.25236,36.31125]],[[126.24625,36.31153],[126.24764,36.3107],[126.24736,36.30958],[126.24486,36.3107],[126.24625,36.31153]],[[126.27125,36.34764],[126.27348,36.34764],[126.27402,36.3457],[126.27042,36.3457],[126.27125,36.34764]],[[126.21403,36.43097],[126.21458,36.4282],[126.20875,36.42764],[126.21181,36.43125],[126.21403,36.43097]],[[126.2382,36.4557],[126.23653,36.45014],[126.23153,36.45403],[126.23236,36.4557],[126.2382,36.4557]],[[126.22598,36.46041],[126.22569,36.4593],[126.2218,36.45819],[126.22208,36.4593],[126.22598,36.46041]],[[126.20514,36.58514],[126.20625,36.58458],[126.20208,36.58319],[126.20264,36.58541],[126.20514,36.58514]],[[126.20097,36.59486],[126.20431,36.59097],[126.20042,36.59097],[126.19847,36.5957],[126.20097,36.59486]],[[126.23542,36.60653],[126.24375,36.60792],[126.24625,36.60014],[126.24181,36.58792],[126.23402,36.59681],[126.23542,36.60653]],[[126.26292,36.66986],[126.26569,36.6693],[126.26625,36.66708],[126.2618,36.66792],[126.26292,36.66986]],[[126.26319,36.67597],[126.2618,36.67347],[126.26014,36.67403],[126.26041,36.67569],[126.26319,36.67597]],[[126.27792,37.1507],[126.2782,37.14236],[126.27541,37.14042],[126.2718,37.14791],[126.27792,37.1507]],[[126.25486,37.18236],[126.27264,37.17708],[126.28236,37.15792],[126.24292,37.17347],[126.25486,37.18236]],[[126.21375,37.18347],[126.21986,37.18958],[126.22208,37.18153],[126.22931,37.18847],[126.24986,37.18347],[126.24125,37.17597],[126.21986,37.1782],[126.21375,37.18347]],[[126.21375,37.19264],[126.2157,37.19069],[126.21098,37.19042],[126.21236,37.19292],[126.21375,37.19264]],[[126.27653,37.27486],[126.27792,37.27458],[126.27792,37.27264],[126.2757,37.27347],[126.27653,37.27486]],[[126.27264,37.31931],[126.2768,37.3143],[126.27653,37.31264],[126.26986,37.31569],[126.27264,37.31931]],[[126.26403,37.32319],[126.26292,37.3218],[126.26097,37.32208],[126.26208,37.32375],[126.26403,37.32319]],[[126.26292,37.32542],[126.26653,37.33181],[126.26986,37.33181],[126.2693,37.32792],[126.26292,37.32542]],[[126.26875,37.54958],[126.27402,37.54792],[126.27764,37.54375],[126.2718,37.5443],[126.26875,37.54958]],[[126.25958,37.55736],[126.26653,37.55264],[126.26708,37.55069],[126.2607,37.55014],[126.25958,37.55736]],[[126.26736,37.61903],[126.26736,37.62181],[126.27125,37.62125],[126.27209,37.61986],[126.26736,37.61903]],[[126.21764,37.63208],[126.21792,37.62958],[126.2143,37.62819],[126.2143,37.63042],[126.21764,37.63208]],[[126.23431,37.65625],[126.25764,37.65181],[126.25291,37.63375],[126.26458,37.62431],[126.22097,37.64958],[126.23431,37.65625]],[[126.26875,37.65458],[126.27097,37.65458],[126.27014,37.65181],[126.26847,37.65153],[126.26875,37.65458]],[[126.22459,37.66625],[126.23375,37.66292],[126.23653,37.65986],[126.22292,37.65764],[126.22459,37.66625]],[[126.23986,37.66292],[126.24069,37.66347],[126.24153,37.66208],[126.24014,37.66097],[126.23986,37.66292]],[[126.25708,37.71181],[126.25764,37.71542],[126.25931,37.71486],[126.26041,37.71069],[126.25708,37.71181]],[[126.21042,37.72292],[126.21264,37.72097],[126.21291,37.71736],[126.20959,37.71736],[126.21042,37.72292]],[[126.23402,37.73375],[126.24042,37.72375],[126.24958,37.71736],[126.21764,37.72042],[126.23402,37.73375]],[[126.25736,37.7243],[126.25653,37.7318],[126.26625,37.73875],[126.27125,37.72514],[126.25736,37.7243]],[[126.28486,37.74986],[126.28486,37.74514],[126.27875,37.74542],[126.2793,37.74764],[126.28486,37.74986]],[[126.28042,37.76847],[126.24125,37.7632],[126.23153,37.75069],[126.20181,37.76931],[126.21986,37.78625],[126.22208,37.80542],[126.24042,37.8182],[126.26681,37.81792],[126.29903,37.8032],[126.3243,37.80875],[126.33625,37.79681],[126.3168,37.77319],[126.29125,37.76236],[126.28042,37.76847]],[[126.31486,33.21097],[126.31625,33.20958],[126.31347,33.20875],[126.31375,33.21125],[126.31486,33.21097]],[[126.35653,33.72875],[126.35736,33.73042],[126.35931,33.73042],[126.35931,33.7282],[126.35653,33.72875]],[[126.34236,33.90514],[126.34486,33.90625],[126.34541,33.90097],[126.34348,33.9007],[126.34236,33.90514]],[[126.32597,33.90847],[126.32153,33.91292],[126.32375,33.91459],[126.32708,33.91459],[126.32597,33.90847]],[[126.31097,33.94097],[126.31208,33.94042],[126.31347,33.93958],[126.3093,33.9393],[126.31097,33.94097]],[[126.34264,33.94625],[126.33041,33.94403],[126.32958,33.92986],[126.31931,33.92903],[126.30986,33.94736],[126.28208,33.96125],[126.28819,33.96236],[126.28375,33.97042],[126.30347,33.95375],[126.3418,33.95625],[126.34264,33.94625]],[[126.30569,33.97458],[126.3093,33.97486],[126.3093,33.97319],[126.30569,33.97319],[126.30569,33.97458]],[[126.34625,33.98125],[126.34681,33.98486],[126.3532,33.9832],[126.35347,33.98097],[126.34625,33.98125]],[[126.29264,33.98375],[126.29514,33.98486],[126.29625,33.98208],[126.2932,33.98153],[126.29264,33.98375]],[[126.32458,33.98458],[126.3168,33.98875],[126.32042,33.98903],[126.32403,33.98792],[126.32458,33.98458]],[[126.35819,34.00708],[126.35986,34.00681],[126.36125,34.00597],[126.35792,34.0057],[126.35819,34.00708]],[[126.32931,34.01042],[126.33625,34.01264],[126.34708,34.01014],[126.35347,34.00597],[126.32931,34.01042]],[[126.32903,34.25014],[126.32931,34.25097],[126.3307,34.25069],[126.33125,34.24931],[126.32903,34.25014]],[[126.34597,34.28653],[126.35014,34.28653],[126.35181,34.28292],[126.3457,34.28569],[126.34597,34.28653]],[[126.29819,34.32042],[126.29542,34.32542],[126.29764,34.32542],[126.30292,34.32208],[126.29819,34.32042]],[[126.30431,34.32681],[126.29625,34.32875],[126.29792,34.33514],[126.30042,34.32875],[126.30431,34.32681]],[[126.29208,34.37403],[126.28625,34.36403],[126.2793,34.36903],[126.28347,34.38875],[126.30236,34.39486],[126.29708,34.38458],[126.30736,34.38542],[126.30959,34.37458],[126.30014,34.36847],[126.29208,34.37403]],[[126.32708,34.38653],[126.33041,34.38792],[126.33097,34.38625],[126.32736,34.38319],[126.32708,34.38653]],[[126.34348,34.38542],[126.34431,34.38708],[126.34736,34.38708],[126.34597,34.38458],[126.34348,34.38542]],[[126.32458,34.39292],[126.32681,34.39292],[126.32736,34.39097],[126.32486,34.38986],[126.32458,34.39292]],[[126.32653,34.39569],[126.32848,34.39569],[126.32903,34.39403],[126.32597,34.39431],[126.32653,34.39569]],[[126.31292,34.39403],[126.31236,34.39653],[126.31458,34.39653],[126.31514,34.39458],[126.31292,34.39403]],[[126.34903,34.39958],[126.34986,34.40181],[126.35208,34.39903],[126.35181,34.39764],[126.34903,34.39958]],[[126.35375,34.41042],[126.35819,34.41208],[126.35709,34.40569],[126.35069,34.40292],[126.35375,34.41042]],[[126.37236,34.4082],[126.36486,34.41014],[126.36708,34.41736],[126.37458,34.41264],[126.37236,34.4082]],[[126.35069,34.53708],[126.35152,34.53931],[126.35625,34.53903],[126.35458,34.53569],[126.35069,34.53708]],[[126.30736,34.55625],[126.30875,34.55597],[126.31014,34.55514],[126.30708,34.55542],[126.30736,34.55625]],[[126.3168,34.55542],[126.31375,34.55653],[126.3157,34.55764],[126.3168,34.5568],[126.3168,34.55542]],[[126.31736,34.56236],[126.31819,34.56319],[126.31931,34.56292],[126.31847,34.56181],[126.31736,34.56236]],[[126.32291,34.56681],[126.33125,34.5682],[126.33097,34.56319],[126.31958,34.55931],[126.32291,34.56681]],[[126.30708,34.58486],[126.29736,34.58153],[126.29931,34.58736],[126.30514,34.58847],[126.30708,34.58486]],[[126.36931,34.62486],[126.36903,34.62347],[126.36764,34.62292],[126.36708,34.62431],[126.36931,34.62486]],[[126.3532,34.66042],[126.35208,34.65792],[126.35014,34.65708],[126.35152,34.66014],[126.3532,34.66042]],[[126.35958,34.67708],[126.34458,34.68653],[126.34736,34.69403],[126.36847,34.69764],[126.37486,34.68847],[126.35958,34.67708]],[[126.3707,34.70708],[126.37236,34.70681],[126.3718,34.70486],[126.37014,34.7057],[126.3707,34.70708]],[[126.33097,34.73625],[126.33236,34.73986],[126.3343,34.73847],[126.33375,34.73569],[126.33097,34.73625]],[[126.32375,34.74181],[126.32208,34.74292],[126.32264,34.7443],[126.32403,34.74319],[126.32375,34.74181]],[[126.36847,34.74903],[126.36847,34.75069],[126.36986,34.75042],[126.37041,34.74931],[126.36847,34.74903]],[[126.35125,34.75153],[126.35542,34.75958],[126.35431,34.75653],[126.36014,34.74514],[126.35125,34.75153]],[[126.3632,34.7557],[126.36097,34.75736],[126.36097,34.75792],[126.36403,34.75792],[126.3632,34.7557]],[[126.37019601896164,34.76000264108353],[126.37103923565816,34.76172771615825],[126.37153,34.76181],[126.37264,34.76042],[126.37041,34.75903],[126.37019601896164,34.76000264108353]],[[126.37103923565816,34.76172771615825],[126.36986,34.76153],[126.37019601896164,34.76000264108353],[126.36931,34.75819],[126.36292,34.76014],[126.3557,34.78458],[126.37542,34.77069],[126.37103923565816,34.76172771615825]],[[126.3307,34.78181],[126.31597,34.76625],[126.32097,34.76347],[126.31792,34.75875],[126.30431,34.77069],[126.30847,34.78236],[126.32125,34.78819],[126.3307,34.78181]],[[126.2943,34.78375],[126.29708,34.78403],[126.3018,34.77625],[126.28819,34.77736],[126.2943,34.78375]],[[126.33403,34.78847],[126.34042,34.79403],[126.33958,34.7832],[126.3382,34.78264],[126.33403,34.78847]],[[126.31875,34.78986],[126.31597,34.78819],[126.3157,34.78986],[126.31847,34.79097],[126.31875,34.78986]],[[126.33125,34.79403],[126.33292,34.7943],[126.33375,34.79264],[126.33264,34.79014],[126.33125,34.79403]],[[126.31597,34.80819],[126.32736,34.81514],[126.33319,34.79681],[126.31458,34.79181],[126.31597,34.80819]],[[126.3468,34.80625],[126.3468,34.80958],[126.34959,34.80958],[126.35069,34.80653],[126.3468,34.80625]],[[126.33791,34.80931],[126.33486,34.81486],[126.33986,34.81375],[126.34153,34.8107],[126.33791,34.80931]],[[126.35514,34.81625],[126.35653,34.81681],[126.35736,34.81458],[126.35597,34.81403],[126.35514,34.81625]],[[126.33791,34.83298220188902],[126.33484004989708,34.82955886319694],[126.33459,34.8307],[126.33791,34.83375],[126.33791,34.83298220188902]],[[126.36597,34.83625],[126.37153,34.8382],[126.37264,34.83236],[126.36597,34.83319],[126.36597,34.83625]],[[126.30375,34.84208],[126.30875,34.84292],[126.3082,34.83986],[126.30403,34.8382],[126.30375,34.84208]],[[126.31236,34.84375],[126.31125,34.84292],[126.31125,34.84201],[126.30986,34.84292],[126.31236,34.84375]],[[126.2932,34.85153],[126.29375,34.85264],[126.29542,34.85153],[126.29459,34.84986],[126.2932,34.85153]],[[126.35597,34.85736],[126.3568,34.8582],[126.35931,34.85569],[126.35902,34.85514],[126.35597,34.85736]],[[126.36236,34.85792],[126.36236,34.85708],[126.36125,34.85542],[126.36042,34.85653],[126.36236,34.85792]],[[126.36958,34.86792],[126.37097,34.86764],[126.37264,34.86514],[126.36986,34.86264],[126.36958,34.86792]],[[126.33625,34.90931],[126.35152,34.89847],[126.34959,34.88681],[126.34514,34.89431],[126.33569,34.88653],[126.32569,34.89097],[126.33014,34.87958],[126.31625,34.88236],[126.31486,34.87597],[126.32514,34.87264],[126.31403,34.86708],[126.3243,34.86097],[126.35736,34.86375],[126.35264,34.85847],[126.36069,34.85181],[126.36847,34.85653],[126.37153,34.84264],[126.3632,34.84125],[126.36792,34.82431],[126.36125,34.81958],[126.35208,34.82236],[126.34875,34.81403],[126.32764,34.82153],[126.33484004989708,34.82955886319694],[126.33514,34.82819],[126.33791,34.83097],[126.33791,34.83298220188902],[126.34458,34.84042],[126.33708,34.83875],[126.32347,34.85569],[126.31653,34.8457],[126.31264,34.8532],[126.2757,34.85542],[126.26264,34.83986],[126.22764,34.84875],[126.23264,34.86458],[126.26153,34.85653],[126.27042,34.87264],[126.27402,34.86375],[126.28403,34.86347],[126.28042,34.88681],[126.29292,34.88153],[126.30375,34.88708],[126.28042,34.91014],[126.29847,34.92181],[126.31236,34.90764],[126.33625,34.90931]],[[126.26681,34.8618],[126.26681,34.86375],[126.26569,34.86375],[126.26542,34.86125],[126.26681,34.8618]],[[126.35764,34.86542],[126.36236,34.87514],[126.37847,34.87819],[126.36708,34.8657],[126.35764,34.86542]],[[126.3468,34.88236],[126.34847,34.88347],[126.34959,34.8807],[126.34764,34.87569],[126.3468,34.88236]],[[126.34402,34.90792],[126.35181,34.91069],[126.35653,34.90597],[126.35125,34.9007],[126.34402,34.90792]],[[126.32208,34.92236],[126.32347,34.92319],[126.32569,34.92292],[126.32597,34.92236],[126.32208,34.92236]],[[126.31097,35.01403],[126.31709,35.01569],[126.31958,35.00792],[126.31403,34.99931],[126.31097,35.01403]],[[126.37403,35.02819],[126.37514,35.02819],[126.37486,35.02431],[126.37209,35.02458],[126.37403,35.02819]],[[126.33708,35.16208],[126.33542,35.1657],[126.33764,35.16708],[126.33875,35.16514],[126.33708,35.16208]],[[126.3532,35.17097],[126.35542,35.17208],[126.35792,35.17014],[126.35736,35.16875],[126.3532,35.17097]],[[126.3418,35.17542],[126.34431,35.17542],[126.34319,35.17375],[126.33958,35.17236],[126.3418,35.17542]],[[126.36292,35.18792],[126.36042,35.18875],[126.36125,35.18958],[126.36264,35.18903],[126.36292,35.18792]],[[126.3643,35.2957],[126.36681,35.29653],[126.36597,35.2943],[126.36347,35.29347],[126.3643,35.2957]],[[126.35486,35.55931],[126.35597,35.56042],[126.35736,35.55958],[126.35709,35.55792],[126.35486,35.55931]],[[126.34597,35.56292],[126.34625,35.56458],[126.34875,35.56514],[126.3482,35.56292],[126.34597,35.56292]],[[126.28986,35.61069],[126.28736,35.61514],[126.29181,35.62069],[126.29459,35.61403],[126.28986,35.61069]],[[126.36764,35.62569],[126.36958,35.62597],[126.37041,35.62375],[126.36819,35.62181],[126.36764,35.62569]],[[126.36625,35.81042],[126.36903,35.82319],[126.37486,35.82014],[126.38264,35.80236],[126.37403,35.79958],[126.36625,35.81042]],[[126.33764,35.85181],[126.3457,35.85431],[126.35375,35.85431],[126.35653,35.84764],[126.33764,35.85181]],[[126.36764,35.85347],[126.38708,35.85597],[126.38014,35.84708],[126.35847,35.84792],[126.36764,35.85347]],[[126.33041,35.85486],[126.33292,35.85569],[126.33403,35.85347],[126.32986,35.85209],[126.33041,35.85486]],[[126.32708,35.85209],[126.31347,35.85569],[126.31403,35.85931],[126.32569,35.85653],[126.32708,35.85209]],[[126.29125,36.26097],[126.29208,36.25958],[126.29041,36.25597],[126.28819,36.26014],[126.29125,36.26097]],[[126.29569,36.29458],[126.29569,36.29208],[126.29347,36.29153],[126.29459,36.29486],[126.29569,36.29458]],[[126.31958,36.30042],[126.32014,36.29958],[126.31986,36.29819],[126.31875,36.29875],[126.31958,36.30042]],[[126.32986,36.30514],[126.32569,36.30486],[126.32736,36.30653],[126.32819,36.30625],[126.32986,36.30514]],[[126.35291,36.31208],[126.3568,36.30931],[126.34653,36.30903],[126.34764,36.31181],[126.35291,36.31208]],[[126.34348,36.31375],[126.34486,36.3143],[126.34625,36.31347],[126.34597,36.31208],[126.34348,36.31375]],[[126.34014,36.33764],[126.3557,36.35653],[126.37097,36.33486],[126.36264,36.33403],[126.36153,36.32625],[126.34764,36.33153],[126.34264,36.3257],[126.34014,36.33764]],[[126.32986,36.35792],[126.32792,36.35792],[126.33041,36.36125],[126.3318,36.36097],[126.32986,36.35792]],[[126.3343,36.38097],[126.33486,36.37875],[126.33292,36.37764],[126.33264,36.38097],[126.3343,36.38097]],[[126.37125,36.38986],[126.36653,36.37847],[126.36181,36.37958],[126.36514,36.39347],[126.37125,36.38986]],[[126.3493,36.40542],[126.35597,36.39958],[126.3393,36.39542],[126.33598,36.38403],[126.33598,36.39958],[126.3493,36.40542]],[[126.3343,36.40208],[126.33459,36.40514],[126.33791,36.4043],[126.33875,36.40319],[126.3343,36.40208]],[[126.30375,36.4557],[126.30959,36.45458],[126.30486,36.44931],[126.30347,36.44931],[126.30375,36.4557]],[[126.42764,36.39903],[126.41209,36.40319],[126.41042,36.41319],[126.39764,36.41319],[126.40153,36.41958],[126.38125,36.41986],[126.3718,36.41047],[126.36125,36.41514],[126.35986,36.42375],[126.35042,36.42486],[126.36125,36.44069],[126.3318,36.43708],[126.3393,36.47153],[126.32486,36.46819],[126.33625,36.49292],[126.32569,36.51958],[126.3318,36.55597],[126.31208,36.57042],[126.31236,36.58597],[126.31519482337737,36.58868802107786],[126.3168,36.58792],[126.32216688691858,36.5953728169676],[126.3393,36.6118],[126.35653,36.61708],[126.37653,36.58847],[126.37597,36.57875],[126.35986,36.57042],[126.37542,36.56458],[126.37653,36.5368],[126.38736,36.52514],[126.37875,36.51764],[126.40236,36.50708],[126.39875,36.48986],[126.41042,36.49264],[126.40875,36.47709],[126.41792,36.46486],[126.40736,36.45264],[126.43236,36.43764],[126.42792,36.43236],[126.43514,36.4193],[126.42152,36.41069],[126.42764,36.39903]],[[126.37375,36.61847],[126.37569,36.6193],[126.37625,36.61653],[126.37403,36.61681],[126.37375,36.61847]],[[126.31486,36.86292],[126.30736,36.86292],[126.30736,36.86542],[126.31125,36.86542],[126.31486,36.86292]],[[126.36236,36.87208],[126.36375,36.87125],[126.36264,36.8693],[126.36125,36.86986],[126.36236,36.87208]],[[126.32764,36.91514],[126.3382,36.91347],[126.3457,36.90125],[126.33319,36.90292],[126.32764,36.91514]],[[126.35458,36.91708],[126.35069,36.91875],[126.35431,36.91875],[126.35431,36.91847],[126.35458,36.91708]],[[126.30597,36.93347],[126.3093,36.92958],[126.30903,36.9282],[126.30486,36.92958],[126.30597,36.93347]],[[126.33652,36.93264],[126.33625,36.94014],[126.34541,36.92319],[126.34541,36.92153],[126.33652,36.93264]],[[126.3568,36.92986],[126.35236,36.92958],[126.35403,36.93264],[126.3568,36.93236],[126.3568,36.92986]],[[126.31403,36.9393],[126.30791,36.93597],[126.3093,36.94236],[126.31153,36.9432],[126.31403,36.9393]],[[126.33542,36.97181],[126.33652,36.97042],[126.33625,36.96931],[126.3343,36.97042],[126.33542,36.97181]],[[126.30125,37.12597],[126.29903,37.12486],[126.29708,37.12792],[126.30375,37.12958],[126.30125,37.12597]],[[126.30014,37.14014],[126.30764,37.13736],[126.30791,37.13042],[126.30319,37.13097],[126.30014,37.14014]],[[126.34959,37.15042],[126.34847,37.14875],[126.3457,37.14875],[126.34541,37.14986],[126.34959,37.15042]],[[126.3243,37.15542],[126.32291,37.15042],[126.31736,37.15208],[126.31847,37.15375],[126.3243,37.15542]],[[126.31347,37.17264],[126.32597,37.16125],[126.32097,37.15597],[126.29403,37.16319],[126.28986,37.17458],[126.29514,37.17569],[126.31347,37.17264]],[[126.36653,37.19181],[126.36819,37.19181],[126.36875,37.19014],[126.36625,37.19097],[126.36653,37.19181]],[[126.36208,37.21208],[126.36486,37.21125],[126.36625,37.20903],[126.36153,37.20792],[126.36208,37.21208]],[[126.34959,37.2593],[126.3418,37.24903],[126.31458,37.2443],[126.28014,37.25847],[126.28042,37.27153],[126.28902,37.27042],[126.3318,37.25625],[126.33514,37.26375],[126.34959,37.2593]],[[126.30319,37.49903],[126.30569,37.50403],[126.31153,37.50403],[126.31181,37.50347],[126.30319,37.49903]],[[126.33347,37.50236],[126.32903,37.49931],[126.32458,37.50125],[126.33514,37.50458],[126.33347,37.50236]],[[126.32403,37.51292],[126.32458,37.51069],[126.32236,37.50958],[126.32097,37.5132],[126.32403,37.51292]],[[126.38458,37.53931],[126.38541,37.52986],[126.33625,37.53014],[126.32542,37.52208],[126.32931,37.53986],[126.30959,37.5607],[126.3382,37.55264],[126.3532,37.53569],[126.38458,37.53931]],[[126.30125,37.67681],[126.30125,37.67375],[126.29819,37.67569],[126.3007,37.67708],[126.30125,37.67681]],[[126.37458,37.6932],[126.37486,37.69069],[126.37108996767985,37.69176992349479],[126.36979515932973,37.693032099411255],[126.37125,37.69431],[126.37458,37.6932]],[[126.31903,37.73125],[126.31931,37.71181],[126.34153,37.69792],[126.36792,37.69486],[126.36979515932973,37.693032099411255],[126.36903,37.69236],[126.37108996767985,37.69176992349479],[126.37903,37.68403],[126.37486,37.66681],[126.34264,37.65014],[126.34264,37.6432],[126.32569,37.65264],[126.32848,37.67014],[126.32042,37.6818],[126.26903,37.70903],[126.28514,37.71375],[126.28597,37.74236],[126.32014,37.75319],[126.33041,37.74625],[126.31903,37.73125]],[[126.32597,37.71403],[126.33041,37.71403],[126.33153,37.71208],[126.32542,37.71097],[126.32597,37.71403]],[[126.37791,33.96625],[126.37986,33.96653],[126.37959,33.96403],[126.37708,33.96375],[126.37791,33.96625]],[[126.37791,33.99153],[126.37986,33.99181],[126.37959,33.99097],[126.37791,33.9907],[126.37791,33.99153]],[[126.39403,33.99403],[126.39236,33.99347],[126.39291,33.99514],[126.3943,33.99514],[126.39403,33.99403]],[[126.47542,34.17125],[126.47903,34.17181],[126.4818,34.16875],[126.47791,34.16292],[126.47542,34.17125]],[[126.45097,34.1707],[126.45292,34.17319],[126.45625,34.16875],[126.45597,34.16681],[126.45097,34.1707]],[[126.47903,34.17653],[126.47125,34.19097],[126.48319,34.19236],[126.48681,34.18681],[126.47903,34.17653]],[[126.44681,34.18903],[126.4482,34.18875],[126.44847,34.18764],[126.44736,34.18708],[126.44681,34.18903]],[[126.38042,34.22736],[126.38292,34.22764],[126.38514,34.22542],[126.38153,34.22375],[126.38042,34.22736]],[[126.40598,34.2243],[126.4032,34.22403],[126.40652,34.22875],[126.40958,34.22875],[126.40598,34.2243]],[[126.41736,34.23708],[126.42014,34.23792],[126.42319,34.22458],[126.4182,34.22264],[126.41736,34.23708]],[[126.44791,34.26347],[126.45486,34.26403],[126.45264,34.25986],[126.44458,34.26042],[126.44791,34.26347]],[[126.42319,34.26375],[126.42542,34.26764],[126.42819,34.26764],[126.42819,34.26431],[126.42319,34.26375]],[[126.42236,34.27042],[126.4257,34.27208],[126.42903,34.2718],[126.42931,34.26986],[126.42236,34.27042]],[[126.4493,34.27291],[126.45181,34.27431],[126.45458,34.27208],[126.45069,34.27014],[126.4493,34.27291]],[[126.46625,34.27625],[126.47014,34.28764],[126.47708,34.28959],[126.47736,34.28264],[126.46625,34.27625]],[[126.46597,34.33986],[126.4657,34.34542],[126.47791,34.34431],[126.4743,34.33042],[126.46597,34.33986]],[[126.46152,34.36208],[126.46181,34.36347],[126.46291,34.36319],[126.46291,34.3618],[126.46152,34.36208]],[[126.47125,34.37125],[126.4718,34.37264],[126.4743,34.37236],[126.47459,34.37042],[126.47125,34.37125]],[[126.46902,34.38236],[126.47041,34.38236],[126.47041,34.38014],[126.46819,34.3807],[126.46902,34.38236]],[[126.45986,34.42653],[126.46375,34.42958],[126.46597,34.42736],[126.46014,34.42514],[126.45986,34.42653]],[[126.44125,34.43431],[126.44236,34.43264],[126.4343,34.42931],[126.43542,34.43542],[126.44125,34.43431]],[[126.43181,34.43597],[126.43125,34.43986],[126.43569,34.43681],[126.42875,34.43319],[126.43181,34.43597]],[[126.42431,34.44431],[126.42514,34.4468],[126.42958,34.44431],[126.42986,34.4432],[126.42431,34.44431]],[[126.41348,34.45458],[126.41402,34.45625],[126.41959,34.45736],[126.41986,34.45125],[126.41348,34.45458]],[[126.4118,34.45986],[126.41348,34.46653],[126.41847,34.46069],[126.41847,34.45847],[126.4118,34.45986]],[[126.45403,34.5368],[126.45792,34.53708],[126.45764,34.53458],[126.45236,34.53514],[126.45403,34.5368]],[[126.42264,34.53625],[126.42403,34.53819],[126.42542,34.53819],[126.42458,34.53597],[126.42264,34.53625]],[[126.43236,34.54486],[126.43653,34.54625],[126.43673932813135,34.54147283300222],[126.4361123348683,34.539707125170345],[126.4343,34.53931],[126.43236,34.54486]],[[126.44041,34.67569],[126.44319,34.67792],[126.44347,34.6743],[126.4418,34.67347],[126.44041,34.67569]],[[126.38653,34.69792],[126.38431,34.69847],[126.38541,34.69958],[126.3868,34.69875],[126.38653,34.69792]],[[126.38125,34.7093],[126.38264,34.7093],[126.38292,34.70792],[126.38125,34.70736],[126.38125,34.7093]],[[126.41236,34.71181],[126.41458,34.71292],[126.41514,34.71181],[126.41264,34.71041],[126.41236,34.71181]],[[126.37903,34.71458],[126.37653,34.71125],[126.37403,34.71041],[126.37681,34.71458],[126.37903,34.71458]],[[126.38958,34.71292],[126.39069,34.71347],[126.39208,34.71264],[126.39208,34.71181],[126.38958,34.71292]],[[126.43792,34.7318],[126.44041,34.73236],[126.44209,34.72986],[126.43819,34.72653],[126.43792,34.7318]],[[126.42014,34.73153],[126.41986,34.73264],[126.42125,34.7332],[126.42208,34.73208],[126.42014,34.73153]],[[126.3782,34.76958],[126.3793,34.76931],[126.37986,34.76847],[126.37708,34.7682],[126.3782,34.76958]],[[126.39709,34.85847],[126.39764,34.85931],[126.39848,34.85903],[126.39875,34.85736],[126.39709,34.85847]],[[126.38847,34.85792],[126.3868,34.85875],[126.3857,34.86264],[126.38819,34.85986],[126.38847,34.85792]],[[126.38625,34.88708],[126.38736,34.88681],[126.38764,34.88625],[126.38514,34.88542],[126.38625,34.88708]],[[126.38486,34.92236],[126.38458,34.9207],[126.38264,34.92042],[126.38236,34.92097],[126.38486,34.92236]],[[126.37736,34.95958],[126.3793,34.95986],[126.37736,34.95792],[126.37653,34.95819],[126.37736,34.95958]],[[126.3932,35.37486],[126.39902,35.37597],[126.39736,35.37125],[126.39264,35.37264],[126.3932,35.37486]],[[126.3968,35.38319],[126.39875,35.38375],[126.39958,35.38125],[126.39848,35.3807],[126.3968,35.38319]],[[126.42875,35.44042],[126.42542,35.44097],[126.4268,35.44181],[126.42847,35.44125],[126.42875,35.44042]],[[126.4268,35.44792],[126.42764,35.45014],[126.42875,35.44931],[126.42958,35.44764],[126.4268,35.44792]],[[126.43931,35.54486],[126.44125,35.54542],[126.44292,35.54514],[126.44264,35.54319],[126.43931,35.54486]],[[126.4568,35.67486],[126.45736,35.67625],[126.46042,35.67653],[126.4593,35.67375],[126.4568,35.67486]],[[126.46542,35.67792],[126.46291,35.67875],[126.4632,35.68236],[126.46542,35.67903],[126.46542,35.67792]],[[126.45986,35.72903],[126.46291,35.72958],[126.46125,35.72625],[126.45875,35.72625],[126.45986,35.72903]],[[126.45042,35.73736],[126.43819,35.73986],[126.44958,35.74875],[126.46208,35.73542],[126.45431,35.72792],[126.45042,35.73736]],[[126.46208,35.73847],[126.46347,35.74208],[126.4718,35.74042],[126.47292,35.73875],[126.46208,35.73847]],[[126.46236,35.74847],[126.46736,35.75208],[126.47125,35.74764],[126.47097,35.74681],[126.46236,35.74847]],[[126.4118,35.79764],[126.40791,35.80125],[126.40903,35.80236],[126.41348,35.80208],[126.4118,35.79764]],[[126.41792,35.80958],[126.42764,35.80514],[126.42958,35.81375],[126.43375,35.80625],[126.44125,35.81153],[126.44209,35.80375],[126.41792,35.79319],[126.41792,35.80958]],[[126.40472970781923,35.81575467227729],[126.40459,35.81625],[126.40500803216713,35.81569094493311],[126.40472970781923,35.81575467227729]],[[126.41236,35.82486],[126.39819,35.82597],[126.40736,35.83292],[126.42625,35.81792],[126.40153,35.80375],[126.40236,35.81181],[126.3943,35.80792],[126.3868,35.81986],[126.40472970781923,35.81575467227729],[126.40514,35.8143],[126.40681,35.81458],[126.40542,35.81514],[126.40500803216713,35.81569094493311],[126.40986,35.81458],[126.41236,35.82486]],[[126.40652,35.82097],[126.40791,35.8218],[126.40875,35.82153],[126.41014,35.82042],[126.40652,35.82097]],[[126.45403,35.81653],[126.45875,35.80875],[126.44791,35.80736],[126.44319,35.81403],[126.45236,35.81986],[126.44041,35.83181],[126.47652,35.82347],[126.50819,35.87264],[126.49847,35.84375],[126.47958,35.82375],[126.48847,35.81569],[126.46958,35.81014],[126.46208,35.81931],[126.45403,35.81653]],[[126.48292,35.84681],[126.48236,35.84458],[126.48402,35.84208],[126.47292,35.8418],[126.48292,35.84681]],[[126.44681,35.84903],[126.44458,35.8493],[126.44569,35.85097],[126.44708,35.85014],[126.44681,35.84903]],[[126.3943,35.85431],[126.40708,35.85958],[126.42653,35.85764],[126.43347,35.85542],[126.3943,35.85431]],[[126.43625,36.08764],[126.44653,36.08153],[126.44542,36.07542],[126.42986,36.08042],[126.43625,36.08764]],[[126.38514,36.26097],[126.3868,36.26125],[126.38764,36.2593],[126.38625,36.25875],[126.38514,36.26097]],[[126.3968,36.33931],[126.39764,36.33847],[126.39736,36.33708],[126.39486,36.33847],[126.3968,36.33931]],[[126.43069,36.38514],[126.43958,36.37486],[126.43181,36.36819],[126.45903,36.36292],[126.45903,36.35375],[126.38347,36.36736],[126.38514,36.38042],[126.39709,36.38181],[126.41764,36.3693],[126.41209,36.38153],[126.43069,36.38514]],[[126.40514,36.38125],[126.40681,36.38125],[126.4082,36.37958],[126.40459,36.38042],[126.40514,36.38125]],[[126.44569,36.38986],[126.44791,36.38319],[126.45653,36.37903],[126.43958,36.37903],[126.43847,36.38764],[126.44569,36.38986]],[[126.41209,36.38653],[126.4093,36.38736],[126.4107,36.38903],[126.41375,36.38875],[126.41209,36.38653]],[[126.39153,36.38847],[126.39181,36.39097],[126.39403,36.39014],[126.39458,36.38875],[126.39153,36.38847]],[[126.40041,36.39903],[126.40569,36.39708],[126.40652,36.39486],[126.40264,36.39597],[126.40041,36.39903]],[[126.41402,36.39847],[126.41514,36.39653],[126.41125,36.3968],[126.4107,36.39903],[126.41402,36.39847]],[[126.43708,36.40097],[126.43792,36.39875],[126.42931,36.3968],[126.43097,36.40014],[126.43708,36.40097]],[[126.45486,36.40597],[126.45875,36.40403],[126.45875,36.40181],[126.45403,36.40458],[126.45486,36.40597]],[[126.44097,36.40542],[126.43958,36.40375],[126.43542,36.40486],[126.43681,36.40792],[126.44097,36.40542]],[[126.39014,36.40708],[126.38875,36.40681],[126.38903,36.40931],[126.39403,36.41208],[126.39014,36.40708]],[[126.45792,36.41153],[126.4593,36.40792],[126.45486,36.40958],[126.45653,36.41153],[126.45792,36.41153]],[[126.46986,36.41097],[126.47097,36.40903],[126.46597,36.4082],[126.46764,36.41125],[126.46986,36.41097]],[[126.46458,36.41403],[126.46653,36.41375],[126.46653,36.41125],[126.46514,36.41069],[126.46458,36.41403]],[[126.46291,36.42042],[126.46486,36.41847],[126.46458,36.4157],[126.46181,36.41903],[126.46291,36.42042]],[[126.42819,36.45208],[126.42847,36.4507],[126.42625,36.45042],[126.4268,36.45292],[126.42819,36.45208]],[[126.43542,36.46458],[126.43542,36.46347],[126.43208,36.46347],[126.43236,36.46458],[126.43542,36.46458]],[[126.42347,36.46514],[126.42347,36.46431],[126.4193,36.46431],[126.41986,36.46875],[126.42347,36.46514]],[[126.41875,36.4743],[126.41875,36.47292],[126.41514,36.47014],[126.4157,36.47292],[126.41875,36.4743]],[[126.43903,36.52125],[126.44292,36.52014],[126.44403,36.51569],[126.43875,36.51569],[126.43903,36.52125]],[[126.42903,36.52625],[126.42847,36.52375],[126.42625,36.52375],[126.42764,36.52625],[126.42903,36.52625]],[[126.43291,36.52542],[126.43042,36.52514],[126.42986,36.52625],[126.43236,36.52764],[126.43291,36.52542]],[[126.38319,36.60764],[126.38625,36.60125],[126.37986,36.59097],[126.37486,36.59708],[126.38319,36.60764]],[[126.38319,36.89264],[126.38653,36.89264],[126.38708,36.88875],[126.38236,36.88764],[126.38319,36.89264]],[[126.37764,36.92903],[126.39042,36.92403],[126.39069,36.92208],[126.37097,36.91736],[126.37014,36.92653],[126.37764,36.92903]],[[126.38875,36.9282],[126.39042,36.92764],[126.38931,36.92653],[126.38792,36.92653],[126.38875,36.9282]],[[126.45431,37.01764],[126.45264,37.01375],[126.44681,37.02458],[126.44986,37.0257],[126.45431,37.01764]],[[126.42542,37.02625],[126.43181,37.02291],[126.43403,37.02014],[126.42208,37.02403],[126.42542,37.02625]],[[126.3857,37.02625],[126.38847,37.02708],[126.38875,37.02347],[126.38375,37.02125],[126.3857,37.02625]],[[126.43958,37.03375],[126.44625,37.03347],[126.44847,37.03069],[126.43681,37.03292],[126.43958,37.03375]],[[126.45319,37.04236],[126.45375,37.03208],[126.44014,37.03542],[126.4407,37.03875],[126.45319,37.04236]],[[126.41792,37.06292],[126.42819,37.06486],[126.44514,37.06153],[126.45069,37.04403],[126.42069,37.04125],[126.41792,37.06292]],[[126.41236,37.05264],[126.41042,37.05208],[126.40986,37.05292],[126.4118,37.05514],[126.41236,37.05264]],[[126.46597,37.08181],[126.46514,37.08014],[126.46264,37.08153],[126.4643,37.08375],[126.46597,37.08181]],[[126.45458,37.09014],[126.45903,37.09347],[126.46098,37.09097],[126.46208,37.08764],[126.45458,37.09014]],[[126.45014,37.10431],[126.45403,37.09708],[126.4493,37.09486],[126.44625,37.10014],[126.45014,37.10431]],[[126.39458,37.11319],[126.39236,37.09847],[126.37986,37.10292],[126.37875,37.11236],[126.38653,37.11681],[126.39458,37.11319]],[[126.45348,37.11375],[126.45514,37.11097],[126.45208,37.10931],[126.45153,37.11125],[126.45348,37.11375]],[[126.45514,37.11597],[126.45236,37.11514],[126.45236,37.11736],[126.45431,37.11764],[126.45514,37.11597]],[[126.39986,37.17681],[126.4018,37.17569],[126.4018,37.17458],[126.39736,37.17597],[126.39986,37.17681]],[[126.38097,37.20486],[126.38153,37.20681],[126.38541,37.20653],[126.38541,37.20542],[126.38097,37.20486]],[[126.37653,37.20819],[126.37791,37.2057],[126.37403,37.20681],[126.37597,37.20986],[126.37653,37.20819]],[[126.39403,37.24377],[126.39848,37.24014],[126.38319,37.23986],[126.39125,37.24569],[126.39403,37.24377]],[[126.47403,37.28764],[126.50236,37.27431],[126.50125,37.25625],[126.47569,37.25292],[126.48736,37.24097],[126.47125,37.24014],[126.47403,37.23292],[126.45986,37.22347],[126.45319,37.22264],[126.45264,37.23069],[126.43264,37.23042],[126.43625,37.24625],[126.42764,37.26292],[126.43569,37.26597],[126.43403,37.27514],[126.44875,37.27847],[126.45014,37.27319],[126.4493,37.28764],[126.47403,37.28764]],[[126.4418,37.3618],[126.4418,37.36014],[126.43931,37.36125],[126.43986,37.36236],[126.4418,37.3618]],[[126.44653,37.37486],[126.44708,37.36986],[126.44014,37.37097],[126.44209,37.37486],[126.44653,37.37486]],[[126.4082,37.38875],[126.39569,37.39125],[126.40931,37.41292],[126.42736,37.39014],[126.44264,37.38625],[126.43375,37.36819],[126.41292,37.36597],[126.4082,37.38875]],[[126.39375,37.40569],[126.39736,37.4043],[126.38958,37.39542],[126.38875,37.40292],[126.39375,37.40569]],[[126.43625,37.40597],[126.44125,37.40597],[126.44236,37.40486],[126.43931,37.40319],[126.43625,37.40597]],[[126.42208,37.51736],[126.42625,37.51792],[126.42653,37.51625],[126.42208,37.51653],[126.42208,37.51736]],[[126.47041,37.51153],[126.44681,37.51986],[126.42903,37.5168],[126.43125,37.5257],[126.46236,37.54458],[126.47403,37.53819],[126.47403,37.52847],[126.4657,37.52792],[126.47041,37.51153]],[[126.40375,37.53597],[126.41375,37.53847],[126.41319,37.52681],[126.40403,37.52653],[126.40375,37.53597]],[[126.41681,37.53653],[126.42792,37.54819],[126.44264,37.54458],[126.41875,37.51764],[126.41681,37.53653]],[[126.39653,37.53486],[126.39764,37.53264],[126.39597,37.53208],[126.39458,37.53458],[126.39653,37.53486]],[[126.41014,37.6543],[126.38736,37.69903],[126.35931,37.70292],[126.35236,37.71153],[126.35792,37.76375],[126.35014,37.79042],[126.38708,37.80625],[126.39597,37.82319],[126.41653,37.8218],[126.42875,37.83097],[126.50625,37.78375],[126.5118,37.76208],[126.52625,37.74792],[126.51319,37.71653],[126.52541,37.70208],[126.51708,37.67542],[126.53264,37.66403],[126.52264,37.65375],[126.5357,37.61764],[126.51125,37.59625],[126.4807,37.60486],[126.47264,37.59681],[126.46236,37.59986],[126.46236,37.58875],[126.4107,37.59347],[126.36847,37.61431],[126.37764,37.61792],[126.36542,37.63542],[126.39902,37.64042],[126.41014,37.6543]],[[126.51681,33.22014],[126.51847,33.21542],[126.51236,33.2168],[126.51514,33.22014],[126.51681,33.22014]],[[126.65791,33.22319],[126.65236,33.22319],[126.65292,33.22625],[126.65652,33.22681],[126.65791,33.22319]],[[126.56764,33.22792],[126.56875,33.22514],[126.56347,33.22486],[126.56514,33.22792],[126.56764,33.22792]],[[126.50014,33.22903],[126.49819,33.22875],[126.49816199621073,33.22879938850108],[126.50008491437954,33.229140171240914],[126.50014,33.22903]],[[126.60347,33.23042],[126.60347,33.22903],[126.59597,33.2282],[126.5993,33.23264],[126.60347,33.23042]],[[126.26347,33.21014],[126.24931,33.21208],[126.22931,33.2407],[126.20069,33.24625],[126.16847,33.27458],[126.1607,33.29042],[126.16708,33.29792],[126.16097,33.33347],[126.1657,33.34292],[126.17986,33.34653],[126.18014,33.35903],[126.20181,33.36542],[126.2218,33.39097],[126.23458,33.38931],[126.25597,33.40653],[126.26264,33.43681],[126.30625,33.45042],[126.31347,33.46986],[126.33791,33.46736],[126.38597,33.49014],[126.39986,33.48347],[126.42375,33.49569],[126.45208,33.49736],[126.49347,33.52153],[126.51153,33.51542],[126.53542,33.52403],[126.52903,33.51792],[126.54153,33.52986],[126.5507,33.52097],[126.56847,33.52903],[126.58598,33.5257],[126.59541,33.53792],[126.63541,33.53653],[126.6443,33.55597],[126.66653,33.54264],[126.6768,33.55264],[126.68958,33.54875],[126.72598,33.5607],[126.75958,33.55736],[126.76514,33.56625],[126.7843,33.56569],[126.79736,33.55569],[126.82097,33.56153],[126.83264,33.53986],[126.85902,33.52514],[126.88014,33.53181],[126.9043,33.52486],[126.89875,33.51181],[126.91292,33.50792],[126.91375,33.49542],[126.9018,33.48236],[126.92042,33.46958],[126.92764,33.47347],[126.9182,33.45319],[126.92875,33.45792],[126.92597,33.46903],[126.93569,33.47875],[126.94681,33.45625],[126.9332,33.46041],[126.92403,33.45319],[126.92125,33.43986],[126.93542,33.42597],[126.92931,33.42236],[126.92319,33.43486],[126.91625,33.43403],[126.91903,33.42708],[126.9032,33.40264],[126.90652,33.39125],[126.87097,33.37181],[126.8568,33.33764],[126.83681,33.32792],[126.84847,33.32597],[126.8482,33.31958],[126.83014,33.30569],[126.77653,33.30653],[126.74347,33.27764],[126.73319,33.28153],[126.67764,33.2668],[126.6607,33.26653],[126.66348,33.26958],[126.65903,33.27375],[126.6607,33.26875],[126.62236,33.25069],[126.61903,33.24153],[126.59986,33.23542],[126.57792,33.24458],[126.56819,33.24208],[126.57181,33.23486],[126.5657,33.23264],[126.56097,33.24014],[126.52042,33.2407],[126.51041,33.23097],[126.50008491437954,33.229140171240914],[126.49903,33.23125],[126.49709,33.23069],[126.49816199621073,33.22879938850108],[126.47125,33.22403],[126.45181,33.24042],[126.43291,33.23236],[126.40903,33.24486],[126.3793,33.23042],[126.32764,33.24042],[126.29486,33.22236],[126.29514,33.19597],[126.28042,33.20042],[126.27042,33.19486],[126.26097,33.20014],[126.26347,33.21014]],[[126.53958,33.53181],[126.5407,33.53236],[126.5368,33.52597],[126.53542,33.5257],[126.53958,33.53181]],[[126.69292,33.55708],[126.69653,33.55764],[126.69597,33.55653],[126.69486,33.55542],[126.69292,33.55708]],[[126.63653,33.91819],[126.63597,33.92208],[126.6368,33.92153],[126.64291,33.92097],[126.63653,33.91819]],[[126.58986,34.10486],[126.58514,34.11347],[126.59264,34.11431],[126.6032,34.10403],[126.60458,34.09708],[126.58292,34.09875],[126.58986,34.10486]],[[126.57514,34.11431],[126.57625,34.11403],[126.57708,34.11375],[126.57681,34.11264],[126.57514,34.11431]],[[126.51764,34.11708],[126.51875,34.11903],[126.51986,34.11792],[126.5193,34.11653],[126.51764,34.11708]],[[126.57291,34.1268],[126.57375,34.12847],[126.57458,34.12819],[126.57403,34.12653],[126.57291,34.1268]],[[126.56625,34.13292],[126.56958,34.13597],[126.57264,34.12958],[126.56625,34.12764],[126.56625,34.13292]],[[126.49208,34.14097],[126.49181,34.14264],[126.49319,34.1432],[126.49319,34.14125],[126.49208,34.14097]],[[126.49625,34.14069],[126.49653,34.14347],[126.49764,34.14375],[126.49931,34.14208],[126.49625,34.14069]],[[126.58764,34.14292],[126.58625,34.14514],[126.58847,34.14458],[126.5893,34.1432],[126.58764,34.14292]],[[126.4882,34.14486],[126.48959,34.14542],[126.49153,34.14542],[126.49069,34.14347],[126.4882,34.14486]],[[126.49181,34.14708],[126.48959,34.1468],[126.48986,34.14847],[126.49153,34.14791],[126.49181,34.14708]],[[126.58514,34.16986],[126.62097,34.16514],[126.62431,34.15653],[126.61542,34.14819],[126.60375,34.16042],[126.6032,34.14569],[126.59097,34.16347],[126.57848,34.15764],[126.57653,34.14458],[126.56625,34.14431],[126.54652,34.12625],[126.51236,34.12153],[126.50347,34.13875],[126.50903,34.14403],[126.5043,34.16042],[126.54041,34.18208],[126.55542,34.16819],[126.57014,34.1707],[126.57542,34.16097],[126.58514,34.16986]],[[126.58514,34.15458],[126.58681,34.15597],[126.58736,34.15292],[126.58569,34.15264],[126.58514,34.15458]],[[126.6832,34.14903],[126.68042,34.13958],[126.66875,34.14292],[126.67014,34.11986],[126.6607,34.11069],[126.65014,34.11486],[126.64958,34.13042],[126.63708,34.12208],[126.62764,34.14625],[126.65208,34.1693],[126.63292,34.18736],[126.64236,34.18653],[126.6507,34.19986],[126.68486,34.18125],[126.65569,34.17097],[126.66875,34.1618],[126.6693,34.14931],[126.6832,34.14903]],[[126.61125,34.17347],[126.61292,34.17319],[126.61292,34.17181],[126.61069,34.17208],[126.61125,34.17347]],[[126.5582,34.17125],[126.56153,34.17569],[126.56486,34.17319],[126.56764,34.17236],[126.5582,34.17125]],[[126.59125,34.17458],[126.5918,34.17569],[126.5957,34.17569],[126.59514,34.17292],[126.59125,34.17458]],[[126.6218,34.18597],[126.62542,34.1857],[126.62458,34.18431],[126.62097,34.18514],[126.6218,34.18597]],[[126.58375,34.18597],[126.58569,34.18681],[126.58625,34.18403],[126.58375,34.18375],[126.58375,34.18597]],[[126.51014,34.18625],[126.48597,34.1782],[126.50625,34.20458],[126.51903,34.19792],[126.51014,34.18625]],[[126.61708,34.19486],[126.61986,34.1968],[126.6218,34.19653],[126.62153,34.19375],[126.61708,34.19486]],[[126.62625,34.19819],[126.62791,34.19847],[126.62986,34.1968],[126.62959,34.19597],[126.62625,34.19819]],[[126.48708,34.19847],[126.49431,34.19958],[126.49486,34.1968],[126.48681,34.19708],[126.48708,34.19847]],[[126.53875,34.20319],[126.5432,34.20542],[126.54681,34.19931],[126.53931,34.19764],[126.53875,34.20319]],[[126.55319,34.23403],[126.56597,34.23514],[126.5732,34.22236],[126.57875,34.22875],[126.60819,34.22375],[126.62514,34.20542],[126.61514,34.19569],[126.6032,34.19986],[126.61597,34.18264],[126.57958,34.18958],[126.57625,34.18403],[126.58569,34.17958],[126.5907,34.17375],[126.58708,34.17236],[126.56319,34.17736],[126.56208,34.18903],[126.54764,34.1893],[126.55653,34.19486],[126.55236,34.20597],[126.56431,34.21181],[126.55403,34.21181],[126.55681,34.21847],[126.56625,34.21931],[126.56236,34.23236],[126.55319,34.23403]],[[126.63125,34.20819],[126.63625,34.20875],[126.63931,34.20486],[126.63264,34.20347],[126.63125,34.20819]],[[126.62681,34.20903],[126.62375,34.20792],[126.62542,34.21097],[126.62736,34.21097],[126.62681,34.20903]],[[126.51264,34.21153],[126.51569,34.21736],[126.51542,34.20847],[126.50875,34.20847],[126.51264,34.21153]],[[126.61875,34.22181],[126.61819,34.22375],[126.62097,34.22375],[126.62125,34.22236],[126.61875,34.22181]],[[126.5818,34.23764],[126.58125,34.24097],[126.58236,34.24125],[126.58319,34.23819],[126.5818,34.23764]],[[126.59847,34.24653],[126.61597,34.25042],[126.62625,34.23764],[126.59319,34.23403],[126.59847,34.24653]],[[126.56097,34.24736],[126.56347,34.24875],[126.57014,34.24569],[126.56597,34.24097],[126.56097,34.24736]],[[126.53875,34.27625],[126.54125,34.28292],[126.56347,34.28375],[126.57153,34.27708],[126.53875,34.27625]],[[126.60736,34.2907],[126.6132,34.29319],[126.61097,34.28181],[126.60597,34.28125],[126.60736,34.2907]],[[126.62209,34.29208],[126.62375,34.29236],[126.62431,34.2907],[126.62264,34.28986],[126.62209,34.29208]],[[126.58598,34.2943],[126.57403,34.28708],[126.59486,34.30458],[126.59348,34.28986],[126.58598,34.2943]],[[126.50792,34.29653],[126.50625,34.29986],[126.51125,34.30292],[126.50931,34.29708],[126.50792,34.29653]],[[126.60902,34.31014],[126.61069,34.31125],[126.61181,34.30958],[126.60958,34.30847],[126.60902,34.31014]],[[126.50097,34.31319],[126.50014,34.31653],[126.5043,34.31875],[126.50459,34.31486],[126.50097,34.31319]],[[126.60375,34.33736],[126.60486,34.33736],[126.60514,34.33597],[126.60431,34.33569],[126.60375,34.33736]],[[126.61597,34.3382],[126.61764,34.34042],[126.61931,34.33903],[126.61875,34.33681],[126.61597,34.3382]],[[126.73097,34.35236],[126.75042,34.31875],[126.77236,34.31236],[126.76153,34.30042],[126.77708,34.28708],[126.74764,34.29153],[126.73514,34.30458],[126.73708,34.28625],[126.71069,34.29736],[126.69431,34.29208],[126.66875,34.32347],[126.65347,34.33097],[126.64347,34.32736],[126.64875,34.33514],[126.64125,34.34097],[126.64514,34.36792],[126.63931,34.38292],[126.64931,34.39292],[126.68597,34.40292],[126.72958,34.38042],[126.73097,34.35236]],[[126.73514,34.36042],[126.73764,34.36125],[126.7393,34.3582],[126.73569,34.35708],[126.73514,34.36042]],[[126.6282,34.39403],[126.62625,34.40153],[126.6443,34.39847],[126.6443,34.39514],[126.6368,34.38736],[126.63931,34.39375],[126.6282,34.39403]],[[126.64486,34.40403],[126.64514,34.40486],[126.64736,34.40458],[126.64736,34.40347],[126.64486,34.40403]],[[126.70042,34.41319],[126.71125,34.41819],[126.72514,34.41319],[126.72764,34.40708],[126.70042,34.41319]],[[126.69125,34.42042],[126.69292,34.42181],[126.69431,34.42125],[126.69431,34.41958],[126.69125,34.42042]],[[126.68459,34.41958],[126.68403,34.42153],[126.68708,34.42292],[126.69014,34.4207],[126.68459,34.41958]],[[126.70292,34.43514],[126.71486,34.4357],[126.71014,34.43292],[126.70264,34.43431],[126.70292,34.43514]],[[126.48042,35.53514],[126.48236,35.53486],[126.48375,35.53292],[126.47986,35.53403],[126.48042,35.53514]],[[126.48431,35.53736],[126.4782,35.53903],[126.48125,35.54181],[126.48486,35.54042],[126.48431,35.53736]],[[126.58681,35.57431],[126.58764,35.57375],[126.5907,35.57014],[126.58598,35.56847],[126.58681,35.57431]],[[126.48486,35.66486],[126.48625,35.66542],[126.48792,35.66069],[126.48125,35.66042],[126.48486,35.66486]],[[126.50625,35.76236],[126.48681,35.80069],[126.4882,35.80181],[126.49236,35.79847],[126.50625,35.76236]],[[126.59736,35.93875],[126.5993,35.93847],[126.5993,35.93597],[126.59736,35.93625],[126.59736,35.93875]],[[126.54514,35.94569],[126.54459,35.94903],[126.54708,35.94847],[126.54792,35.9468],[126.54514,35.94569]],[[126.55264,35.95542],[126.54736,35.9557],[126.54597,35.96347],[126.55264,35.96069],[126.55264,35.95542]],[[126.49347,35.97903],[126.49069,35.9782],[126.4957,35.98292],[126.49764,35.9832],[126.49347,35.97903]],[[126.68931,35.99125],[126.68819,35.99347],[126.69964362511833,35.99294284570585],[126.69881055145669,35.99252648323118],[126.69264,35.9907],[126.68931,35.99125]],[[126.52125,35.98819],[126.58652,35.99125],[126.58542,35.99931],[126.58903,35.99014],[126.52125,35.98819]],[[126.60125,35.99847],[126.60709,35.99986],[126.60264,35.99569],[126.60958,35.99403],[126.60208,35.98986],[126.58986,35.99042],[126.60069,35.99125],[126.60125,35.99847]],[[126.52458,36.03597],[126.52486,36.03403],[126.5218,36.03403],[126.52292,36.03625],[126.52458,36.03597]],[[126.62959,36.03708],[126.63153,36.03708],[126.63181,36.03486],[126.6293,36.03542],[126.62959,36.03708]],[[126.52986,36.04042],[126.53152,36.03597],[126.52514,36.03764],[126.52625,36.03986],[126.52986,36.04042]],[[126.55403,36.04681],[126.55681,36.03181],[126.53986,36.03597],[126.54486,36.04403],[126.55403,36.04681]],[[126.53875,36.04486],[126.53902,36.04708],[126.54153,36.04625],[126.54181,36.04486],[126.53875,36.04486]],[[126.61597,36.06736],[126.61625,36.06486],[126.61347,36.0643],[126.61347,36.06653],[126.61597,36.06736]],[[126.57653,36.12597],[126.57597,36.12569],[126.57792,36.12708],[126.57848,36.12597],[126.57653,36.12597]],[[126.55264,36.12931],[126.55319,36.12542],[126.5507,36.12431],[126.54931,36.12792],[126.55264,36.12931]],[[126.48486,36.13847],[126.48597,36.13764],[126.48597,36.13653],[126.48431,36.13708],[126.48486,36.13847]],[[126.50625,36.2132],[126.50625,36.21069],[126.50514,36.21014],[126.50403,36.21236],[126.50625,36.2132]],[[126.51681,36.2168],[126.51903,36.21653],[126.51903,36.21431],[126.51653,36.21569],[126.51681,36.2168]],[[126.52847,36.21847],[126.52625,36.21931],[126.52708,36.22014],[126.52847,36.21986],[126.52847,36.21847]],[[126.52348,36.2443],[126.51736,36.24097],[126.51764,36.2443],[126.52375,36.24597],[126.52348,36.2443]],[[126.50486,36.37153],[126.50819,36.37181],[126.50903,36.36903],[126.5043,36.36958],[126.50486,36.37153]],[[126.55791,36.4593],[126.55236,36.45542],[126.54931,36.46514],[126.5582,36.47097],[126.55791,36.4593]],[[126.48542,36.52097],[126.48764,36.51958],[126.48264,36.51653],[126.48264,36.52125],[126.48542,36.52097]],[[126.72708,37.01153],[126.72764,37.01403],[126.72958,37.01264],[126.72847,37.01125],[126.72708,37.01153]],[[126.73903,37.04014],[126.74181,37.03847],[126.73653,37.03931],[126.73708,37.04042],[126.73903,37.04014]],[[126.73236,37.04486],[126.72764,37.04542],[126.72931,37.04708],[126.7307,37.04708],[126.73236,37.04486]],[[126.71958,37.0493],[126.72041,37.04597],[126.72569,37.0443],[126.7218,37.04375],[126.71931,37.04597],[126.71958,37.0493]],[[126.55458,37.07125],[126.55875,37.06097],[126.54931,37.05153],[126.55514,37.06375],[126.55458,37.07125]],[[126.48764,37.07681],[126.48681,37.07431],[126.48431,37.07514],[126.48597,37.07986],[126.48764,37.07681]],[[126.53736,37.09375],[126.5357,37.11514],[126.54264,37.10958],[126.54125,37.09347],[126.53736,37.09375]],[[126.73514,37.11319],[126.73681,37.1118],[126.72958,37.11125],[126.73097,37.11319],[126.73514,37.11319]],[[126.61514,37.12542],[126.62125,37.12014],[126.62681,37.1193],[126.61014,37.11736],[126.61514,37.12542]],[[126.61569,37.17375],[126.62097,37.17847],[126.63236,37.17569],[126.61875,37.15903],[126.61569,37.17375]],[[126.63375,37.18819],[126.63292,37.18625],[126.63097,37.18625],[126.63264,37.18819],[126.63375,37.18819]],[[126.57764,37.20236],[126.57347,37.20236],[126.57347,37.20319],[126.57708,37.20292],[126.57764,37.20236]],[[126.49847,37.24236],[126.49958,37.24403],[126.5032,37.24319],[126.50403,37.24208],[126.49847,37.24236]],[[126.53403,37.24792],[126.53291,37.22764],[126.52402,37.23514],[126.51097,37.22847],[126.5257,37.23764],[126.5257,37.24569],[126.51153,37.25458],[126.51791,37.26181],[126.53403,37.24792]],[[126.65125,37.25097],[126.65569,37.24875],[126.6532,37.23958],[126.64902,37.24403],[126.65125,37.25097]],[[126.6282,37.24986],[126.63014,37.25042],[126.63153,37.24958],[126.62764,37.24847],[126.6282,37.24986]],[[126.67819,37.25681],[126.67597,37.25792],[126.67653,37.25903],[126.67792,37.25875],[126.67819,37.25681]],[[126.50819,37.27653],[126.50847,37.27014],[126.50625,37.26625],[126.50708,37.27625],[126.50819,37.27653]],[[126.68042,37.28292],[126.67986,37.27458],[126.66736,37.27458],[126.67292,37.28264],[126.68042,37.28292]],[[126.74597,37.28264],[126.73319,37.28347],[126.73847,37.28931],[126.74375,37.28903],[126.74597,37.28264]],[[126.60653,37.3143],[126.60458,37.31514],[126.6057,37.31736],[126.60764,37.31653],[126.60653,37.3143]],[[126.51041,37.36014],[126.51569,37.36069],[126.51375,37.3568],[126.50847,37.35764],[126.51041,37.36014]],[[126.66153,37.3918],[126.66431,37.38931],[126.6607,37.38653],[126.65791,37.39014],[126.66153,37.3918]],[[126.59319,37.33708],[126.58264,37.33736],[126.59153,37.33958],[126.59708,37.35514],[126.64542,37.34819],[126.68347,37.38625],[126.64069,37.41292],[126.63069,37.44903],[126.62542,37.42958],[126.61014,37.42903],[126.61181,37.45236],[126.6032,37.44153],[126.58625,37.43875],[126.60069,37.45681],[126.59209,37.46486],[126.59847,37.46514],[126.59486,37.47208],[126.6032,37.48486],[126.63486,37.49486],[126.64792,37.49153],[126.63819,37.5057],[126.62403,37.49597],[126.61264,37.49625],[126.61292,37.5057],[126.60347,37.5057],[126.60264,37.49875],[126.60125,37.51097],[126.6132,37.50736],[126.60264,37.5132],[126.61264,37.51569],[126.61097,37.52625],[126.59792,37.5368],[126.60514,37.53931],[126.6057,37.55125],[126.5657,37.53875],[126.54236,37.52042],[126.56486,37.5168],[126.58208,37.48931],[126.5582,37.47736],[126.53709,37.48292],[126.44319,37.4207],[126.41292,37.41597],[126.41653,37.43264],[126.40652,37.43819],[126.39347,37.43125],[126.40292,37.43903],[126.39792,37.44514],[126.38097,37.43458],[126.36375,37.44153],[126.37292,37.4468],[126.35625,37.46236],[126.36125,37.47458],[126.37653,37.47375],[126.4182,37.49736],[126.47708,37.49958],[126.49125,37.50764],[126.49986,37.53125],[126.51736,37.53431],[126.52514,37.52431],[126.54097,37.52153],[126.56458,37.53931],[126.60597,37.55292],[126.58903,37.56319],[126.58125,37.57986],[126.55959,37.60069],[126.53152,37.65403],[126.54403,37.66292],[126.52736,37.67292],[126.53264,37.69903],[126.52125,37.71569],[126.53042,37.74958],[126.51875,37.76431],[126.54097,37.77042],[126.54375,37.78083],[126.56513,37.76733],[126.60282,37.7629],[126.63534,37.78359],[126.66711,37.78506],[126.68924,37.85895],[126.69527,37.91129],[126.68578,37.95237],[126.784,37.96796],[126.85652,38.03467],[126.88202,38.09124],[126.97116,38.14318],[126.96199,38.1579],[126.96451,38.18052],[126.98715,38.20691],[127.00598,38.22215],[127.01659,38.23742],[127.13235,38.30494],[127.16795,38.30177],[127.23874,38.32727],[127.27487,38.3229],[127.29181,38.31295],[127.40125,38.33114],[127.49892,38.29782],[127.58607,38.33311],[127.61362,38.32115],[127.68185,38.31897],[127.70255,38.32993],[127.76379,38.3275],[127.79066,38.33913],[127.82943,38.3008],[127.87099,38.31004],[127.89333,38.3287],[127.9599,38.31337],[127.97874,38.31701],[128.04695,38.305],[128.07831,38.30883],[128.10983,38.32916],[128.14517,38.33145],[128.21703,38.37654],[128.23067,38.39412],[128.28918,38.43443],[128.31207,38.47272],[128.30966,38.48475],[128.32069,38.5109],[128.31511,38.58635],[128.35959,38.61208],[128.37291,38.58958],[128.4118,38.55625],[128.40625,38.54208],[128.41763,38.52375],[128.42458,38.52431],[128.41875,38.51181],[128.43069,38.50486],[128.42931,38.49125],[128.46848,38.4507],[128.45653,38.44653],[128.45403,38.43736],[128.47653,38.40569],[128.47264,38.39931],[128.4807,38.40097],[128.51292,38.37264],[128.50653,38.3618],[128.53125,38.32764],[128.52708,38.32069],[128.55153,38.30403],[128.54514,38.30069],[128.55208,38.29625],[128.54875,38.28597],[128.56985,38.24653],[128.55959,38.23958],[128.57153,38.24458],[128.60265,38.21375],[128.60292,38.20486],[128.59486,38.21041],[128.59514,38.2007],[128.61542,38.18153],[128.6057,38.17319],[128.61264,38.15458],[128.60791,38.15153],[128.64264,38.10847],[128.64153,38.08847],[128.63319,38.07986],[128.64236,38.08625],[128.64847,38.10375],[128.68015,38.0793],[128.67319,38.0793],[128.67708,38.06486],[128.68959,38.05069],[128.71652,38.02764],[128.73653,38.02208],[128.73125,38.00625],[128.76459,37.98014],[128.75931,37.97514],[128.76625,37.97181],[128.7693,37.94903],[128.78653,37.94736],[128.79459,37.92847],[128.83098,37.90653],[128.83041,37.88347],[128.84903,37.86819],[128.84764,37.8618],[128.92291,37.79153],[128.95514,37.77319],[128.95181,37.7668],[129.05875,37.67375],[129.05792,37.6582],[129.04431,37.63875],[129.05098,37.62625],[129.05681,37.6268],[129.06487,37.6232],[129.05458,37.62569],[129.07764,37.60097],[129.11874,37.57625],[129.12263,37.55653],[129.11958,37.5407],[129.11458,37.55125],[129.11264,37.54014],[129.1293,37.51181],[129.14764,37.49958],[129.13486,37.50319],[129.13597,37.49542],[129.12514,37.48986],[129.14487,37.49597],[129.19069,37.45181],[129.19431,37.43125],[129.19153,37.43347],[129.18097,37.4318],[129.17319,37.4357],[129.17236,37.43486],[129.18069,37.43069],[129.19208,37.43208],[129.19958,37.41375],[129.23569,37.38903],[129.23459,37.38236],[129.23848,37.39014],[129.25986,37.38097],[129.25153,37.36319],[129.26764,37.34458],[129.26764,37.32319],[129.29903,37.31125],[129.30292,37.29042],[129.32097,37.28986],[129.32568878170412,37.284858194311454],[129.32513,37.28403],[129.32791,37.28236],[129.32793455994502,37.282477718357086],[129.33014,37.28014],[129.32736,37.26486],[129.35709,37.23597],[129.34097,37.22375],[129.34903,37.21153],[129.34152,37.17736],[129.35126,37.16486],[129.37486,37.13597],[129.37625,37.10181],[129.43181,37.05736],[129.41486,37.05431],[129.41792,37.03486],[129.40987,37.02264],[129.41986,36.99292],[129.40015,36.96486],[129.41319,36.96903],[129.42014,36.95125],[129.41542,36.90736],[129.42097,36.89597],[129.41515,36.88903],[129.42152,36.86319],[129.45264,36.82458],[129.44569,36.82681],[129.47874,36.76792],[129.46764,36.75764],[129.47069,36.73431],[129.47736,36.73347],[129.4718,36.72125],[129.47765,36.69931],[129.45764,36.67208],[129.45876,36.68125],[129.43791,36.67097],[129.41264,36.62264],[129.41681,36.60125],[129.40958,36.59347],[129.42403,36.56708],[129.42041,36.56292],[129.42041,36.5568],[129.42986,36.56486],[129.44098,36.55236],[129.44403,36.51292],[129.45348,36.50903],[129.44569,36.48903],[129.43347,36.4818],[129.4368,36.42681],[129.39153,36.35847],[129.38153,36.35875],[129.38431,36.3732],[129.37625,36.37986],[129.38069,36.3582],[129.38931,36.35708],[129.37958,36.33208],[129.37459,36.28597],[129.38181,36.27431],[129.3732,36.25292],[129.38625,36.24042],[129.38153,36.22986],[129.38736,36.22264],[129.37152,36.20153],[129.38042,36.18792],[129.39514,36.18264],[129.40015,36.13097],[129.43597,36.11347],[129.43015,36.09625],[129.41736,36.08708],[129.41931,36.07458],[129.38264,36.06292],[129.38208,36.04903],[129.37791,36.05097],[129.3732,36.05042],[129.3707,36.03875],[129.37598,36.05014],[129.38625,36.02875],[129.40402,36.03875],[129.43153,36.03069],[129.40764,36.02903],[129.39319,36.01264],[129.40819,36.00986],[129.41792,36.01792],[129.42375,36.01347],[129.41624,36.00625],[129.4207,35.99958],[129.45013,35.99097],[129.45876,36.00375],[129.50291,36.02514],[129.50348,36.03653],[129.52403,36.05847],[129.53348,36.05792],[129.54709,36.08569],[129.55875,36.08736],[129.56152,36.07875],[129.57124,36.07819],[129.58403,36.04597],[129.57736,36.02458],[129.58458,36.01653],[129.56653,35.99708],[129.56847,35.98958],[129.55264,35.98625],[129.55902,35.98347],[129.55208,35.97903],[129.55597,35.96764],[129.54764,35.96431],[129.54958,35.95181],[129.53958,35.94903],[129.53098,35.93125],[129.51848,35.92903],[129.53458,35.90125],[129.52542,35.89486],[129.52875,35.87542],[129.52319,35.88153],[129.51848,35.87431],[129.53542,35.87042],[129.5193,35.84875],[129.52235,35.83681],[129.50931,35.82403],[129.5132,35.8068],[129.50487,35.80819],[129.5018,35.79292],[129.49181,35.78792],[129.49847,35.77153],[129.49542,35.75208],[129.4843,35.74347],[129.48264,35.70903],[129.47264,35.70375],[129.4782,35.69069],[129.46597,35.67958],[129.46597,35.6657],[129.4532,35.66459],[129.44958,35.64764],[129.44153,35.64431],[129.45226,35.61486],[129.46486,35.60486],[129.46513,35.58625],[129.4532,35.57958],[129.45876,35.55236],[129.4507,35.52847],[129.43987,35.52708],[129.44792,35.52625],[129.44597,35.51264],[129.43263,35.50792],[129.44376,35.5018],[129.43153,35.49347],[129.44653,35.49181],[129.43541,35.48014],[129.42487,35.48375],[129.4057,35.47236],[129.40736,35.49403],[129.39514,35.5018],[129.39403,35.52042],[129.37125,35.5443],[129.35042,35.54736],[129.37791,35.52903],[129.37709,35.5182],[129.38652,35.5168],[129.38625,35.50125],[129.36986,35.50014],[129.36514,35.50403],[129.36458,35.50319],[129.37013,35.49792],[129.38042,35.50014],[129.39209,35.48625],[129.39264,35.47709],[129.38847,35.4868],[129.38042,35.47097],[129.36264,35.46014],[129.37291,35.45181],[129.37236,35.45014],[129.35513,35.45875],[129.33681,35.48264],[129.32903,35.48347],[129.34598,35.46625],[129.3468,35.44708],[129.35902,35.44764],[129.35431,35.43847],[129.3643,35.44264],[129.36874,35.44958],[129.36986,35.44847],[129.36375,35.43903],[129.36819,35.43153],[129.35153,35.42097],[129.36348,35.40597],[129.35208,35.40236],[129.35597,35.39375],[129.3443,35.3807],[129.36319,35.35903],[129.34541,35.35125],[129.33624,35.35625],[129.32486,35.34599],[129.2993,35.3182],[129.28098,35.32625],[129.26402,35.31792],[129.25626,35.27458],[129.23375,35.26236],[129.25375,35.26042],[129.25403,35.24653],[129.24513,35.24375],[129.25014,35.24014],[129.23514,35.21569],[129.22874,35.22458],[129.22237,35.21292],[129.23209,35.20153],[129.22485,35.18542],[129.20013,35.17958],[129.1918,35.15875],[129.14291,35.15403],[129.11403,35.19264],[129.13542,35.15708],[129.11736,35.15208],[129.11098,35.13542],[129.1207,35.13403],[129.12987,35.11792],[129.12653,35.09708],[129.10597,35.10236],[129.09459,35.09653],[129.09209,35.10847],[129.08986,35.10292],[129.06931,35.10514],[129.07208,35.12181],[129.06541,35.12625],[129.05515,35.11764],[129.05069,35.12208],[129.05319,35.1157],[129.0407,35.10609],[129.03287677923737,35.0940701800997],[129.03125,35.09347],[129.03167014821602,35.09221627772335],[129.0267,35.08458],[129.02431,35.07542],[129.01625,35.07514],[129.02347,35.06208],[129.01402,35.05208],[129.0043,35.08375],[128.99292,35.08208],[129.00264,35.04847],[128.99265,35.04486],[128.99097,35.05764],[128.9807,35.0607],[128.97319,35.05431],[128.9843,35.05347],[128.98291,35.04625],[128.97069,35.04736],[128.97792,35.03931],[128.96542,35.03208],[128.96848,35.04486],[128.95847,35.0493],[128.95013,35.07958],[128.95598,35.10597],[128.94986,35.10653],[128.94041,35.08125],[128.93236,35.09042],[128.93791,35.10736],[128.9332,35.10986],[128.91235,35.07847],[128.89487,35.07847],[128.9057,35.11792],[128.89458,35.12125],[128.88431,35.07847],[128.83308,35.08792],[128.82153,35.09708],[128.78487,35.07875],[128.79015,35.09486],[128.80208,35.09792],[128.78847,35.09764],[128.79124,35.10209],[128.78819,35.10736],[128.79124,35.11431],[128.79181,35.11847],[128.7907,35.11958],[128.77264,35.09847],[128.76236,35.10486],[128.7632,35.09375],[128.74014,35.09986],[128.72847,35.08986],[128.7243,35.09708],[128.71404,35.09514],[128.71097,35.10736],[128.69514,35.09653],[128.68541,35.10708],[128.70348,35.12375],[128.68791,35.14042],[128.68903,35.14931],[128.67041,35.14292],[128.67792,35.1268],[128.66653,35.11792],[128.65875,35.13653],[128.6557,35.13181],[128.64291,35.1382],[128.64597,35.14986],[128.6268,35.14764],[128.62209,35.13208],[128.60652,35.13708],[128.61458,35.14653],[128.60959,35.16292],[128.59264,35.17403],[128.58958,35.19958],[128.6093,35.21236],[128.61041,35.21181],[128.62375,35.21236],[128.63319,35.21819],[128.63292,35.22097],[128.58624,35.20958],[128.56514,35.18597],[128.57986,35.17292],[128.5732,35.16764],[128.57681,35.16153],[128.59152,35.15792],[128.58765,35.1468],[128.59875,35.14208],[128.58765,35.1307],[128.5757,35.13736],[128.58237,35.12847],[128.60097,35.13181],[128.58292,35.1157],[128.60014,35.11958],[128.60153,35.10236],[128.62737,35.08541],[128.60265,35.07514],[128.63542,35.0682],[128.57263,35.05292],[128.59459,35.06903],[128.58765,35.07264],[128.58041,35.0643],[128.56847,35.07014],[128.56152,35.06375],[128.56792,35.0532],[128.55569,35.0532],[128.54208,35.06903],[128.56097,35.06681],[128.56153796921558,35.07259593100193],[128.5632,35.07264],[128.56291,35.07375],[128.56165125706215,35.07375],[128.56236,35.08097],[128.58264,35.09097],[128.54625,35.09236],[128.54208,35.10181],[128.54848,35.10708],[128.53931,35.10736],[128.53792,35.11986],[128.51764,35.09792],[128.48514,35.10875],[128.48569,35.10153],[128.47485,35.09792],[128.4507,35.10569],[128.44902,35.09597],[128.47986,35.07819],[128.46848,35.08153],[128.46181,35.07125],[128.4418,35.07153],[128.42792,35.05458],[128.4157,35.05458],[128.41208,35.06236],[128.38319,35.0457],[128.36569,35.04764],[128.38264,35.03542],[128.36958,35.03125],[128.37598,35.02403],[128.35902,35.01653],[128.3593,35.01014],[128.3882,35.01708],[128.38931,35.03486],[128.39931,35.0407],[128.43875,35.0457],[128.44931,35.05236],[128.44208,35.06014],[128.44624,35.06903],[128.46042,35.06347],[128.46902,35.07597],[128.48236,35.06458],[128.47514,35.05403],[128.48264,35.05236],[128.47903,35.04625],[128.46486,35.0493],[128.46014,35.04681],[128.47319,35.03569],[128.47485,35.04153],[128.48569,35.03875],[128.48125,35.02875],[128.50209,35.01569],[128.49236,35.00486],[128.48347,35.00958],[128.47792,34.99264],[128.46347,34.99708],[128.46458,34.98819],[128.40791,34.99514],[128.40819,34.98264],[128.42876,34.98625],[128.44431,34.97653],[128.42348,34.95681],[128.42958,34.95458],[128.42514,34.93986],[128.43597,34.93097],[128.42876,34.9282],[128.42876,34.91459],[128.41792,34.91014],[128.42625,34.90347],[128.41986,34.8968],[128.4218,34.87264],[128.43292,34.87764],[128.43153,34.88847],[128.44542,34.88847],[128.4393,34.89375],[128.45125,34.90319],[128.44041,34.91375],[128.45348,34.91459],[128.46042,34.90486],[128.45403,34.90097],[128.47542,34.89042],[128.46736,34.87042],[128.45625,34.88208],[128.45625,34.86514],[128.44708,34.86625],[128.45236,34.84653],[128.41069,34.83458],[128.43375,34.8307],[128.43431,34.82486],[128.43987,34.82903],[128.44237,34.82097],[128.44208,34.80292],[128.43263,34.80792],[128.43124,34.80264],[128.44014,34.79403],[128.42014,34.79153],[128.43625,34.78097],[128.42403,34.76153],[128.39764,34.76486],[128.3968,34.77958],[128.3882,34.77625],[128.39125,34.78653],[128.38235,34.79708],[128.3757,34.78875],[128.36375,34.79542],[128.37209,34.8032],[128.37737,34.79903],[128.37903,34.81486],[128.35847,34.82597],[128.33624,34.81709],[128.33014,34.82625],[128.33736,34.82708],[128.3343,34.83486],[128.33986,34.82986],[128.33736,34.84236],[128.3443,34.83264],[128.35431,34.84292],[128.35542,34.83264],[128.37848,34.82986],[128.38597,34.81319],[128.38347,34.82847],[128.3907,34.82208],[128.40347,34.83014],[128.40402,34.83236],[128.38042,34.83569],[128.38847,34.84208],[128.37459,34.84125],[128.3707,34.85125],[128.38902,34.86319],[128.41986,34.86208],[128.38652,34.86736],[128.39041,34.87347],[128.38126,34.8732],[128.38513,34.88153],[128.38069,34.88792],[128.37764,34.88181],[128.36931,34.88542],[128.37347,34.86903],[128.35625,34.87125],[128.35069,34.88653],[128.34653,34.87264],[128.34152,34.88181],[128.32791,34.87569],[128.32764,34.88653],[128.32014,34.87931],[128.30875,34.88486],[128.30875,34.89347],[128.29736,34.89986],[128.30597,34.90792],[128.35513,34.9082],[128.35014,34.92319],[128.33542,34.92097],[128.34541,34.93514],[128.33485,34.93625],[128.34181,34.9432],[128.32959,34.9468],[128.3318,34.95625],[128.31792,34.96181],[128.32097,34.94431],[128.29958,34.93653],[128.30237,34.91431],[128.28958,34.90958],[128.28209,34.91597],[128.28319,34.90458],[128.27319,34.89958],[128.27597,34.90986],[128.26598,34.9118],[128.2637589720415,34.91630639624026],[128.26402,34.91736],[128.26293322266002,34.9179818159007],[128.25735,34.92931],[128.26167642791904,34.92952379473095],[128.26181,34.9282],[128.2632,34.9282],[128.2633743773249,34.92960770058659],[128.26848,34.92986],[128.26709,34.93958],[128.24875,34.94208],[128.2457,34.93597],[128.23987,34.94514],[128.19624,34.93708],[128.20459,34.92597],[128.19681,34.91236],[128.2007,34.8932],[128.18709,34.89347],[128.1882,34.90597],[128.18263,34.89514],[128.17569,34.90736],[128.17653,34.89514],[128.16708,34.90208],[128.1657,34.8968],[128.15625,34.90875],[128.13235,34.88875],[128.12181,34.90486],[128.11069,34.90264],[128.10292,34.91153],[128.1207,34.92292],[128.09792,34.92014],[128.09514,34.92597],[128.08708,34.91792],[128.09013,34.92653],[128.05125,34.92903],[128.02931,34.95819],[128.05292,34.97792],[128.03819,34.99653],[128.04903,35.0168],[128.03514,35.02375],[128.04875,35.07014],[128.06097,35.07875],[128.05624,35.08847],[128.04987,35.07764],[128.03569,35.07792],[128.03876,35.09292],[128.02708,35.11069],[128.03764,35.0918],[128.03319,35.0793],[128.04208,35.07208],[128.02542,35.05542],[128.03125,35.05042],[128.02625,35.03292],[128.02042,35.02764],[128.00569,35.03292],[128.01791,35.03959],[128.01097,35.04903],[128.01125,35.03819],[127.98597,35.04625],[127.9807,35.03542],[127.9732,35.03792],[127.97875,35.03153],[127.9968,35.03764],[128.00874,35.02264],[128.00735,35.0132],[128.0193,35.01097],[128.01514,34.99153],[128.00764,34.99514],[128.00819,34.9818],[128.00542,34.98792],[127.99958,34.98347],[127.99792,34.99569],[127.99458,34.98431],[127.98569,34.98764],[127.99153,34.98125],[127.98319,34.97569],[127.96902,34.99625],[127.94736,34.98347],[127.95264,34.97597],[127.93681,34.98069],[127.94375,34.98431],[127.93181,34.99292],[127.94403,34.99931],[127.93569,34.9982],[127.94041,35.00431],[127.92403,35.0168],[127.91486,35.01292],[127.92236,35.00514],[127.91875,34.98153],[127.90847,34.98403],[127.91209,34.97264],[127.9018,34.97181],[127.89709,34.95681],[127.87875,34.94819],[127.84764,34.94653],[127.84514,34.95986],[127.83847,34.95458],[127.83319,34.96403],[127.82291,34.94097],[127.81792,34.94931],[127.78542,34.94069],[127.77135,34.96542],[127.75958,34.97125],[127.75403,34.96181],[127.73431,34.95653],[127.73375,34.9818],[127.71875,34.99958],[127.7318,34.9543],[127.71181,34.93597],[127.69041,34.92931],[127.69264,34.91459],[127.65958,34.90347],[127.64902,34.89125],[127.63875,34.90375],[127.62569,34.90264],[127.63903,34.88792],[127.62403,34.90292],[127.6443,34.90708],[127.62236,34.90514],[127.60625,34.92486],[127.60792,34.94625],[127.60042,34.95208],[127.59903,34.92597],[127.57848,34.92208],[127.59236,34.91764],[127.6143,34.89208],[127.60291,34.90153],[127.60375,34.88653],[127.59708,34.89653],[127.59125,34.89292],[127.59736,34.88625],[127.58041,34.89486],[127.5743,34.88931],[127.59431,34.88292],[127.59042,34.87264],[127.60625,34.85181],[127.6368,34.84597],[127.62681,34.83458],[127.63819,34.8218],[127.64098,34.83236],[127.66375,34.82486],[127.6757,34.83347],[127.67347,34.84042],[127.67542,34.84514],[127.67653,34.83625],[127.6907,34.84042],[127.70042,34.85292],[127.69514,34.86431],[127.70153,34.85625],[127.73514,34.86458],[127.72514,34.85708],[127.74375,34.85097],[127.74236,34.85764],[127.76708,34.86486],[127.78152,34.85209],[127.77209,34.85236],[127.78291,34.84431],[127.76791,34.83181],[127.77486,34.82208],[127.76736,34.81875],[127.76903,34.80014],[127.75958,34.80069],[127.75625,34.78458],[127.74514,34.77764],[127.75569,34.73819],[127.73458,34.73819],[127.7318,34.72847],[127.6982,34.72042],[127.6618,34.75653],[127.63514,34.71903],[127.64291,34.70653],[127.62653,34.71153],[127.62653,34.71875],[127.62209,34.70736],[127.61403,34.70708],[127.6282,34.69625],[127.62375,34.68736],[127.63875,34.68403],[127.61764,34.68319],[127.64014,34.65542],[127.63403,34.65903],[127.62986,34.64958],[127.64291,34.65042],[127.63014,34.63736],[127.65153,34.63653],[127.64458,34.6268],[127.62431,34.62959],[127.61403,34.64375],[127.58847,34.65236],[127.57542,34.64875],[127.58292,34.63236],[127.58041,34.63014],[127.56514,34.65403],[127.55319,34.65847],[127.55209,34.66875],[127.56347,34.67625],[127.5518,34.67931],[127.55236,34.6932],[127.55875,34.70014],[127.57208,34.69931],[127.57986,34.69403],[127.58097,34.69486],[127.57208,34.70347],[127.56375,34.70153],[127.56375,34.70875],[127.55292,34.70042],[127.55681,34.71375],[127.54875,34.71041],[127.5507,34.71931],[127.56375,34.72403],[127.56125,34.73208],[127.57903,34.73292],[127.58264,34.74541],[127.59792,34.74292],[127.60291,34.74486],[127.58375,34.75014],[127.59042,34.75736],[127.58319,34.76903],[127.57264,34.75958],[127.57514,34.77014],[127.55875,34.77681],[127.5732,34.7832],[127.55875,34.7957],[127.55736,34.80708],[127.52431,34.80903],[127.52625,34.82319],[127.5432,34.84208],[127.5257,34.84431],[127.51486,34.86764],[127.51736,34.87931],[127.49042,34.8732],[127.49236,34.84653],[127.48514,34.83958],[127.46709,34.84458],[127.44236,34.83653],[127.43736,34.84847],[127.43347,34.83458],[127.39736,34.82486],[127.38375,34.83653],[127.35764,34.83625],[127.38264,34.82708],[127.39236,34.8143],[127.42792,34.81403],[127.39514,34.79653],[127.3868,34.77903],[127.36597,34.77958],[127.40292,34.76847],[127.37319,34.74181],[127.37708,34.72625],[127.40764,34.70458],[127.40208,34.70264],[127.40652,34.6968],[127.42431,34.69208],[127.43291,34.68042],[127.42736,34.67486],[127.44764,34.67403],[127.44514,34.66208],[127.45792,34.6693],[127.45736,34.66208],[127.46736,34.66125],[127.47097,34.66653],[127.46236,34.6707],[127.47791,34.67181],[127.46958,34.66097],[127.49125,34.64236],[127.47736,34.64791],[127.47375,34.64069],[127.46403,34.64903],[127.45903,34.64514],[127.46792,34.63708],[127.49347,34.63597],[127.50875,34.59375],[127.48792,34.58208],[127.48736,34.57347],[127.46152,34.58042],[127.46152,34.59097],[127.44431,34.57681],[127.43375,34.5882],[127.4182,34.58264],[127.40946393784213,34.587964894932014],[127.40931,34.5882],[127.40919066850407,34.58813146088439],[127.38903,34.60042],[127.39347,34.58597],[127.38292,34.59264],[127.3868,34.58681],[127.35291,34.58541],[127.36792,34.58264],[127.36459,34.57819],[127.35458,34.57847],[127.35542,34.57681],[127.39208,34.58153],[127.39375,34.56958],[127.4093,34.5793],[127.39764,34.56319],[127.36792,34.56403],[127.38181,34.56292],[127.37375,34.55264],[127.39986,34.56042],[127.42375,34.55708],[127.41681,34.5532],[127.4182,34.54764],[127.4268,34.55514],[127.42709,34.54792],[127.43208,34.55181],[127.43819,34.54819],[127.42653,34.54347],[127.43625,34.53486],[127.42236,34.53042],[127.42958,34.51181],[127.40764,34.51958],[127.40403,34.50486],[127.38903,34.51014],[127.37764,34.50347],[127.39125,34.48875],[127.38264,34.47847],[127.37986,34.48736],[127.36903,34.48042],[127.35764,34.49208],[127.3493,34.47736],[127.3407,34.48931],[127.3418,34.48014],[127.32569,34.47625],[127.33764,34.46736],[127.32264,34.46958],[127.31847,34.46181],[127.33764,34.45736],[127.3382,34.44542],[127.31792,34.44181],[127.30514,34.44875],[127.31709,34.45403],[127.30959,34.46264],[127.30236,34.45708],[127.3007,34.47042],[127.26764,34.48208],[127.27375,34.49319],[127.28236,34.49097],[127.28098,34.50236],[127.2543,34.52125],[127.24403,34.52097],[127.24375,34.51458],[127.23097,34.51792],[127.23347,34.52486],[127.22125,34.53347],[127.21403,34.52708],[127.21792,34.5332],[127.20819,34.54764],[127.2093,34.51597],[127.18236,34.53542],[127.17347,34.52014],[127.1682,34.52597],[127.13708,34.52291],[127.12153,34.52986],[127.12236,34.5407],[127.11236,34.54625],[127.11681,34.56264],[127.14569,34.58486],[127.14875,34.60069],[127.15875,34.59125],[127.17208,34.59486],[127.17236,34.62597],[127.19625,34.65042],[127.22764,34.65403],[127.23236,34.68069],[127.24375,34.68514],[127.23625,34.69264],[127.2543,34.7057],[127.25208,34.71181],[127.28069,34.71903],[127.27986,34.69931],[127.28625,34.69597],[127.2782,34.67375],[127.31375,34.66459],[127.33264,34.70764],[127.34458,34.70958],[127.33236,34.71542],[127.32569,34.7518],[127.30403,34.74958],[127.29208,34.73042],[127.27292,34.74125],[127.26319,34.73125],[127.24486,34.76014],[127.23236,34.75847],[127.21042,34.73875],[127.20653,34.71847],[127.18347,34.69375],[127.14264,34.69264],[127.12875,34.70319],[127.09764,34.67125],[127.06736,34.66347],[127.04597,34.63458],[127.01319,34.62431],[126.96653,34.62514],[126.95736,34.63181],[126.95458,34.63181],[126.97097,34.62069],[126.99431,34.6232],[126.99375,34.61514],[127.00903,34.60736],[126.99764,34.60403],[126.99236,34.58236],[126.97958,34.57458],[126.99736,34.56569],[127.00681,34.57014],[127.00542,34.55708],[126.98847,34.56125],[126.98875,34.53959],[126.97236,34.54292],[126.96014,34.53153],[126.97847,34.51181],[126.96764,34.5093],[126.96375,34.49653],[126.97625,34.48847],[126.97847,34.4707],[126.96792,34.47764],[126.96375,34.46819],[126.9557,34.46875],[126.94097,34.48986],[126.93459,34.49403],[126.94736,34.45653],[126.9332,34.4468],[126.89375,34.45903],[126.87097,34.45597],[126.88708,34.43431],[126.88541,34.42153],[126.87264,34.43736],[126.86459,34.43403],[126.84514,34.45125],[126.80681,34.45014],[126.80764,34.46847],[126.7857,34.46903],[126.79681,34.47986],[126.7868,34.51347],[126.79792,34.54792],[126.78931,34.55347],[126.79542,34.56736],[126.78625,34.57625],[126.78875,34.58653],[126.77792,34.59458],[126.77792,34.61903],[126.79041,34.63847],[126.7868,34.63986],[126.77014,34.61597],[126.76403,34.53347],[126.77292,34.52736],[126.75875,34.52431],[126.76598,34.49903],[126.73903,34.48625],[126.74903,34.47264],[126.72403,34.44292],[126.69625,34.44181],[126.68986,34.4318],[126.67431,34.42792],[126.6768,34.41597],[126.66348,34.42681],[126.65041,34.42264],[126.64486,34.40958],[126.61653,34.40236],[126.6218,34.39569],[126.61181,34.38542],[126.6207,34.37903],[126.62014,34.35847],[126.60208,34.34903],[126.60875,34.34347],[126.60014,34.33569],[126.6057,34.31486],[126.56042,34.32236],[126.54459,34.30292],[126.5218,34.29208],[126.51236,34.31875],[126.52708,34.33347],[126.52069,34.36042],[126.50542,34.36597],[126.47292,34.34819],[126.46542,34.35764],[126.46875,34.36347],[126.47847,34.35597],[126.47625,34.36486],[126.48653,34.36403],[126.47347,34.37736],[126.48125,34.38236],[126.47486,34.38125],[126.47097,34.38458],[126.49847,34.38708],[126.48708,34.40847],[126.50708,34.4007],[126.51625,34.41486],[126.50875,34.43958],[126.4968,34.43153],[126.48319,34.43403],[126.4818,34.42514],[126.45375,34.44819],[126.4643,34.4543],[126.47625,34.44931],[126.46792,34.45681],[126.47097,34.47014],[126.45541,34.47709],[126.46625,34.48375],[126.45625,34.48903],[126.46403,34.49569],[126.45625,34.50153],[126.47041,34.50875],[126.45708,34.52347],[126.4418,34.52208],[126.45986,34.53097],[126.46181,34.54403],[126.45959,34.53792],[126.45153,34.54236],[126.4482,34.53542],[126.43459,34.53542],[126.4361123348683,34.539707125170345],[126.43681,34.53986],[126.43673932813135,34.54147283300222],[126.44041,34.55181],[126.4157,34.55931],[126.41681,34.54653],[126.40208,34.54653],[126.40236,34.53819],[126.38708,34.53208],[126.37875,34.53903],[126.38847,34.55958],[126.36264,34.55875],[126.33486,34.57292],[126.31375,34.56681],[126.30375,34.57681],[126.31264,34.58764],[126.29847,34.59042],[126.29652,34.59819],[126.29208,34.5918],[126.27541,34.59653],[126.28625,34.6068],[126.28042,34.62181],[126.28931,34.62069],[126.29347,34.6307],[126.2607,34.64014],[126.26236,34.65764],[126.25514,34.66403],[126.25459,34.67931],[126.26264,34.68542],[126.25958,34.7043],[126.27402,34.71181],[126.28542,34.75764],[126.29931,34.76236],[126.31069,34.75347],[126.30708,34.74736],[126.31847,34.75042],[126.31736,34.74181],[126.32931,34.73958],[126.33097,34.72014],[126.34959,34.70792],[126.34847,34.7007],[126.33292,34.69625],[126.33486,34.67236],[126.32736,34.66375],[126.35431,34.65125],[126.3532,34.62597],[126.3707,34.61764],[126.36986,34.60431],[126.38069,34.61736],[126.39208,34.60486],[126.39069,34.60986],[126.40958,34.60708],[126.40875,34.60069],[126.45208,34.58181],[126.45014,34.58958],[126.47958,34.60153],[126.48542,34.61236],[126.47625,34.61708],[126.45486,34.60847],[126.45014,34.63375],[126.43764,34.62347],[126.42903,34.64486],[126.41764,34.64292],[126.42319,34.65875],[126.41514,34.65958],[126.41597,34.66653],[126.40681,34.66625],[126.40347,34.65542],[126.38875,34.64736],[126.37708,34.65597],[126.37431,34.6818],[126.38403,34.68153],[126.37708,34.67375],[126.38653,34.66153],[126.39569,34.67681],[126.38736,34.69625],[126.39931,34.68597],[126.40459,34.68986],[126.39653,34.70514],[126.38514,34.70708],[126.38486,34.7132],[126.39291,34.70875],[126.39653,34.71514],[126.4157,34.68458],[126.42819,34.68625],[126.42486,34.69264],[126.4332,34.70125],[126.45625,34.69847],[126.42903,34.66708],[126.44097,34.65597],[126.45125,34.65931],[126.45097,34.65153],[126.46819,34.64097],[126.50986,34.63653],[126.52653,34.62458],[126.53709,34.63625],[126.52292,34.63986],[126.52458,34.65181],[126.54792,34.64986],[126.54958,34.63847],[126.58569,34.62986],[126.62319,34.63125],[126.59348,34.63875],[126.56153,34.6582],[126.55681,34.66986],[126.56403,34.68153],[126.53875,34.68264],[126.53014,34.70653],[126.49792,34.73597],[126.4718,34.73819],[126.45653,34.72847],[126.44875,34.74292],[126.42764,34.73625],[126.42958,34.74319],[126.41402,34.74764],[126.38847,34.73153],[126.3632,34.73958],[126.36375,34.74597],[126.38375,34.74986],[126.38625,34.75986],[126.37847,34.75708],[126.38403,34.76292],[126.37875,34.76625],[126.39125,34.77042],[126.3932,34.78736],[126.36903,34.78069],[126.36153,34.80069],[126.38903,34.83514],[126.41236,34.84292],[126.39514,34.86847],[126.40208,34.87958],[126.3943,34.88236],[126.39764,34.88458],[126.41458,34.88681],[126.41708,34.88875],[126.39569,34.88597],[126.3868,34.87764],[126.39153,34.89986],[126.40041,34.89986],[126.40514,34.91097],[126.39125,34.92208],[126.39848,34.93458],[126.38792,34.94569],[126.39375,34.96375],[126.37959,34.97125],[126.37347,34.99903],[126.36708,34.99375],[126.36847,34.97458],[126.35931,34.96958],[126.36014,34.96181],[126.37514,34.95708],[126.36542,34.94292],[126.37403,34.94181],[126.36625,34.93208],[126.36847,34.9193],[126.35597,34.93014],[126.35764,34.92208],[126.34402,34.91486],[126.32958,34.91625],[126.32708,34.93042],[126.30681,34.9282],[126.30486,34.93458],[126.32069,34.94375],[126.29486,34.96569],[126.31208,34.98792],[126.30903,34.97569],[126.31903,34.98153],[126.32764,34.9668],[126.34764,34.97514],[126.35764,34.99292],[126.33292,34.99403],[126.38986,35.02403],[126.38903,35.03708],[126.38236,35.04681],[126.35181,35.03959],[126.34903,35.05736],[126.33153,35.06097],[126.34486,35.06931],[126.33264,35.0882],[126.31319,35.08181],[126.30347,35.09347],[126.3082,35.08125],[126.31792,35.07903],[126.31403,35.06736],[126.30097,35.06181],[126.31431,35.05403],[126.29652,35.04097],[126.30209,35.04625],[126.29041,35.04847],[126.29125,35.05986],[126.26292,35.0532],[126.25681,35.07903],[126.28181,35.0807],[126.24607926130132,35.0842890250925],[126.24620049358028,35.08483755523344],[126.25181,35.09792],[126.26791,35.09708],[126.24458,35.11681],[126.25236,35.1343],[126.26125,35.13181],[126.25847,35.14347],[126.27402,35.15125],[126.2793,35.13542],[126.29264,35.1418],[126.30875,35.13736],[126.30791,35.12736],[126.32153,35.12792],[126.33125,35.14208],[126.32486,35.14875],[126.34653,35.15986],[126.34708,35.13764],[126.33986,35.11736],[126.33153,35.11514],[126.33598,35.09708],[126.33041,35.09403],[126.34319,35.09208],[126.35264,35.10097],[126.34514,35.07792],[126.36597,35.0793],[126.36819,35.06236],[126.38792,35.08681],[126.40097,35.08181],[126.39098,35.07986],[126.38431,35.06736],[126.38986,35.06514],[126.3968,35.07681],[126.40764,35.06292],[126.39875,35.05292],[126.40903,35.05264],[126.39098,35.04458],[126.4018,35.04347],[126.40236,35.02792],[126.42542,35.02764],[126.41986,35.04375],[126.44319,35.0568],[126.45736,35.0757],[126.43542,35.0843],[126.45764,35.09014],[126.46458,35.10042],[126.42152,35.1068],[126.4043,35.1343],[126.38708,35.14264],[126.38347,35.15708],[126.36014,35.16819],[126.3632,35.17986],[126.35264,35.18403],[126.37125,35.18875],[126.36736,35.19653],[126.37708,35.21097],[126.35764,35.20181],[126.35931,35.20764],[126.3468,35.20958],[126.33847,35.20347],[126.34153,35.20986],[126.33569,35.21847],[126.33958,35.22292],[126.32514,35.22347],[126.33986,35.21014],[126.33986,35.20653],[126.33375,35.20347],[126.31792,35.20819],[126.31347,35.22709],[126.29986,35.23069],[126.31153,35.25319],[126.32569,35.22847],[126.34042,35.24042],[126.33347,35.25292],[126.35042,35.27097],[126.32958,35.27375],[126.33681,35.28736],[126.36875,35.28431],[126.37347,35.29875],[126.38125,35.2993],[126.37569,35.33042],[126.3968,35.3693],[126.4043,35.36319],[126.41959,35.36597],[126.42958,35.35736],[126.44653,35.35569],[126.41097,35.37486],[126.41986,35.38181],[126.40791,35.3807],[126.4018,35.39486],[126.4093,35.39903],[126.4032,35.40264],[126.40652,35.41736],[126.42264,35.42986],[126.43291,35.4286],[126.43347,35.42874],[126.4493,35.43153],[126.44653,35.43764],[126.43181,35.43208],[126.42903,35.43597],[126.46458,35.48042],[126.48486,35.52208],[126.49764,35.50986],[126.49764,35.52069],[126.51319,35.53125],[126.52959,35.53458],[126.54236,35.52542],[126.56597,35.54347],[126.59292,35.5407],[126.59541,35.52986],[126.61153,35.5607],[126.61597,35.55625],[126.61681,35.56986],[126.63319,35.57431],[126.67625,35.54458],[126.6682,35.56347],[126.67375,35.56847],[126.66153,35.57625],[126.67375,35.58541],[126.65958,35.58486],[126.63736,35.59986],[126.63431,35.59236],[126.61875,35.59431],[126.60764,35.58514],[126.59736,35.59458],[126.59292,35.58792],[126.54097,35.5882],[126.52875,35.57875],[126.51653,35.58042],[126.51625,35.58792],[126.51125,35.57875],[126.49125,35.58514],[126.47958,35.60264],[126.46653,35.59764],[126.45875,35.6118],[126.46986,35.62903],[126.45653,35.63708],[126.50181,35.65542],[126.52903,35.67708],[126.53181,35.69069],[126.55403,35.69708],[126.53264,35.72542],[126.51958,35.72986],[126.51681,35.74097],[126.53264,35.73042],[126.57042,35.68625],[126.56903,35.69403],[126.57625,35.69375],[126.62791,35.74903],[126.62681,35.78153],[126.62041,35.78708],[126.63153,35.80014],[126.65125,35.79208],[126.70014,35.79819],[126.74764,35.78792],[126.76986,35.77291],[126.7768,35.75125],[126.8018,35.74486],[126.7782,35.75542],[126.78181,35.8032],[126.75042,35.81014],[126.68459,35.84319],[126.69736,35.8568],[126.7307,35.86708],[126.78986,35.86458],[126.79958,35.87431],[126.80014,35.89208],[126.82375,35.89875],[126.82875,35.90847],[126.78709,35.90347],[126.76958,35.88931],[126.73792,35.89431],[126.71709,35.88514],[126.68264,35.89375],[126.6682,35.88319],[126.61347,35.88569],[126.61014,35.91819],[126.61681,35.93875],[126.59348,35.94792],[126.53902,35.94236],[126.52597,35.91819],[126.53486,35.94236],[126.52153,35.94764],[126.52153,35.96792],[126.52375,35.95153],[126.53875,35.94375],[126.56736,35.94625],[126.56764,35.95208],[126.54708,35.96847],[126.55986,35.97125],[126.52125,35.97292],[126.61375,35.98069],[126.62041,35.9707],[126.62209,35.97875],[126.68069,35.98347],[126.69881055145669,35.99252648323118],[126.70014,35.99292],[126.69964362511833,35.99294284570585],[126.70458,35.99541],[126.73514,35.98569],[126.74903,35.99375],[126.75653,36.01236],[126.74125,36.01807],[126.72514,36.00014],[126.67986,36.0093],[126.66653,36.00431],[126.65958,36.02875],[126.66764,36.03292],[126.64375,36.05514],[126.63264,36.05431],[126.62959,36.07847],[126.61847,36.07681],[126.62569,36.08569],[126.64291,36.08708],[126.6443,36.09347],[126.63181,36.09072],[126.63208,36.09792],[126.62097,36.10209],[126.61236,36.09597],[126.5982,36.12125],[126.57125,36.14014],[126.55653,36.12819],[126.54681,36.14403],[126.51903,36.15208],[126.50653,36.14931],[126.50347,36.12875],[126.49208,36.13708],[126.49236,36.16069],[126.51736,36.15875],[126.52541,36.16708],[126.52348,36.18625],[126.53931,36.20014],[126.5257,36.23403],[126.54819,36.2632],[126.5407,36.27736],[126.53431,36.27653],[126.53958,36.2793],[126.52708,36.29847],[126.51736,36.29736],[126.49986,36.32486],[126.55875,36.35042],[126.58041,36.34903],[126.58598,36.34486],[126.58681,36.34542],[126.57792,36.35097],[126.54569,36.35403],[126.5107,36.38042],[126.4807,36.38208],[126.48514,36.40958],[126.49931,36.42097],[126.49486,36.42597],[126.51681,36.43875],[126.53347,36.44014],[126.54041,36.45042],[126.56541,36.45208],[126.57264,36.47569],[126.5918,36.46958],[126.61264,36.4832],[126.5882,36.47569],[126.56236,36.48431],[126.52736,36.4557],[126.52402,36.44375],[126.49514,36.43292],[126.49903,36.4432],[126.48347,36.45236],[126.48959,36.46903],[126.48014,36.47764],[126.48264,36.50681],[126.50403,36.52486],[126.54236,36.50403],[126.5593,36.5057],[126.56097,36.51069],[126.54542,36.50736],[126.50459,36.53125],[126.48875,36.52042],[126.46375,36.54514],[126.4707,36.55958],[126.45541,36.59486],[126.41264,36.60458],[126.41402,36.61431],[126.40542,36.61681],[126.3643,36.62625],[126.3318,36.60875],[126.32216688691858,36.5953728169676],[126.31519482337737,36.58868802107786],[126.30403,36.59403],[126.30486,36.58514],[126.2932,36.57708],[126.28291,36.5918],[126.29014,36.60569],[126.28181,36.62236],[126.29181,36.62153],[126.28819,36.61958],[126.28986,36.61653],[126.29986,36.6232],[126.29708,36.65847],[126.28125,36.67347],[126.26569,36.6707],[126.2607,36.69069],[126.27292,36.70319],[126.27069,36.72653],[126.27847,36.72014],[126.28098,36.72709],[126.27069,36.73069],[126.25208,36.71375],[126.23597,36.71792],[126.2393,36.70236],[126.22903,36.69209],[126.20819,36.69347],[126.20959,36.68792],[126.19764,36.6857],[126.19681,36.67375],[126.15542,36.67708],[126.14653,36.70319],[126.16209,36.70764],[126.16792,36.71764],[126.1982,36.70514],[126.21542,36.70903],[126.2232,36.72097],[126.20264,36.72458],[126.21597,36.74097],[126.20292,36.73597],[126.18264,36.74514],[126.19264,36.75681],[126.15598,36.75431],[126.13958,36.76153],[126.1518,36.73014],[126.11903,36.70736],[126.13347,36.74931],[126.12431,36.74931],[126.11153,36.77319],[126.12903,36.77236],[126.13042,36.78708],[126.13486,36.78264],[126.14597,36.78986],[126.15041,36.8032],[126.14264,36.80875],[126.15459,36.81125],[126.14902,36.81597],[126.16097,36.82736],[126.14486,36.8382],[126.15403,36.83736],[126.14819,36.84653],[126.15958,36.85069],[126.16125,36.84097],[126.17181,36.84097],[126.16653,36.82986],[126.17458,36.82542],[126.17125,36.80931],[126.17847,36.81375],[126.19875,36.78236],[126.18153,36.81931],[126.19319,36.82014],[126.17819,36.83347],[126.20014,36.8568],[126.18958,36.85625],[126.19014,36.86653],[126.18236,36.87069],[126.1918,36.87653],[126.17653,36.88486],[126.19736,36.88569],[126.20264,36.90486],[126.21236,36.89819],[126.23736,36.91431],[126.25291,36.91514],[126.24819,36.90931],[126.2757,36.89819],[126.28736,36.90014],[126.28347,36.90931],[126.29347,36.92931],[126.28069,36.96347],[126.30486,36.97986],[126.30514,36.96708],[126.2932,36.96375],[126.31236,36.9557],[126.30236,36.94458],[126.29931,36.92042],[126.31986,36.90458],[126.32097,36.89153],[126.33208,36.89097],[126.31541,36.88486],[126.30319,36.86625],[126.2943,36.84292],[126.3168,36.8343],[126.28291,36.82375],[126.28597,36.8032],[126.29347,36.79792],[126.30569,36.81569],[126.33681,36.81625],[126.32569,36.82458],[126.32875,36.83458],[126.3157,36.8418],[126.33041,36.86375],[126.34736,36.86125],[126.34292,36.84681],[126.36486,36.83125],[126.35514,36.84764],[126.3707,36.85764],[126.3643,36.87653],[126.39792,36.88042],[126.39625,36.89347],[126.43125,36.90181],[126.40958,36.90764],[126.4043,36.91903],[126.41875,36.92375],[126.41847,36.93653],[126.40875,36.94014],[126.40903,36.93236],[126.39098,36.92875],[126.38125,36.94486],[126.3718,36.94653],[126.35902,36.93736],[126.36125,36.95014],[126.35152,36.95153],[126.34959,36.96125],[126.3343,36.95986],[126.33652,36.96903],[126.36264,36.96903],[126.36819,36.96403],[126.36875,36.95986],[126.37014,36.95958],[126.38764,36.97097],[126.37708,36.97236],[126.37959,36.98014],[126.37236,36.98292],[126.33041,36.98486],[126.32708,37.00042],[126.33903,36.99875],[126.33847,37.00625],[126.34375,37.00875],[126.34431,37.00208],[126.35208,37.00486],[126.35792,37.01208],[126.35014,37.02014],[126.3557,37.02319],[126.36403,37.00708],[126.38625,37.01597],[126.4082,37.01236],[126.4032,37.02431],[126.41486,37.01875],[126.41348,37.01236],[126.45819,37.00125],[126.46986,37.00736],[126.45708,37.02597],[126.46375,37.02208],[126.48431,37.04097],[126.48153,37.04875],[126.49819,37.06542],[126.51319,37.06458],[126.53986,37.03819],[126.5593,37.03708],[126.63125,37.00264],[126.69847,37.00069],[126.70458,36.99181],[126.78181,36.97681],[126.78098,36.96514],[126.80097,36.92625],[126.81069,36.92875],[126.82653,36.88625],[126.8643,36.8807],[126.90847,36.88847],[126.91077,36.89486],[126.90514,36.92458],[126.89208,36.93514],[126.83569,36.92792],[126.86708,36.93347],[126.86236,36.94931],[126.84209,36.95597],[126.82486,36.99125],[126.78931,36.99375],[126.77375,37.00347],[126.79708,37.00875],[126.79403,37.02653],[126.74847,37.0293],[126.74486,37.04292],[126.75486,37.05514],[126.70069,37.09847],[126.75736,37.05542],[126.76625,37.09625],[126.7607,37.1193],[126.78208,37.13569],[126.7932,37.12958],[126.80764,37.14069],[126.81625,37.13764],[126.80653,37.14625],[126.82848,37.15125],[126.77903,37.15181],[126.8018,37.16292],[126.79181,37.18319],[126.77708,37.16514],[126.75014,37.16708],[126.7282,37.1382],[126.69264,37.12208],[126.68847,37.10847],[126.67958,37.11514],[126.68153,37.13014],[126.66792,37.13708],[126.69153,37.15514],[126.64986,37.15403],[126.66125,37.16347],[126.64875,37.18403],[126.66097,37.19653],[126.67597,37.1968],[126.6657,37.20986],[126.6757,37.22458],[126.66597,37.22958],[126.6618,37.2443],[126.67986,37.24736],[126.68764,37.26292],[126.72542,37.25653],[126.72903,37.24736],[126.75708,37.25458],[126.76347,37.22903],[126.75736,37.22319],[126.77125,37.21569],[126.79486,37.24403],[126.78792,37.24569],[126.79764,37.25292],[126.78986,37.26764],[126.81014,37.2668],[126.80014,37.27764],[126.80375,37.28431],[126.81319,37.28708],[126.81153,37.2793],[126.8318,37.27514],[126.84847,37.25819],[126.85902,37.27319],[126.8457,37.26958],[126.81653,37.29736],[126.78375,37.29403],[126.68459,37.33236],[126.61597,37.31347],[126.58208,37.29458],[126.57125,37.2793],[126.59375,37.26236],[126.61708,37.25903],[126.62375,37.23625],[126.65153,37.22486],[126.64875,37.21181],[126.65514,37.21097],[126.64597,37.2057],[126.6468,37.19125],[126.64069,37.19653],[126.64625,37.21097],[126.62847,37.21736],[126.62236,37.23542],[126.61181,37.21792],[126.61403,37.20736],[126.58208,37.22042],[126.56264,37.19181],[126.5518,37.20514],[126.53431,37.19931],[126.54569,37.20847],[126.54264,37.21569],[126.55542,37.21569],[126.54014,37.2282],[126.56319,37.23958],[126.55764,37.2482],[126.56403,37.25653],[126.53236,37.28931],[126.56292,37.27764],[126.57653,37.28931],[126.57153,37.29764],[126.57819,37.29403],[126.61236,37.3143],[126.69153,37.33597],[126.68847,37.34875],[126.7382,37.37097],[126.74236,37.38375],[126.73375,37.38903],[126.74319,37.39791],[126.7857,37.39208],[126.76764,37.39653],[126.77153,37.40264],[126.75097,37.40153],[126.75569,37.41588],[126.74597,37.4207],[126.75236,37.41514],[126.74458,37.40708],[126.74153,37.42569],[126.7382,37.42681],[126.74347,37.40097],[126.72208,37.38236],[126.6843,37.38653],[126.65319,37.35347],[126.64902,37.3493],[126.64542,37.34736],[126.61153,37.34708],[126.60875,37.33736],[126.61014,37.34708],[126.59903,37.34681],[126.59319,37.33708]],[[126.58598,37.49903],[126.58958,37.49986],[126.59209,37.49625],[126.58542,37.49681],[126.58598,37.49903]],[[126.48875,37.51736],[126.4893,37.51514],[126.48625,37.51625],[126.48653,37.51736],[126.48875,37.51736]],[[126.57403,37.53014],[126.57931,37.52764],[126.58125,37.52458],[126.57236,37.52736],[126.57403,37.53014]],[[126.57375,37.53625],[126.57542,37.53542],[126.57542,37.53403],[126.57347,37.53431],[126.57375,37.53625]],[[126.50403,37.54097],[126.50486,37.5368],[126.50347,37.53653],[126.50097,37.54042],[126.50403,37.54097]],[[126.55764,37.5793],[126.57097,37.57375],[126.57097,37.56986],[126.55653,37.57153],[126.55764,37.5793]],[[126.50542,37.58514],[126.50375,37.59097],[126.52097,37.59847],[126.51736,37.59292],[126.52597,37.58931],[126.52541,37.58541],[126.51708,37.57958],[126.50542,37.58514]],[[126.54931,37.59319],[126.5507,37.59097],[126.54819,37.59014],[126.54708,37.59347],[126.54931,37.59319]],[[126.54903,37.60403],[126.55153,37.59986],[126.55042,37.5957],[126.54625,37.60125],[126.54903,37.60403]],[[126.53819,37.61986],[126.53931,37.62458],[126.54181,37.6232],[126.54347,37.61764],[126.53819,37.61986]],[[126.53542,37.77903],[126.53848,37.77736],[126.53958,37.77486],[126.53014,37.77792],[126.53542,37.77903]],[[126.93153,33.47736],[126.93153,33.47653],[126.92736,33.47681],[126.92819,33.47736],[126.93153,33.47736]],[[126.94431,33.49319],[126.93958,33.50597],[126.9557,33.5257],[126.96291,33.51903],[126.95819,33.51375],[126.97347,33.51458],[126.9657,33.51236],[126.97208,33.49958],[126.96625,33.48875],[126.94431,33.49319]],[[126.91431,33.96958],[126.9093,33.98403],[126.91959,33.98931],[126.93236,33.98597],[126.93764,33.97264],[126.91431,33.96958]],[[126.89902,34.14819],[126.89986,34.14819],[126.90041,34.14625],[126.89958,34.14597],[126.89902,34.14819]],[[126.74514,34.14625],[126.74403,34.15014],[126.74875,34.15625],[126.74986,34.14791],[126.74514,34.14625]],[[126.91986,34.18708],[126.9257,34.17458],[126.91847,34.1582],[126.90764,34.15014],[126.89931,34.15542],[126.88181,34.14903],[126.86486,34.16542],[126.8557,34.15042],[126.84847,34.16347],[126.85931,34.17153],[126.84708,34.17486],[126.85764,34.17792],[126.85736,34.20014],[126.89153,34.21736],[126.91153,34.21292],[126.90403,34.20236],[126.91236,34.19458],[126.90708,34.18403],[126.91986,34.18708]],[[127.0743,34.18847],[127.07681,34.18792],[127.07403,34.18403],[127.07125,34.18514],[127.0743,34.18847]],[[126.92042,34.18736],[126.92486,34.19125],[126.93014,34.18986],[126.93125,34.18847],[126.92042,34.18736]],[[126.84431,34.19181],[126.84986,34.19153],[126.84847,34.18819],[126.84402,34.19069],[126.84431,34.19181]],[[127.06847,34.19097],[127.07291,34.19375],[127.07708,34.19431],[127.0807,34.19181],[127.06847,34.19097]],[[126.74931,34.18736],[126.75042,34.20125],[126.76431,34.21125],[126.77458,34.19597],[126.76041,34.17597],[126.74931,34.18736]],[[127.07736,34.19597],[127.0743,34.19569],[127.07514,34.1968],[127.07653,34.1968],[127.07736,34.19597]],[[127.14347,34.20319],[127.14625,34.20458],[127.14931,34.20319],[127.14653,34.19986],[127.14347,34.20319]],[[126.85875,34.20264],[126.84431,34.20319],[126.84792,34.20625],[126.8482,34.20486],[126.85819,34.20403],[126.85875,34.20264]],[[127.14986,34.20597],[127.15958,34.20903],[127.17597,34.20958],[127.16764,34.20125],[127.14986,34.20597]],[[127.19791,34.21069],[127.20069,34.21069],[127.20014,34.20792],[127.19903,34.20819],[127.19791,34.21069]],[[127.00792,34.21431],[127.00931,34.21542],[127.01153,34.21403],[127.01125,34.21264],[127.00792,34.21431]],[[127.13486,34.21597],[127.13153,34.21653],[127.13264,34.2168],[127.13458,34.21653],[127.13486,34.21597]],[[126.9882,34.21875],[126.99153,34.21986],[126.99264,34.2168],[126.99014,34.21542],[126.9882,34.21875]],[[127.19347,34.22097],[127.1993,34.22319],[127.20097,34.21819],[127.19375,34.21597],[127.19347,34.22097]],[[127.21736,34.22319],[127.22014,34.22458],[127.2243,34.2243],[127.22125,34.22042],[127.21736,34.22319]],[[127.00347,34.2243],[127.01014,34.22458],[127.01292,34.22097],[127.0032,34.22208],[127.00347,34.2243]],[[126.7718,34.22181],[126.77014,34.22931],[126.77847,34.22709],[126.77847,34.22375],[126.7718,34.22181]],[[127.01598,34.23931],[127.00819,34.25514],[127.01403,34.25764],[127.02014,34.24597],[127.01598,34.23931]],[[127.0043,34.26764],[127.00625,34.2668],[127.00653,34.26375],[127.00486,34.2632],[127.0043,34.26764]],[[127.15459,34.2793],[127.15542,34.28125],[127.15708,34.27958],[127.15625,34.27819],[127.15459,34.2793]],[[127.00792,34.28014],[127.00459,34.27958],[127.00542,34.28236],[127.00736,34.28236],[127.00792,34.28014]],[[127.15598,34.28236],[127.1582,34.28403],[127.16014,34.28208],[127.15986,34.28097],[127.15598,34.28236]],[[126.8632,34.28403],[126.86486,34.28959],[126.86792,34.2832],[126.86764,34.28153],[126.8632,34.28403]],[[126.89848,34.28347],[126.89458,34.28542],[126.89764,34.28847],[126.90097,34.28736],[126.89848,34.28347]],[[126.83347,34.30125],[126.83681,34.30153],[126.83625,34.29764],[126.83292,34.29875],[126.83347,34.30125]],[[126.86597,34.30014],[126.86569,34.29847],[126.86486,34.30042],[126.86708,34.30181],[126.86597,34.30014]],[[126.86069,34.30153],[126.86014,34.30347],[126.86181,34.30347],[126.86264,34.30208],[126.86069,34.30153]],[[127.12125,34.30153],[127.12791,34.30569],[127.13264,34.30347],[127.13292,34.29958],[127.12125,34.30153]],[[126.9893,34.30597],[126.9893,34.3068],[126.99264,34.30653],[126.99236,34.30514],[126.9893,34.30597]],[[126.99736,34.30569],[126.99875,34.30819],[127.00042,34.30819],[127.00125,34.30653],[126.99736,34.30569]],[[127.09458,34.30653],[127.10208,34.31236],[127.1032,34.30375],[127.09486,34.30375],[127.09458,34.30653]],[[127.08681,34.30931],[127.08903,34.3107],[127.0907,34.30986],[127.08625,34.30819],[127.08681,34.30931]],[[127.06458,34.30708],[127.06208,34.30708],[127.06319,34.31208],[127.06514,34.31153],[127.06458,34.30708]],[[127.12486,34.31403],[127.12903,34.31542],[127.13375,34.31514],[127.13625,34.30931],[127.12486,34.31403]],[[127.01708,34.32069],[127.01875,34.32042],[127.0193,34.31847],[127.01708,34.31847],[127.01708,34.32069]],[[127.01319,34.32125],[127.01514,34.31986],[127.01153,34.31931],[127.01174544818151,34.32085803508207],[127.01250546093064,34.32125],[127.01319,34.32125]],[[126.99625,34.33375],[127.0043,34.33764],[127.01681,34.32347],[127.01250546093064,34.32125],[127.0118,34.32125],[127.01174544818151,34.32085803508207],[126.97264,34.30069],[126.9657,34.31181],[126.95986,34.30847],[126.95708,34.32708],[126.96931,34.33903],[126.98431,34.34069],[126.99625,34.33375]],[[127.07764,34.32875],[127.08736,34.33042],[127.08903,34.32014],[127.07764,34.3257],[127.07764,34.32875]],[[126.81958,34.33792],[126.81792,34.34819],[126.83459,34.3582],[126.84847,34.34431],[126.8557,34.35181],[126.85792,34.34375],[126.87236,34.34958],[126.87986,34.33681],[126.89848,34.34403],[126.89653,34.33153],[126.88069,34.33014],[126.88319,34.30958],[126.8718,34.30931],[126.86375,34.32153],[126.86681,34.31375],[126.84125,34.29875],[126.82848,34.32625],[126.80542,34.32681],[126.79347,34.31514],[126.78069,34.32736],[126.75125,34.33458],[126.77847,34.33236],[126.78958,34.34597],[126.80653,34.33347],[126.81958,34.33792]],[[126.9032,34.32792],[126.90459,34.33153],[126.90791,34.32736],[126.90736,34.3257],[126.9032,34.32792]],[[127.0818,34.33569],[127.08153,34.33319],[127.07986,34.33292],[127.07903,34.33458],[127.0818,34.33569]],[[126.90847,34.33792],[126.91153,34.34042],[126.91375,34.34014],[126.91319,34.33681],[126.90847,34.33792]],[[127.01014,34.37375],[127.02736,34.37292],[127.03014,34.38042],[127.04958,34.36236],[127.04542,34.35069],[127.07625,34.3618],[127.10236,34.33736],[127.06736,34.34736],[127.06153,34.33958],[127.08014,34.33792],[127.07736,34.33153],[127.0582,34.33264],[127.0407,34.30819],[127.03625,34.32431],[127.05125,34.32875],[127.05153,34.34042],[127.02986,34.33208],[127.03208,34.33903],[127.01764,34.33792],[127.03264,34.34069],[127.02903,34.34764],[126.98486,34.35958],[127.00736,34.3568],[127.00736,34.36681],[127.01681,34.36736],[127.01014,34.37375]],[[126.79236,34.35347],[126.79542,34.3532],[126.7943,34.35097],[126.79125,34.35181],[126.79236,34.35347]],[[126.7693,34.35181],[126.76875,34.35347],[126.76958,34.35347],[126.77014,34.35209],[126.7693,34.35181]],[[127.0982,34.35931],[127.10125,34.35986],[127.10152,34.3568],[127.09986,34.35625],[127.0982,34.35931]],[[127.06125,34.3568],[127.05514,34.35736],[127.05791,34.36125],[127.06125,34.35875],[127.06125,34.3568]],[[127.10042,34.36292],[127.10098,34.36403],[127.10291,34.36375],[127.1032,34.36208],[127.10042,34.36292]],[[127.19375,34.37514],[127.19625,34.3768],[127.19791,34.37597],[127.19764,34.37347],[127.19375,34.37514]],[[127.07848,34.38236],[127.07291,34.38597],[127.09125,34.3918],[127.09153,34.37708],[127.06819,34.37153],[127.07848,34.38236]],[[127.02514,34.37931],[127.02264,34.38153],[127.0257,34.3843],[127.02875,34.3807],[127.02514,34.37931]],[[126.94542,34.41236],[126.95069,34.40125],[126.93569,34.38347],[126.94736,34.37875],[126.94736,34.36708],[126.92819,34.37014],[126.92403,34.35986],[126.90681,34.35292],[126.88792,34.35903],[126.88458,34.3732],[126.87041,34.36792],[126.8632,34.37292],[126.87458,34.39153],[126.86153,34.40569],[126.86486,34.41125],[126.87458,34.39986],[126.88264,34.40681],[126.8932,34.39569],[126.89486,34.40375],[126.89986,34.39764],[126.90681,34.40292],[126.91319,34.39125],[126.93236,34.39069],[126.94542,34.41236]],[[126.82486,34.38542],[126.82819,34.39208],[126.83681,34.38486],[126.83041,34.37792],[126.82486,34.38542]],[[126.8557,34.38597],[126.85431,34.3882],[126.85625,34.38847],[126.8568,34.38625],[126.8557,34.38597]],[[127.04986,34.38542],[127.03375,34.38736],[127.04514,34.39569],[127.05209,34.39292],[127.04986,34.38542]],[[126.98792,34.39403],[126.98847,34.39514],[126.99014,34.39347],[126.98986,34.39264],[126.98792,34.39403]],[[127.02625,34.39292],[127.02597,34.39542],[127.0268,34.39542],[127.02736,34.39375],[127.02625,34.39292]],[[126.98264,34.39514],[126.98431,34.39653],[126.98597,34.39569],[126.98569,34.39458],[126.98264,34.39514]],[[126.73431,34.39347],[126.73569,34.40319],[126.74486,34.40097],[126.74292,34.38986],[126.73431,34.39347]],[[126.83459,34.44153],[126.83403,34.4318],[126.84597,34.42931],[126.84292,34.4207],[126.82403,34.41986],[126.83903,34.41097],[126.85069,34.41819],[126.84847,34.40736],[126.85709,34.40847],[126.86597,34.38986],[126.84903,34.38847],[126.82458,34.39931],[126.81875,34.38208],[126.79181,34.38125],[126.78042,34.36847],[126.78014,34.35181],[126.7682,34.35653],[126.7793,34.38181],[126.74931,34.37931],[126.7682,34.39875],[126.76458,34.41069],[126.78819,34.43319],[126.83459,34.44153]],[[126.8632,34.39903],[126.86459,34.39875],[126.8643,34.39764],[126.86292,34.39791],[126.8632,34.39903]],[[127.06236,34.39931],[127.0593,34.39986],[127.06069,34.40097],[127.06181,34.40097],[127.06236,34.39931]],[[127.04181,34.40153],[127.03819,34.40236],[127.03902,34.40542],[127.04181,34.40458],[127.04181,34.40153]],[[127.03098,34.40264],[127.03458,34.4082],[127.0368,34.40319],[127.0368,34.40042],[127.03098,34.40264]],[[127.04931,34.40486],[127.0518,34.40597],[127.05209,34.4043],[127.04847,34.40319],[127.04931,34.40486]],[[126.91097,34.40764],[126.91125,34.40847],[126.91264,34.4082],[126.91264,34.40653],[126.91097,34.40764]],[[126.99208,34.41125],[126.99292,34.41236],[126.99431,34.41014],[126.99403,34.40792],[126.99208,34.41125]],[[127.11569,34.40736],[127.11653,34.41403],[127.11958,34.4118],[127.11736,34.40708],[127.11569,34.40736]],[[126.94764,34.41208],[126.94958,34.41431],[126.95431,34.41542],[126.95264,34.41014],[126.94764,34.41208]],[[126.86097,34.41542],[126.8643,34.4157],[126.86486,34.41431],[126.86125,34.41208],[126.86097,34.41542]],[[127.0818,34.40653],[127.07597,34.41514],[127.08459,34.42153],[127.07875,34.41431],[127.08264,34.41208],[127.0818,34.40653]],[[126.87292,34.41347],[126.8707,34.41375],[126.87125,34.41486],[126.87292,34.41514],[126.87292,34.41347]],[[127.21098,34.41903],[127.21347,34.42014],[127.21514,34.41764],[127.21181,34.41681],[127.21098,34.41903]],[[126.86847,34.42181],[126.87403,34.42736],[126.87791,34.41819],[126.87708,34.41403],[126.86847,34.42181]],[[126.86264,34.42042],[126.85736,34.41847],[126.85792,34.4243],[126.86181,34.42264],[126.86264,34.42042]],[[127.03403,34.42042],[127.03431,34.42236],[127.03709,34.42236],[127.03736,34.42181],[127.03403,34.42042]],[[127.12209,34.42125],[127.12431,34.42514],[127.12403,34.42181],[127.12458,34.42014],[127.12209,34.42125]],[[127.00958,34.42181],[127.00903,34.42292],[127.01097,34.42458],[127.0107,34.42264],[127.00958,34.42181]],[[127.07931,34.42625],[127.08208,34.42625],[127.08486,34.42292],[127.07792,34.42347],[127.07931,34.42625]],[[126.85125,34.42958],[126.8532,34.43153],[126.85709,34.42847],[126.85709,34.42542],[126.85125,34.42958]],[[127.22903,34.43097],[127.22875,34.42931],[127.22736,34.42847],[127.22598,34.42958],[127.22903,34.43097]],[[126.93153,34.42875],[126.92847,34.43069],[126.93069,34.4318],[126.93208,34.43125],[126.93153,34.42875]],[[127.05292,34.41736],[127.04652,34.41459],[127.03792,34.42153],[127.0343,34.44958],[127.02264,34.4543],[127.04459,34.46014],[127.04931,34.45181],[127.05791,34.45347],[127.05486,34.45875],[127.06514,34.45181],[127.07514,34.42931],[127.06264,34.40181],[127.06125,34.42625],[127.05014,34.42847],[127.05292,34.41736]],[[127.01208,34.43486],[127.00597,34.43681],[127.00736,34.4393],[127.01153,34.43681],[127.01208,34.43486]],[[127.22708,34.43875],[127.22347,34.43986],[127.22542,34.44153],[127.22736,34.44014],[127.22708,34.43875]],[[127.09209,34.44264],[127.09431,34.44375],[127.09486,34.44125],[127.09236,34.44069],[127.09209,34.44264]],[[127.02153,34.44625],[127.01958,34.44986],[127.02375,34.45014],[127.02486,34.44764],[127.02153,34.44625]],[[126.81181,34.44958],[126.81319,34.44986],[126.81292,34.44819],[126.81181,34.44792],[126.81181,34.44958]],[[126.95875,34.45903],[126.96625,34.46542],[126.96986,34.4632],[126.96709,34.44514],[126.95875,34.45903]],[[127.16597,34.43514],[127.1618,34.42764],[127.14347,34.42875],[127.14208,34.42014],[127.11542,34.43875],[127.11625,34.44819],[127.09903,34.44264],[127.10597,34.45486],[127.09264,34.47014],[127.11375,34.47597],[127.11542,34.49014],[127.12375,34.4907],[127.12791,34.47847],[127.14236,34.47264],[127.1768,34.49153],[127.20069,34.48792],[127.2168,34.49542],[127.23542,34.47903],[127.20875,34.42958],[127.16597,34.43514]],[[127.08958,34.46097],[127.08153,34.46208],[127.08486,34.46542],[127.09375,34.46347],[127.0907,34.45097],[127.08958,34.46097]],[[126.7907,34.46375],[126.79125,34.46347],[126.78931,34.46041],[126.78819,34.46069],[126.7907,34.46375]],[[127.23764,34.49597],[127.23847,34.49403],[127.23431,34.49125],[127.23402,34.49569],[127.23764,34.49597]],[[127.14625,34.4982],[127.1468,34.4982],[127.14986,34.49625],[127.14597,34.4943],[127.14625,34.4982]],[[127.1293,34.49653],[127.12791,34.49569],[127.1282,34.49708],[127.12986,34.4982],[127.1293,34.49653]],[[127.11347,34.49903],[127.11347,34.50042],[127.11459,34.49986],[127.11514,34.49931],[127.11347,34.49903]],[[127.14736,34.50292],[127.14875,34.50431],[127.15041,34.50236],[127.14848,34.50069],[127.14736,34.50292]],[[127.13097,34.5057],[127.11347,34.5018],[127.09764,34.50958],[127.11153,34.5218],[127.1218,34.51264],[127.12847,34.52375],[127.13792,34.5182],[127.13097,34.5057]],[[127.1593,34.51931],[127.16264,34.51931],[127.16458,34.52153],[127.16209,34.51792],[127.1593,34.51931]],[[127.2132,34.5257],[127.21403,34.52542],[127.21486,34.52458],[127.21347,34.52431],[127.2132,34.5257]],[[126.77764,34.53208],[126.77959,34.53819],[126.78542,34.53486],[126.7832,34.53069],[126.77764,34.53208]],[[126.78181,34.5643],[126.7832,34.56375],[126.78291,34.56208],[126.78125,34.56264],[126.78181,34.5643]],[[127.11069,34.59597],[127.09097,34.59597],[127.0893,34.60542],[127.09736,34.61208],[127.10653,34.60514],[127.11069,34.59597]],[[127.00819,34.61819],[127.01292,34.62097],[127.01681,34.61875],[127.01208,34.61042],[127.00819,34.61819]],[[126.80625,36.94069],[126.80681,36.94625],[126.81181,36.94514],[126.81236,36.9432],[126.80625,36.94069]],[[126.79931,36.95014],[126.79958,36.94819],[126.79792,36.94847],[126.79819,36.9507],[126.79931,36.95014]],[[126.74097,37.01486],[126.74153,37.01347],[126.73903,37.01431],[126.7393,37.01514],[126.74097,37.01486]],[[126.76431,37.26181],[126.76625,37.26069],[126.76681,37.25903],[126.76236,37.26014],[126.76431,37.26181]],[[127.32375,34.00403],[127.31625,34.01403],[127.32236,34.01597],[127.32542,34.01375],[127.32375,34.00403]],[[127.32375,34.02236],[127.32569,34.02236],[127.3243,34.02069],[127.32347,34.02097],[127.32375,34.02236]],[[127.3082,34.02708],[127.31625,34.02986],[127.3243,34.02653],[127.32375,34.02375],[127.3082,34.02708]],[[127.29375,34.06319],[127.29931,34.05708],[127.29264,34.04903],[127.29681,34.03236],[127.31403,34.01097],[127.2943,34.01431],[127.28014,34.03736],[127.28152,34.05153],[127.27514,34.0532],[127.27986,34.06014],[127.29403,34.05542],[127.29375,34.06319]],[[127.35542,34.04264],[127.35902,34.04347],[127.36292,34.04264],[127.35986,34.03764],[127.35542,34.04264]],[[127.30347,34.0568],[127.30736,34.06264],[127.31736,34.05597],[127.3232,34.06042],[127.33459,34.03458],[127.31292,34.04014],[127.30347,34.0568]],[[127.39848,34.05431],[127.38486,34.05264],[127.38708,34.06208],[127.3932,34.06153],[127.39848,34.05431]],[[127.50931,34.11431],[127.51125,34.11597],[127.51431,34.1157],[127.51514,34.11347],[127.50931,34.11431]],[[127.35069,34.17319],[127.35347,34.18014],[127.35875,34.17597],[127.35542,34.16986],[127.35069,34.17319]],[[127.26347,34.21153],[127.26097,34.21181],[127.26208,34.21236],[127.26319,34.21236],[127.26347,34.21153]],[[127.23542,34.21347],[127.23736,34.21347],[127.23736,34.21153],[127.23597,34.21125],[127.23542,34.21347]],[[127.4593,34.22736],[127.46098,34.23264],[127.46486,34.22875],[127.46875,34.22597],[127.4593,34.22736]],[[127.26305547372111,34.24073114769765],[127.26264,34.22625],[127.25014,34.22181],[127.25875,34.21125],[127.24097,34.21875],[127.22125,34.20986],[127.23292,34.23736],[127.25569,34.25125],[127.26319,34.24542],[127.2630642537439,34.24103717140143],[127.26292,34.2407],[127.26305547372111,34.24073114769765]],[[127.26403,34.23347],[127.26542,34.2332],[127.26653,34.23125],[127.26431,34.23125],[127.26403,34.23347]],[[127.27097,34.2368],[127.26598,34.23931],[127.26764,34.24042],[127.27125,34.23792],[127.27097,34.2368]],[[127.27903,34.23958],[127.27847,34.24181],[127.28042,34.24208],[127.28125,34.24042],[127.27903,34.23958]],[[127.26625,34.24236],[127.26653,34.24153],[127.26305547372111,34.24073114769765],[127.2630642537439,34.24103717140143],[127.26375,34.24264],[127.26625,34.24236]],[[127.44875,34.23903],[127.44403,34.24319],[127.45125,34.25069],[127.45736,34.24597],[127.44875,34.23903]],[[127.45181,34.25403],[127.45097,34.25319],[127.44736,34.25875],[127.45348,34.25986],[127.45069,34.25597],[127.45181,34.25403]],[[127.25403,34.25958],[127.25819,34.26431],[127.26153,34.26181],[127.26153,34.25819],[127.25403,34.25958]],[[127.53042,34.26125],[127.53208,34.26986],[127.53986,34.26736],[127.53848,34.26125],[127.53042,34.26125]],[[127.26903,34.26875],[127.2693,34.27014],[127.27069,34.26986],[127.27042,34.2682],[127.26903,34.26875]],[[127.27486,34.27542],[127.28069,34.2757],[127.28347,34.27375],[127.26736,34.27208],[127.27486,34.27542]],[[127.27764,34.28042],[127.28042,34.28069],[127.28152,34.27903],[127.27792,34.27903],[127.27764,34.28042]],[[127.36403,34.29375],[127.37153,34.28764],[127.35098,34.26736],[127.35264,34.29458],[127.35625,34.28625],[127.36403,34.29375]],[[127.38625,34.29292],[127.39625,34.29819],[127.40208,34.28764],[127.38986,34.27847],[127.38625,34.29292]],[[127.26514,34.29153],[127.26764,34.29125],[127.26736,34.28847],[127.26403,34.28847],[127.26514,34.29153]],[[127.36986,34.29375],[127.37041,34.2957],[127.38125,34.29597],[127.37764,34.29208],[127.36986,34.29375]],[[127.29375,34.2993],[127.29403,34.30014],[127.29652,34.30014],[127.29681,34.29958],[127.29375,34.2993]],[[127.24181,34.3143],[127.24181,34.31375],[127.23986,34.31236],[127.23875,34.3143],[127.24181,34.3143]],[[127.32181,34.31681],[127.31625,34.31875],[127.31958,34.32458],[127.3232,34.31847],[127.32181,34.31681]],[[127.37292,34.33097],[127.37319,34.33236],[127.37653,34.33264],[127.37569,34.33097],[127.37292,34.33097]],[[127.27209,34.37847],[127.27431,34.37931],[127.2757,34.37792],[127.27292,34.37569],[127.27209,34.37847]],[[127.2768,34.38125],[127.27792,34.38153],[127.2782,34.37986],[127.27653,34.37875],[127.2768,34.38125]],[[127.26315363067293,34.39764],[127.26347,34.39764],[127.26353864016686,34.397299250600256],[127.26315363067293,34.39764]],[[127.49208,34.39791],[127.49347,34.39958],[127.49931,34.39736],[127.49931,34.39597],[127.49208,34.39791]],[[127.27069,34.39097],[127.27264,34.3807],[127.24792,34.38708],[127.25403,34.40153],[127.23542,34.41042],[127.24181,34.41653],[127.26315363067293,34.39764],[127.26208,34.39764],[127.2618,34.39625],[127.26375,34.39625],[127.26353864016686,34.397299250600256],[127.27069,34.39097]],[[127.34264,34.42986],[127.3407,34.43014],[127.34125,34.4318],[127.34292,34.43125],[127.34264,34.42986]],[[127.32069,34.43069],[127.32069,34.43708],[127.32848,34.43431],[127.32958,34.43264],[127.32069,34.43069]],[[127.32931,34.43597],[127.33125,34.4357],[127.33153,34.43431],[127.32903,34.43486],[127.32931,34.43597]],[[127.30959,34.43014],[127.29764,34.43681],[127.30236,34.44264],[127.31597,34.44153],[127.30959,34.43014]],[[127.2943,34.43986],[127.29625,34.43847],[127.29625,34.43653],[127.29181,34.43625],[127.2943,34.43986]],[[127.36625,34.43958],[127.36625,34.44097],[127.36792,34.44153],[127.36931,34.44014],[127.36625,34.43958]],[[127.54681,34.44208],[127.53958,34.44042],[127.54208,34.44458],[127.54708,34.4432],[127.54681,34.44208]],[[127.30319,34.44431],[127.30542,34.44542],[127.30708,34.44431],[127.30653,34.44264],[127.30319,34.44431]],[[127.29014,34.44764],[127.29514,34.44875],[127.29486,34.44486],[127.28931,34.44042],[127.29014,34.44764]],[[127.45736,34.47625],[127.47264,34.46458],[127.49097,34.46542],[127.48347,34.45875],[127.49319,34.45847],[127.49792,34.46736],[127.50375,34.46264],[127.50569,34.47375],[127.52069,34.45375],[127.53764,34.44847],[127.53875,34.43042],[127.53069,34.42208],[127.52014,34.42625],[127.48681,34.41319],[127.49208,34.43264],[127.4743,34.43264],[127.46152,34.44375],[127.48125,34.44181],[127.48486,34.44931],[127.44958,34.44819],[127.45819,34.45236],[127.45236,34.46903],[127.45736,34.47625]],[[127.36903,34.45208],[127.37125,34.45292],[127.37153,34.45181],[127.36986,34.4507],[127.36903,34.45208]],[[127.28208,34.45486],[127.28403,34.4557],[127.28486,34.45375],[127.28375,34.45292],[127.28208,34.45486]],[[127.36514,34.45597],[127.36736,34.45542],[127.36347,34.45319],[127.36264,34.45625],[127.36347,34.45542],[127.36514,34.45597]],[[127.44958,34.46097],[127.44347,34.46653],[127.45014,34.46458],[127.45014,34.45653],[127.44958,34.46097]],[[127.35958,34.46236],[127.36097,34.46264],[127.36125,34.46097],[127.35931,34.46069],[127.35958,34.46236]],[[127.36903,34.47181],[127.37014,34.47292],[127.37236,34.47264],[127.37292,34.47014],[127.36903,34.47181]],[[127.23597,34.47625],[127.2382,34.47681],[127.23875,34.47347],[127.23542,34.47403],[127.23597,34.47625]],[[127.43569,34.47375],[127.44653,34.48375],[127.44597,34.47153],[127.4407,34.46875],[127.43569,34.47375]],[[127.3968,34.47875],[127.39986,34.48153],[127.40459,34.48153],[127.40569,34.47458],[127.3968,34.47875]],[[127.39403,34.49264],[127.39625,34.49319],[127.39819,34.49319],[127.39958,34.48986],[127.39403,34.49264]],[[127.26847,34.4982],[127.27069,34.49847],[127.27153,34.49625],[127.26875,34.49681],[127.26847,34.4982]],[[127.49903,34.50458],[127.50264,34.50514],[127.50181,34.50264],[127.49931,34.50319],[127.49903,34.50458]],[[127.41236,34.51236],[127.41431,34.51264],[127.41486,34.51069],[127.41209,34.51097],[127.41236,34.51236]],[[127.46792,34.51792],[127.45792,34.51375],[127.49181,34.50819],[127.50625,34.49042],[127.49458,34.48375],[127.4893,34.48986],[127.48431,34.48375],[127.46902,34.48653],[127.45903,34.4782],[127.44097,34.49097],[127.45847,34.50597],[127.4343,34.52042],[127.45959,34.54542],[127.47403,34.5443],[127.47903,34.53625],[127.45903,34.52764],[127.47569,34.51375],[127.46792,34.51792]],[[127.46736,34.5132],[127.46792,34.51458],[127.46931,34.51375],[127.46902,34.51236],[127.46736,34.5132]],[[127.41209,34.51653],[127.41375,34.51653],[127.41458,34.51514],[127.41264,34.51431],[127.41209,34.51653]],[[127.44847,34.54764],[127.45264,34.54653],[127.44597,34.53819],[127.4418,34.53986],[127.44847,34.54764]],[[127.44375,34.54792],[127.44431,34.54875],[127.44625,34.54847],[127.44653,34.54736],[127.44375,34.54792]],[[127.43569,34.55403],[127.43764,34.55431],[127.43847,34.55292],[127.43847,34.55125],[127.43569,34.55403]],[[127.44319,34.55292],[127.44403,34.55486],[127.44653,34.55403],[127.44625,34.5532],[127.44319,34.55292]],[[127.45819,34.55403],[127.45764,34.55625],[127.4593,34.5568],[127.46125,34.55569],[127.45819,34.55403]],[[127.46625,34.56875],[127.47041,34.57014],[127.47153,34.56458],[127.46625,34.56292],[127.46625,34.56875]],[[127.45514,34.56514],[127.45736,34.57014],[127.45986,34.56486],[127.45875,34.56319],[127.45514,34.56514]],[[127.40264,34.56236],[127.41708,34.57014],[127.4182,34.57431],[127.43014,34.56514],[127.40264,34.56236]],[[127.44097,34.56986],[127.44736,34.57625],[127.44958,34.57542],[127.45319,34.56125],[127.44097,34.56986]],[[127.47403,34.57319],[127.47514,34.57292],[127.47681,34.57097],[127.47208,34.57125],[127.47403,34.57319]],[[127.45181,34.57236],[127.45236,34.57458],[127.45431,34.57431],[127.45486,34.57292],[127.45181,34.57236]],[[127.41514,34.57903],[127.41708,34.58208],[127.42514,34.58125],[127.42375,34.57486],[127.41514,34.57903]],[[127.40791,34.58625],[127.40736,34.58708],[127.40919066850407,34.58813146088439],[127.40946393784213,34.587964894932014],[127.40986,34.58736],[127.40791,34.58625]],[[127.53764,34.58764],[127.53625,34.59097],[127.53819,34.59264],[127.53931,34.59069],[127.53764,34.58764]],[[127.51236,34.59847],[127.51431,34.59792],[127.51292,34.5957],[127.51125,34.59681],[127.51236,34.59847]],[[127.56458,34.61403],[127.56736,34.60486],[127.55125,34.60181],[127.55042,34.59375],[127.53542,34.59681],[127.53848,34.60931],[127.52541,34.60215],[127.52458,34.61708],[127.54125,34.6118],[127.5443,34.61903],[127.55264,34.61764],[127.56458,34.61403]],[[127.52708,34.62375],[127.52708,34.62764],[127.53042,34.62875],[127.52875,34.62375],[127.52708,34.62375]],[[127.53514,34.62347],[127.53597,34.63347],[127.54931,34.63264],[127.55236,34.6268],[127.53514,34.62347]],[[127.5218,34.61847],[127.50875,34.63319],[127.51847,34.64069],[127.51375,34.63208],[127.52375,34.62569],[127.5218,34.61847]],[[127.55125,34.65958],[127.55125,34.65736],[127.54903,34.65708],[127.54903,34.6582],[127.55125,34.65958]],[[127.47125,34.6743],[127.47041,34.67347],[127.46931,34.67514],[127.47153,34.67569],[127.47125,34.6743]],[[127.44847,34.68069],[127.45069,34.68042],[127.45153,34.6782],[127.44847,34.67875],[127.44847,34.68069]],[[127.45125,34.68486],[127.45348,34.68597],[127.45486,34.68403],[127.45431,34.68319],[127.45125,34.68486]],[[127.45653,34.68319],[127.45458,34.68708],[127.4632,34.69097],[127.45819,34.68292],[127.45653,34.68319]],[[127.32042,34.69069],[127.32181,34.69069],[127.32236,34.68875],[127.31958,34.68903],[127.32042,34.69069]],[[127.44542,34.6968],[127.45181,34.69653],[127.45292,34.6893],[127.44431,34.69458],[127.44542,34.6968]],[[127.44791,34.68514],[127.42986,34.69042],[127.42181,34.70014],[127.42625,34.70319],[127.44791,34.69125],[127.44791,34.68514]],[[127.41042,34.70236],[127.41541,34.70625],[127.42069,34.70319],[127.42125,34.70125],[127.41042,34.70236]],[[127.42903,34.70458],[127.43042,34.70514],[127.43375,34.7043],[127.43403,34.70347],[127.42903,34.70458]],[[127.44875,34.7057],[127.4493,34.70653],[127.45181,34.70625],[127.45069,34.70458],[127.44875,34.7057]],[[127.42319,34.70736],[127.42653,34.70653],[127.42792,34.70486],[127.42125,34.70403],[127.42319,34.70736]],[[127.29292,34.70625],[127.29292,34.70903],[127.2943,34.70986],[127.2943,34.70736],[127.29292,34.70625]],[[127.41264,34.70903],[127.41431,34.71403],[127.41903,34.71431],[127.42208,34.71208],[127.41264,34.70903]],[[127.43597,34.71097],[127.44764,34.72153],[127.44542,34.7093],[127.43847,34.7057],[127.43597,34.71097]],[[127.39542,34.72042],[127.39569,34.7243],[127.39986,34.72375],[127.40014,34.72097],[127.39542,34.72042]],[[127.31319,34.71903],[127.30514,34.7207],[127.30764,34.72764],[127.3157,34.72597],[127.31319,34.71903]],[[127.30097,34.7282],[127.30319,34.7282],[127.30403,34.72597],[127.30042,34.72542],[127.30097,34.7282]],[[127.30708,34.73403],[127.30903,34.73431],[127.31014,34.73292],[127.30736,34.73208],[127.30708,34.73403]],[[127.31042,34.7368],[127.31014,34.73542],[127.3082,34.73569],[127.3093,34.73708],[127.31042,34.7368]],[[127.31208,34.73819],[127.31375,34.73847],[127.31458,34.7368],[127.31319,34.73625],[127.31208,34.73819]],[[127.46792,34.74458],[127.46819,34.74708],[127.46902,34.74681],[127.46986,34.7443],[127.46792,34.74458]],[[127.51625,34.75458],[127.50847,34.75819],[127.5107,34.76153],[127.51486,34.75875],[127.51625,34.75458]],[[127.49931,34.7518],[127.49208,34.76764],[127.49625,34.76097],[127.50486,34.75458],[127.49931,34.7518]],[[127.50347,34.76514],[127.50569,34.76653],[127.50681,34.76458],[127.50459,34.76292],[127.50347,34.76514]],[[127.45625,34.7668],[127.45348,34.76708],[127.45486,34.76903],[127.45653,34.76736],[127.45625,34.7668]],[[127.43736,34.77542],[127.43264,34.77486],[127.4332,34.77708],[127.43653,34.77681],[127.43736,34.77542]],[[127.41792,34.78125],[127.41625,34.78625],[127.42736,34.78569],[127.43097,34.77958],[127.41792,34.78125]],[[127.47542,34.78208],[127.47208,34.78153],[127.47097,34.78486],[127.47514,34.78431],[127.47542,34.78208]],[[127.39125,34.78375],[127.39236,34.78514],[127.3932,34.78486],[127.39403,34.78347],[127.39125,34.78375]],[[127.45847,34.78625],[127.46042,34.78792],[127.46152,34.78653],[127.46125,34.7832],[127.45847,34.78625]],[[127.44736,34.79847],[127.45986,34.79264],[127.46375,34.80542],[127.4707,34.78708],[127.45986,34.79236],[127.45319,34.77847],[127.43958,34.77903],[127.4493,34.78764],[127.44736,34.79847]],[[127.47125,34.79375],[127.47347,34.79347],[127.47625,34.79264],[127.47652,34.79125],[127.47125,34.79375]],[[127.42736,34.80347],[127.42847,34.80375],[127.42931,34.80236],[127.42736,34.80153],[127.42736,34.80347]],[[127.52348,34.80653],[127.52458,34.80764],[127.52597,34.80736],[127.52597,34.80597],[127.52348,34.80653]],[[127.43847,34.81125],[127.44097,34.81097],[127.44403,34.8068],[127.43597,34.80903],[127.43847,34.81125]],[[127.45097,34.81153],[127.45208,34.81181],[127.45236,34.81042],[127.45014,34.80931],[127.45097,34.81153]],[[127.6057,34.03069],[127.60542,34.04014],[127.6132,34.03014],[127.61292,34.02875],[127.6057,34.03069]],[[127.58791,34.05264],[127.59097,34.05236],[127.58986,34.05014],[127.58708,34.05097],[127.58791,34.05264]],[[127.58652,34.05597],[127.58403,34.05264],[127.58097,34.05986],[127.58598,34.06514],[127.58319,34.06097],[127.58652,34.05597]],[[127.90153,34.41375],[127.90208,34.41708],[127.90403,34.41736],[127.90514,34.41597],[127.90153,34.41375]],[[127.80236,34.45264],[127.81792,34.45208],[127.80403,34.42903],[127.81014,34.4243],[127.80625,34.40764],[127.78542,34.41708],[127.80097,34.43153],[127.78486,34.43125],[127.79736,34.43958],[127.7943,34.45653],[127.80569,34.46125],[127.80236,34.45264]],[[127.78653,34.45208],[127.78236,34.45153],[127.78291,34.45347],[127.78625,34.45347],[127.78653,34.45208]],[[127.78848,34.47903],[127.79153,34.48125],[127.79403,34.48014],[127.79097,34.4743],[127.78848,34.47903]],[[127.78875,34.48403],[127.79014,34.48458],[127.7907,34.48264],[127.78986,34.48236],[127.78875,34.48403]],[[127.82153,34.47542],[127.80486,34.48264],[127.80431,34.47097],[127.79652,34.47264],[127.79736,34.49153],[127.8243,34.49958],[127.82681,34.49542],[127.81292,34.49181],[127.82625,34.48569],[127.82153,34.47542]],[[127.80431,34.50292],[127.80736,34.50375],[127.80653,34.50097],[127.80403,34.5018],[127.80431,34.50292]],[[127.80569,34.51014],[127.80569,34.51236],[127.80736,34.51181],[127.80791,34.51097],[127.80569,34.51014]],[[127.81153,34.51569],[127.80959,34.51458],[127.80903,34.51653],[127.81125,34.51625],[127.81153,34.51569]],[[127.78181,34.51069],[127.76791,34.50903],[127.78764,34.50736],[127.79875,34.49708],[127.7907,34.4868],[127.76236,34.49042],[127.76903,34.49208],[127.77319,34.49931],[127.73458,34.50264],[127.74097,34.51042],[127.72514,34.51653],[127.73292,34.52681],[127.71848,34.52347],[127.69653,34.53819],[127.71152,34.53764],[127.74181,34.5532],[127.75764,34.55264],[127.76236,34.53431],[127.78042,34.52014],[127.78181,34.51069]],[[127.77209,34.53792],[127.77375,34.53708],[127.77431,34.53514],[127.76958,34.53431],[127.77209,34.53792]],[[127.76375,34.56208],[127.7682,34.56708],[127.77042,34.56681],[127.76875,34.56375],[127.76375,34.56208]],[[127.74736,34.56792],[127.75208,34.56764],[127.74875,34.56292],[127.74403,34.56542],[127.74736,34.56792]],[[127.72903,34.57069],[127.73319,34.57097],[127.74208,34.56264],[127.7243,34.5607],[127.72903,34.57069]],[[127.68819,34.57125],[127.67375,34.55458],[127.66875,34.56042],[127.65847,34.55236],[127.64042,34.56958],[127.63903,34.55597],[127.63792,34.57458],[127.65903,34.58541],[127.67125,34.58014],[127.67069,34.57236],[127.69486,34.5757],[127.70514,34.56347],[127.68736,34.55819],[127.69041,34.5682],[127.68819,34.57125]],[[127.70959,34.57625],[127.72598,34.57958],[127.72875,34.57319],[127.71208,34.56458],[127.70959,34.57625]],[[127.73875,34.57514],[127.74125,34.57403],[127.74153,34.56958],[127.73736,34.57125],[127.73875,34.57514]],[[127.58292,34.5757],[127.5807,34.57681],[127.58208,34.57792],[127.58319,34.57653],[127.58292,34.5757]],[[127.76319,34.58292],[127.76264,34.57979],[127.76097,34.57403],[127.75486,34.57958],[127.76319,34.58292]],[[127.68236,34.58042],[127.68236,34.57847],[127.68291,34.57708],[127.67819,34.57903],[127.68236,34.58042]],[[127.74431,34.58208],[127.73486,34.57403],[127.71208,34.59153],[127.73292,34.59514],[127.73097,34.58792],[127.74431,34.58208]],[[127.60098,34.59014],[127.60347,34.58986],[127.60542,34.58792],[127.59959,34.58847],[127.60098,34.59014]],[[127.5593,34.58514],[127.55653,34.59375],[127.55986,34.58847],[127.56847,34.58597],[127.5593,34.58514]],[[127.69153,34.58958],[127.69209,34.59153],[127.69486,34.59153],[127.69681,34.59042],[127.69153,34.58958]],[[127.68042,34.59375],[127.68486,34.5957],[127.6907,34.59403],[127.68597,34.58792],[127.68042,34.59375]],[[127.56431,34.5918],[127.56847,34.59403],[127.57042,34.59125],[127.57153,34.59042],[127.56431,34.5918]],[[127.60625,34.58875],[127.60597,34.58986],[127.62264,34.59681],[127.62569,34.5882],[127.60625,34.58875]],[[127.64542,34.59014],[127.64902,34.60403],[127.66014,34.60375],[127.65459,34.59708],[127.65986,34.5918],[127.64542,34.59014]],[[127.57708,34.59597],[127.57708,34.5993],[127.57931,34.59958],[127.58041,34.59681],[127.57708,34.59597]],[[127.59402,34.59708],[127.59708,34.60236],[127.60653,34.60486],[127.60152,34.59431],[127.59402,34.59708]],[[127.7157,34.60486],[127.71264,34.60458],[127.71264,34.60514],[127.71597,34.60542],[127.7157,34.60486]],[[127.70625,34.61042],[127.71625,34.61125],[127.72569,34.60736],[127.70375,34.60403],[127.70625,34.61042]],[[127.58264,34.61097],[127.58347,34.61403],[127.58847,34.61542],[127.58736,34.61292],[127.58264,34.61097]],[[127.63153,34.60736],[127.62458,34.61514],[127.6357,34.62431],[127.64764,34.6193],[127.65542,34.6082],[127.63153,34.60736]],[[127.7168,34.61375],[127.71347,34.61514],[127.71181,34.61958],[127.71625,34.61597],[127.7168,34.61375]],[[127.56986,34.62653],[127.54681,34.63708],[127.55097,34.64264],[127.56875,34.63458],[127.56986,34.62653]],[[127.71098,34.63708],[127.71375,34.63681],[127.71264,34.63514],[127.70986,34.63569],[127.71098,34.63708]],[[127.79958,34.64875],[127.80097,34.64847],[127.80125,34.6468],[127.79903,34.64597],[127.79958,34.64875]],[[127.55431,34.65597],[127.55708,34.65597],[127.55708,34.65569],[127.55458,34.65514],[127.55431,34.65597]],[[127.79542,34.66042],[127.80625,34.66153],[127.7943,34.64514],[127.80042,34.62986],[127.79264,34.63042],[127.78819,34.60792],[127.80791,34.59708],[127.80347,34.58681],[127.74931,34.59236],[127.73708,34.61125],[127.71014,34.62153],[127.7243,34.63486],[127.71152,34.64264],[127.72347,34.65569],[127.73339874765031,34.66105489219334],[127.73402,34.66069],[127.7343807878947,34.66158552709577],[127.74764,34.66875],[127.75291,34.68153],[127.7718,34.68431],[127.75653,34.69042],[127.75847,34.71264],[127.74653,34.71403],[127.73653,34.72847],[127.74431,34.73375],[127.78709,34.7168],[127.78958,34.69931],[127.7757,34.70208],[127.77875,34.71153],[127.77402,34.70458],[127.76514,34.71041],[127.77042,34.70181],[127.76292,34.7057],[127.75903,34.70375],[127.76598,34.69431],[127.77959,34.69736],[127.77653,34.68097],[127.7832,34.67125],[127.80014,34.66792],[127.79542,34.66042]],[[127.73347,34.66514],[127.73458,34.66208],[127.7343807878947,34.66158552709577],[127.73339874765031,34.66105489219334],[127.7307,34.66264],[127.73347,34.66514]],[[127.71347,34.67014],[127.70792,34.67014],[127.71042,34.67125],[127.7132,34.67125],[127.71347,34.67014]],[[127.68069,34.67653],[127.68375,34.67653],[127.68459,34.67486],[127.68042,34.67514],[127.68069,34.67653]],[[127.95014,34.67708],[127.95069,34.67625],[127.94791,34.67458],[127.9482,34.67653],[127.95014,34.67708]],[[127.7057,34.67625],[127.70042,34.67542],[127.70208,34.67958],[127.70458,34.67792],[127.7057,34.67625]],[[127.73959,34.67958],[127.74208,34.68264],[127.74458,34.67847],[127.74431,34.67681],[127.73959,34.67958]],[[127.79041,34.68653],[127.79181,34.68681],[127.7932,34.68597],[127.7932,34.68514],[127.79041,34.68653]],[[127.70653,34.68514],[127.70403,34.68653],[127.70541,34.68736],[127.70736,34.68708],[127.70653,34.68514]],[[127.70875,34.68903],[127.71069,34.68986],[127.71152,34.6893],[127.71098,34.68514],[127.70875,34.68903]],[[127.79208,34.69292],[127.79403,34.69347],[127.79597,34.69208],[127.79597,34.69125],[127.79208,34.69292]],[[127.71458,34.69208],[127.71098,34.69236],[127.71264,34.69347],[127.71458,34.6932],[127.71458,34.69208]],[[127.78653,34.69431],[127.78764,34.69625],[127.78902,34.69458],[127.78819,34.69347],[127.78653,34.69431]],[[127.99792,34.70292],[127.99541,34.70347],[127.99709,34.70542],[127.99764,34.70514],[127.99792,34.70292]],[[127.98319,34.70542],[127.98514,34.70514],[127.98569,34.7043],[127.98347,34.70403],[127.98319,34.70542]],[[127.70431,34.7043],[127.70042,34.71153],[127.71014,34.70903],[127.71208,34.70181],[127.70431,34.7043]],[[127.69764,34.70847],[127.69625,34.70792],[127.69542,34.71014],[127.69681,34.70958],[127.69764,34.70847]],[[127.70625,34.71181],[127.70847,34.71292],[127.71098,34.71097],[127.71125,34.7093],[127.70625,34.71181]],[[127.71848,34.71958],[127.72514,34.72208],[127.73236,34.71847],[127.72764,34.70958],[127.74208,34.70292],[127.71986,34.70486],[127.71848,34.71958]],[[127.70959,34.71431],[127.71069,34.71625],[127.71208,34.71542],[127.71264,34.71153],[127.70959,34.71431]],[[127.7132,34.72014],[127.71042,34.71903],[127.70847,34.72014],[127.71403,34.72153],[127.7132,34.72014]],[[127.94153,34.73069],[127.94292,34.72319],[127.93291,34.72736],[127.93653,34.73069],[127.94153,34.73069]],[[127.73514,34.73375],[127.73708,34.73347],[127.73653,34.73208],[127.73458,34.73236],[127.73514,34.73375]],[[127.56153,34.73486],[127.56347,34.73736],[127.56625,34.73542],[127.56486,34.73264],[127.56153,34.73486]],[[127.67264,34.73708],[127.67125,34.73847],[127.67236,34.73875],[127.67347,34.73847],[127.67264,34.73708]],[[127.55986,34.73764],[127.56069,34.73931],[127.56181,34.73875],[127.56097,34.7368],[127.55986,34.73764]],[[127.65681,34.74181],[127.65847,34.74181],[127.65875,34.73986],[127.65652,34.74014],[127.65681,34.74181]],[[127.66348,34.74014],[127.66292,34.74375],[127.6657,34.74569],[127.66625,34.74236],[127.66348,34.74014]],[[127.55708,34.74125],[127.56319,34.74931],[127.56819,34.74292],[127.56625,34.73931],[127.55708,34.74125]],[[127.76847,34.74347],[127.75792,34.74264],[127.76514,34.74597],[127.76791,34.75153],[127.76847,34.74347]],[[127.83486,34.76069],[127.83569,34.76153],[127.83903,34.76125],[127.83924128122793,34.7603813993963],[127.83919357773402,34.76015318293835],[127.83486,34.76069]],[[127.55959,34.76264],[127.56153,34.77042],[127.56819,34.76764],[127.57097,34.76292],[127.55959,34.76264]],[[127.84125,34.77431],[127.8382,34.77486],[127.83958,34.77653],[127.84209,34.77625],[127.84125,34.77431]],[[127.55569,34.78236],[127.55875,34.78292],[127.55847,34.78153],[127.55736,34.78042],[127.55569,34.78236]],[[127.83319,34.78458],[127.8318,34.78403],[127.83125,34.7868],[127.83264,34.78708],[127.83319,34.78458]],[[127.56042,34.78764],[127.55875,34.7907],[127.56097,34.79181],[127.56236,34.78986],[127.56042,34.78764]],[[127.86236,34.90208],[127.85152,34.91042],[127.85902,34.92181],[127.85458,34.92792],[127.86597,34.93125],[127.87041,34.94208],[127.89347,34.94653],[127.91681,34.9357],[127.91875,34.94264],[127.92542,34.94014],[127.92152,34.93264],[127.93097,34.92486],[127.92403,34.92708],[127.92542,34.89153],[127.91716264400793,34.88900245199735],[127.91708,34.88903],[127.91702154621963,34.88895926245419],[127.9018,34.8843],[127.89819,34.87125],[127.91541,34.84792],[127.91153,34.83764],[127.94458,34.82847],[127.94458,34.80875],[127.96264,34.80653],[127.95903,34.81403],[127.99903,34.83319],[128.02959,34.83458],[128.0407,34.82208],[128.05042,34.82764],[128.06569,34.81847],[128.06514,34.80014],[128.05264,34.80069],[128.05792,34.79125],[128.04958,34.78181],[128.05875,34.75097],[128.03403,34.72458],[128.06041,34.70903],[128.0193,34.70181],[128.02625,34.71875],[128.01625,34.72403],[128.00735,34.7207],[128.00764,34.71125],[127.98903,34.72097],[127.98402,34.70847],[127.9568,34.70903],[127.94375,34.74653],[127.95486,34.77264],[127.95042,34.77736],[127.9043,34.76569],[127.9118,34.73347],[127.88931,34.72181],[127.85764,34.72736],[127.86208,34.73375],[127.85069,34.73736],[127.85264,34.74792],[127.83681,34.74875],[127.83919357773402,34.76015318293835],[127.8393,34.76014],[127.83924128122793,34.7603813993963],[127.8407,34.76736],[127.85208,34.76958],[127.83403,34.79542],[127.83652,34.80792],[127.81347,34.83319],[127.80736,34.85792],[127.81847,34.87514],[127.82875,34.87569],[127.83319,34.89153],[127.82486,34.90264],[127.83208,34.89708],[127.84264,34.89847],[127.84209,34.90653],[127.86236,34.90208]],[[127.6443,34.84153],[127.64514,34.84458],[127.64792,34.84319],[127.64819,34.84097],[127.6443,34.84153]],[[127.64375,34.84819],[127.6443,34.85153],[127.64514,34.8493],[127.6468,34.84875],[127.64709,34.84708],[127.64375,34.84819]],[[127.61681,34.85292],[127.61819,34.85375],[127.62014,34.85347],[127.62041,34.85153],[127.61681,34.85292]],[[127.71819,34.86403],[127.71902,34.86514],[127.72014,34.86431],[127.71986,34.86375],[127.71819,34.86403]],[[127.61903,34.86819],[127.6218,34.86986],[127.62319,34.86736],[127.61958,34.86514],[127.61903,34.86819]],[[127.72847,34.86764],[127.73042,34.86875],[127.73097,34.86847],[127.73042,34.86736],[127.72847,34.86764]],[[127.68625,34.86958],[127.68736,34.8693],[127.68653,34.86708],[127.68459,34.86708],[127.68625,34.86958]],[[127.61208,34.87069],[127.61042,34.86764],[127.60902,34.86875],[127.61208,34.87153],[127.61208,34.87069]],[[127.63042,34.87486],[127.61069,34.88181],[127.62014,34.88319],[127.63097,34.8807],[127.63042,34.87486]],[[127.82291,34.8843],[127.82347,34.88153],[127.81986,34.88292],[127.82097,34.88458],[127.82291,34.8843]],[[127.73042,34.8843],[127.72292,34.86792],[127.69681,34.87264],[127.70181,34.87653],[127.6918,34.88458],[127.71764,34.89875],[127.74709,34.88736],[127.73042,34.8843]],[[127.91792,34.88875],[127.91708,34.88736],[127.9157,34.88736],[127.91702154621963,34.88895926245419],[127.91716264400793,34.88900245199735],[127.91792,34.88875]],[[127.76375,34.8932],[127.76542,34.8932],[127.76542,34.89153],[127.76264,34.89153],[127.76375,34.8932]],[[127.98959,34.90153],[127.9882,34.90097],[127.98792,34.90236],[127.98875,34.90236],[127.98959,34.90153]],[[127.93681,34.91292],[127.93903,34.91208],[127.93958,34.91097],[127.93681,34.91125],[127.93681,34.91292]],[[127.76708,34.89125],[127.78375,34.88681],[127.78403,34.9082],[127.77375,34.92208],[127.76375,34.91903],[127.76681,34.89542],[127.74264,34.9082],[127.70486,34.91208],[127.70431,34.92958],[127.73153,34.95181],[127.73986,34.94653],[127.73708,34.93153],[127.76569,34.93097],[127.78375,34.91625],[127.78514,34.88625],[127.77625,34.88597],[127.76708,34.89125]],[[127.83403,34.92458],[127.82875,34.92458],[127.83514,34.92625],[127.8343,34.92486],[127.83403,34.92458]],[[127.84014,34.92764],[127.84014,34.92569],[127.83986,34.92375],[127.8393,34.92764],[127.84014,34.92764]],[[127.93708,34.92736],[127.9343,34.92708],[127.93542,34.92903],[127.93736,34.92903],[127.93708,34.92736]],[[127.94375,34.92931],[127.94125,34.9282],[127.94041,34.92958],[127.94264,34.93069],[127.94375,34.92931]],[[127.83875,34.93292],[127.84042,34.93014],[127.8382,34.92931],[127.83708,34.93208],[127.83875,34.93292]],[[127.83459,34.92847],[127.8307,34.92764],[127.82903,34.93292],[127.83403,34.93875],[127.83459,34.92847]],[[127.78291,34.93847],[127.78181,34.93681],[127.7768,34.94014],[127.78375,34.94236],[127.78291,34.93847]],[[127.80875,34.94264],[127.80959,34.94125],[127.81292,34.93986],[127.8093,34.93958],[127.80875,34.94264]],[[127.74541,34.93375],[127.74097,34.95181],[127.7618,34.95958],[127.76875,34.95292],[127.76764,34.93431],[127.74541,34.93375]],[[127.84042,34.94792],[127.83875,34.94736],[127.83875,34.95042],[127.83958,34.94931],[127.84042,34.94792]],[[127.9032,34.9593],[127.90347,34.95792],[127.90125,34.95792],[127.90208,34.95958],[127.9032,34.9593]],[[127.97153,34.96014],[127.96931,34.96125],[127.97014,34.96236],[127.97208,34.96236],[127.97153,34.96014]],[[127.94958,34.96264],[127.9493,34.96125],[127.94708,34.96292],[127.94847,34.96403],[127.94958,34.96264]],[[127.96069,34.96403],[127.96458,34.96625],[127.96486,34.96069],[127.96069,34.96097],[127.96069,34.96403]],[[127.76319,34.9668],[127.76486,34.96819],[127.76542,34.96625],[127.76681,34.96486],[127.76319,34.9668]],[[127.91792,34.97097],[127.91736,34.96986],[127.9157,34.97153],[127.91681,34.97264],[127.91792,34.97097]],[[127.96208,34.97125],[127.96542,34.98292],[127.98347,34.97347],[127.9807,34.96903],[127.98847,34.97319],[127.9957,34.96764],[127.96931,34.9668],[127.96208,34.97125]],[[127.99847,34.97375],[127.99375,34.97236],[127.99347,34.97514],[127.99625,34.97792],[127.99847,34.97375]],[[127.92181,34.97569],[127.92208,34.97514],[127.91431,34.97569],[127.91792,34.97625],[127.92181,34.97569]],[[127.93569,34.97903],[127.93931,34.97764],[127.93931,34.97681],[127.93486,34.97709],[127.93569,34.97903]],[[127.91764,34.9782],[127.91486,34.97764],[127.91486,34.97958],[127.91625,34.97986],[127.91764,34.9782]],[[128.00014,34.98069],[127.99931,34.98069],[127.99958,34.98208],[128.00014,34.98208],[128.00014,34.98069]],[[127.92236,34.98486],[127.92347,34.98403],[127.92347,34.97958],[127.92042,34.98292],[127.92236,34.98486]],[[127.9707,34.98403],[127.96625,34.98292],[127.96486,34.98792],[127.96764,34.99014],[127.9707,34.98403]],[[128.44792,34.54819],[128.44763,34.54236],[128.43486,34.53708],[128.4393,34.54486],[128.44792,34.54819]],[[128.34486,34.56375],[128.34819,34.55792],[128.34209,34.55625],[128.34097,34.55792],[128.34486,34.56375]],[[128.18903,34.56375],[128.17708,34.55792],[128.18347,34.56236],[128.18541,34.57236],[128.18903,34.56375]],[[128.34846,34.57542],[128.34903,34.56597],[128.34541,34.56514],[128.34708,34.57458],[128.34846,34.57542]],[[128.30597,34.62431],[128.30959,34.61514],[128.29875,34.61792],[128.30458,34.62486],[128.30597,34.62431]],[[128.3232,34.62236],[128.3257,34.62014],[128.31737,34.6193],[128.31764,34.62375],[128.3232,34.62236]],[[128.26514,34.63319],[128.27515,34.62486],[128.28514,34.63931],[128.29958,34.6382],[128.28792,34.62764],[128.28958,34.61958],[128.2632,34.62708],[128.23541,34.61125],[128.2307,34.61736],[128.24265,34.62347],[128.2343,34.62847],[128.23708,34.63514],[128.22792,34.6307],[128.22319,34.63708],[128.23486,34.64042],[128.22765,34.64903],[128.24542,34.65264],[128.2757,34.63931],[128.26514,34.63319]],[[128.46848,34.64153],[128.47208,34.64292],[128.47319,34.64236],[128.46736,34.63847],[128.46625,34.64403],[128.46848,34.64153]],[[128.35403,34.65153],[128.37181,34.63931],[128.37875,34.64486],[128.37903,34.63347],[128.36264,34.64264],[128.34459,34.64125],[128.34375,34.64903],[128.35403,34.65153]],[[128.34291,34.66264],[128.34875,34.66208],[128.35265,34.65625],[128.34459,34.65542],[128.34291,34.66264]],[[128.2607,34.65931],[128.25792,34.66042],[128.25819,34.66097],[128.26097,34.66069],[128.2607,34.65931]],[[128.31653,34.65931],[128.31625,34.6582],[128.31459,34.65903],[128.31569,34.66319],[128.31653,34.65931]],[[128.25542,34.66764],[128.25348,34.6618],[128.24347,34.66431],[128.24347,34.66681],[128.25542,34.66764]],[[128.26791,34.66597],[128.26764,34.66486],[128.26541,34.66681],[128.2657,34.66792],[128.26791,34.66597]],[[128.30763,34.66514],[128.30292,34.66459],[128.30376,34.66875],[128.30847,34.67236],[128.30763,34.66514]],[[128.25153,34.68014],[128.25958,34.67319],[128.22958,34.67208],[128.23209,34.67708],[128.25153,34.68014]],[[128.22153,34.67958],[128.22237,34.67347],[128.2182,34.67875],[128.21959,34.68014],[128.22153,34.67958]],[[128.26709,34.67986],[128.26764,34.67847],[128.2607,34.68069],[128.2632,34.6818],[128.26709,34.67986]],[[128.06041,34.68292],[128.06264,34.68236],[128.06403,34.67958],[128.0582,34.68125],[128.06041,34.68292]],[[128.05736,34.68486],[128.05624,34.68458],[128.05542,34.68708],[128.05681,34.68708],[128.05736,34.68486]],[[128.0493,34.69125],[128.05208,34.68125],[128.04514,34.68097],[128.04375,34.68819],[128.0493,34.69125]],[[128.28514,34.69069],[128.28764,34.68764],[128.27959,34.68708],[128.2807,34.68903],[128.28514,34.69069]],[[128.06013,34.6893],[128.06013,34.68792],[128.05376,34.69014],[128.05736,34.69125],[128.06013,34.6893]],[[128.03708,34.69236],[128.03375,34.69042],[128.03264,34.69347],[128.0368,34.69431],[128.03708,34.69236]],[[128.05931,34.69542],[128.06097,34.69458],[128.0607,34.69347],[128.0582,34.69431],[128.05931,34.69542]],[[128.39847,34.6968],[128.39708,34.6932],[128.39264,34.69542],[128.39569,34.69708],[128.39847,34.6968]],[[128.02515,34.69542],[128.02097,34.69569],[128.02403,34.69792],[128.02597,34.69764],[128.02515,34.69542]],[[128.06403,34.70042],[128.05486,34.69375],[128.04709,34.69486],[128.04987,34.69958],[128.06403,34.70042]],[[128.03458,34.69569],[128.02902,34.69708],[128.0318,34.69736],[128.03403,34.69931],[128.03458,34.69569]],[[128.17792,34.71097],[128.19986,34.70625],[128.20291,34.69042],[128.19431,34.6857],[128.19514,34.69208],[128.17236,34.69597],[128.16763,34.70625],[128.17792,34.71097]],[[128.39764,34.71153],[128.39847,34.70764],[128.39348,34.70653],[128.39291,34.71014],[128.39764,34.71153]],[[128.46791,34.70708],[128.45042,34.7043],[128.45013,34.71292],[128.46069,34.7168],[128.46791,34.70708]],[[128.05515,34.72014],[128.05458,34.71875],[128.05125,34.71958],[128.05319,34.72181],[128.05515,34.72014]],[[128.45375,34.72264],[128.45375,34.7207],[128.45209,34.71986],[128.45236,34.72264],[128.45375,34.72264]],[[128.42931,34.72097],[128.4268,34.71931],[128.42291,34.72847],[128.42847,34.73403],[128.42931,34.72097]],[[128.47208,34.72847],[128.46042,34.71958],[128.45459,34.72736],[128.4657,34.73569],[128.47208,34.72847]],[[128.4068,34.73431],[128.4057,34.72847],[128.39236,34.73625],[128.40015,34.73986],[128.4068,34.73431]],[[128.38902,34.74097],[128.39209,34.7368],[128.37848,34.73819],[128.38347,34.74125],[128.38902,34.74097]],[[128.51486,34.73486],[128.5007,34.73764],[128.49625,34.73069],[128.46597,34.73986],[128.49542,34.74986],[128.51486,34.73486]],[[128.06403,34.74181],[128.06541,34.73931],[128.05931,34.73958],[128.05959,34.7407],[128.06403,34.74181]],[[128.42291,34.75514],[128.42097,34.7443],[128.39931,34.74625],[128.40987,34.75542],[128.41847,34.74542],[128.42291,34.75514]],[[128.40042,34.75069],[128.39209,34.75375],[128.39903,34.75319],[128.40181,34.75597],[128.40042,34.75069]],[[128.07375,34.75069],[128.07069,34.75014],[128.07014,34.75431],[128.07375,34.75681],[128.07375,34.75069]],[[128.29652,34.76292],[128.30902,34.75653],[128.2993,34.7518],[128.30319,34.74486],[128.28291,34.75486],[128.29652,34.76292]],[[128.39209,34.76375],[128.39098,34.76347],[128.38986,34.76597],[128.39153,34.76625],[128.39209,34.76375]],[[128.36903,34.76958],[128.36626,34.76958],[128.36653,34.77069],[128.36903,34.77097],[128.36903,34.76958]],[[128.46347,34.77986],[128.46181,34.77542],[128.46042,34.77486],[128.46069,34.77986],[128.46347,34.77986]],[[128.37958,34.77792],[128.37737,34.77847],[128.37819,34.77986],[128.38069,34.78014],[128.37958,34.77792]],[[128.37375,34.78403],[128.37181,34.77597],[128.35736,34.7757],[128.36237,34.78708],[128.37375,34.78403]],[[128.38014,34.78708],[128.38042,34.78875],[128.38542,34.78653],[128.38597,34.78486],[128.38014,34.78708]],[[128.49347,34.78181],[128.50626,34.78403],[128.51208,34.77681],[128.50874,34.76653],[128.48875,34.75681],[128.46764,34.76069],[128.47319,34.77542],[128.45958,34.78625],[128.46208,34.80625],[128.4657,34.78764],[128.47514,34.79403],[128.47346,34.8032],[128.48541,34.79764],[128.46597,34.8107],[128.46902,34.81792],[128.48459,34.81764],[128.47903,34.80792],[128.48764,34.81181],[128.49347,34.78181]],[[128.38681,34.78792],[128.38652,34.7868],[128.38319,34.78847],[128.38458,34.78931],[128.38681,34.78792]],[[128.2518,34.79542],[128.2518,34.7943],[128.24959,34.7943],[128.24986,34.79542],[128.2518,34.79542]],[[128.25792,34.8032],[128.25764,34.79958],[128.25569,34.80403],[128.25681,34.80542],[128.25792,34.8032]],[[128.4568,34.80986],[128.45541,34.81014],[128.45625,34.81181],[128.45708,34.81153],[128.4568,34.80986]],[[128.49763,34.81264],[128.4957,34.80931],[128.49097,34.81181],[128.49126,34.81292],[128.49763,34.81264]],[[128.45958,34.81264],[128.45792,34.81208],[128.45847,34.8143],[128.45985,34.8143],[128.45958,34.81264]],[[128.35153,34.8218],[128.36041,34.81931],[128.35652,34.81347],[128.36903,34.81486],[128.36986,34.81153],[128.35625,34.81181],[128.34737,34.81625],[128.35153,34.8218]],[[128.3618,34.81792],[128.36319,34.81736],[128.36403,34.81625],[128.36069,34.81764],[128.3618,34.81792]],[[128.21513,34.82125],[128.2068,34.82708],[128.21625,34.83903],[128.23708,34.84097],[128.24181,34.82986],[128.26625,34.81625],[128.25626,34.80819],[128.23903,34.81097],[128.24763,34.79958],[128.24181,34.79458],[128.19931,34.8182],[128.20097,34.82514],[128.21513,34.82125]],[[128.34598,34.81764],[128.34569,34.81653],[128.34291,34.81792],[128.34459,34.81903],[128.34598,34.81764]],[[128.17819,34.8218],[128.17792,34.81903],[128.17403,34.82014],[128.17625,34.82208],[128.17819,34.8218]],[[128.47485,34.83347],[128.47736,34.82069],[128.46375,34.82597],[128.46902,34.8343],[128.47485,34.83347]],[[128.49736,34.82819],[128.49486,34.82736],[128.49431,34.83181],[128.49597,34.83181],[128.49736,34.82819]],[[128.12514,34.82958],[128.13403,34.83569],[128.1443,34.83097],[128.14125,34.82403],[128.12514,34.82958]],[[128.49181,34.83042],[128.49153,34.82903],[128.48903,34.83042],[128.49042,34.83125],[128.49181,34.83042]],[[128.31958,34.83514],[128.31764,34.83097],[128.31403,34.8307],[128.31375,34.83347],[128.31958,34.83514]],[[128.15848,34.83764],[128.16014,34.83653],[128.15958,34.83486],[128.15709,34.83653],[128.15848,34.83764]],[[128.46208,34.83708],[128.45598,34.83653],[128.45625,34.83764],[128.46265,34.83903],[128.46208,34.83708]],[[128.03098,34.84264],[128.03264,34.84099],[128.02708,34.84153],[128.02681,34.84319],[128.03098,34.84264]],[[128.02208,34.84486],[128.0218,34.84264],[128.02319,34.83958],[128.02126,34.84153],[128.02208,34.84486]],[[128.18375,34.83653],[128.16847,34.84042],[128.16763,34.85209],[128.20042,34.86014],[128.23291,34.84486],[128.20653,34.84292],[128.19542,34.82847],[128.18208,34.82653],[128.18375,34.83653]],[[128.35875,34.85236],[128.3593,34.85097],[128.35458,34.85209],[128.35709,34.85236],[128.35875,34.85236]],[[128.36847,34.85403],[128.36931,34.85097],[128.36903,34.85014],[128.36681,34.85292],[128.36847,34.85403]],[[128.3443,34.85181],[128.34097,34.85292],[128.3443,34.85486],[128.34486,34.85458],[128.3443,34.85181]],[[128.3793,34.85986],[128.37709,34.86097],[128.37737,34.86208],[128.3793,34.8618],[128.3793,34.85986]],[[128.35042,34.86681],[128.35126,34.86375],[128.34348,34.86458],[128.34569,34.86681],[128.35042,34.86681]],[[128.46791,34.86903],[128.46986,34.86597],[128.46652,34.86375],[128.46625,34.86819],[128.46791,34.86903]],[[128.33847,34.8693],[128.33875,34.86847],[128.33264,34.87069],[128.33403,34.87125],[128.33847,34.8693]],[[128.00403,34.83569],[127.96931,34.84347],[127.96347,34.87153],[127.99069,34.89403],[127.99625,34.91069],[128.03041,34.92236],[128.01013,34.86708],[128.02374,34.86458],[128.02235,34.88264],[128.03625,34.89791],[128.03735,34.8918],[128.0468,34.8968],[128.04124,34.88903],[128.0668,34.87375],[128.06541,34.86153],[128.05736,34.85931],[128.05376,34.85236],[128.0618,34.85514],[128.06041,34.84486],[128.0757,34.84486],[128.08708,34.82792],[128.04625,34.83569],[128.02208,34.84903],[128.01875,34.83847],[128.00403,34.83569]],[[128.2457,34.87736],[128.24208,34.87569],[128.24265,34.87903],[128.24458,34.87875],[128.2457,34.87736]],[[128.2507,34.88014],[128.24625,34.8807],[128.24625,34.88181],[128.25209,34.88181],[128.2507,34.88014]],[[128.17903,34.88653],[128.18124,34.88625],[128.18153,34.88458],[128.17625,34.88597],[128.17903,34.88653]],[[128.17958,34.89069],[128.18181,34.88875],[128.17876,34.88736],[128.17819,34.89125],[128.17958,34.89069]],[[128.2818,34.89014],[128.27902,34.89014],[128.27986,34.89292],[128.2807,34.89153],[128.2818,34.89014]],[[128.42487,34.89653],[128.42514,34.88986],[128.42348,34.88958],[128.42125,34.89431],[128.42487,34.89653]],[[128.25514,34.89403],[128.25041,34.89097],[128.2493,34.89653],[128.25291,34.89569],[128.25514,34.89403]],[[128.4843,34.89736],[128.48541,34.89431],[128.4807,34.89542],[128.48097,34.8968],[128.4843,34.89736]],[[128.0757,34.90903],[128.08376,34.90875],[128.07848,34.90458],[128.08319,34.8968],[128.07402,34.88597],[128.0757,34.90903]],[[128.25514,34.90708],[128.25458,34.90569],[128.25291,34.90597],[128.25348,34.9082],[128.25514,34.90708]],[[128.20847,34.90764],[128.20653,34.90653],[128.20653,34.90958],[128.20764,34.90903],[128.20847,34.90764]],[[128.49181,34.91236],[128.49153,34.91069],[128.4893,34.91097],[128.48958,34.91208],[128.49181,34.91236]],[[128.47485,34.9193],[128.47765,34.90514],[128.46431,34.90708],[128.46736,34.9207],[128.47485,34.9193]],[[128.4868,34.91514],[128.48402,34.91486],[128.4843,34.91708],[128.48625,34.91653],[128.4868,34.91514]],[[128.26293322266002,34.9179818159007],[128.2637589720415,34.91630639624026],[128.26347,34.91514],[128.2607,34.91681],[128.26208,34.91847],[128.26293322266002,34.9179818159007]],[[128.20625,34.91875],[128.20598,34.92208],[128.20792,34.92208],[128.20792,34.91875],[128.20625,34.91875]],[[128.03569,34.92681],[128.03958,34.92292],[128.04236,34.92681],[128.04597,34.92486],[128.0368,34.91875],[128.03569,34.92681]],[[128.32236,34.92681],[128.32513,34.92236],[128.31903,34.91986],[128.31764,34.92319],[128.32236,34.92681]],[[128.33125,34.92153],[128.32848,34.92153],[128.32875,34.92625],[128.33319,34.92514],[128.33125,34.92153]],[[128.44014,34.92542],[128.43597,34.9243],[128.43541,34.92653],[128.43791,34.92736],[128.44014,34.92542]],[[128.02931,34.92847],[128.03098,34.9282],[128.03125,34.92681],[128.02847,34.92625],[128.02931,34.92847]],[[128.22458,34.92375],[128.21959,34.92375],[128.21764,34.92792],[128.22597,34.93347],[128.22458,34.92375]],[[128.26167642791904,34.92952379473095],[128.26125,34.93375],[128.26375,34.93264],[128.2633743773249,34.92960770058659],[128.26167642791904,34.92952379473095]],[[128.48764,34.93875],[128.49181,34.93292],[128.49042,34.92903],[128.48486,34.92986],[128.48764,34.93875]],[[128.25264,34.93486],[128.25014,34.93319],[128.24902,34.93514],[128.25125,34.93653],[128.25264,34.93486]],[[128.03403,34.93625],[128.03209,34.9318],[128.02792,34.93542],[128.0307,34.93819],[128.03403,34.93625]],[[128.23792,34.93875],[128.23875,34.93819],[128.23848,34.9357],[128.23708,34.93736],[128.23792,34.93875]],[[128.32486,34.9432],[128.32736,34.94403],[128.32625,34.94125],[128.32402,34.94125],[128.32486,34.9432]],[[128.4357,34.94375],[128.43486,34.94181],[128.43347,34.94181],[128.4332,34.94431],[128.4357,34.94375]],[[128.03098,34.94542],[128.03236,34.9432],[128.02931,34.94208],[128.02986,34.94542],[128.03098,34.94542]],[[128.48541,34.95903],[128.49097,34.95347],[128.48291,34.9557],[128.48737,34.96708],[128.48541,34.95903]],[[128.00569,35.03653],[128.00264,35.03569],[128.00264,35.03792],[128.00487,35.03875],[128.00569,35.03653]],[[128.49625,35.07264],[128.49736,35.0718],[128.49736,35.06903],[128.49374,35.07069],[128.49625,35.07264]],[[128.4957,35.07903],[128.48848,35.07681],[128.48819,35.08319],[128.49097,35.08347],[128.4957,35.07903]],[[128.48875,35.08708],[128.4893,35.08931],[128.48987,35.08931],[128.48987,35.08764],[128.48875,35.08708]],[[128.48819,35.09153],[128.49292,35.09403],[128.49431,35.09319],[128.4957,35.08486],[128.48819,35.09153]],[[128.44542,38.48764],[128.44514,38.48542],[128.44292,38.48486],[128.44347,38.48792],[128.44542,38.48764]],[[128.41069,38.56014],[128.40875,38.55931],[128.40848,38.56236],[128.40987,38.56264],[128.41069,38.56014]],[[128.73514,34.53819],[128.73569,34.5368],[128.73181,34.53486],[128.73097,34.53903],[128.73514,34.53819]],[[128.55486,34.63125],[128.55098,34.61792],[128.5457,34.61875],[128.54486,34.62903],[128.55486,34.63125]],[[128.58569,34.64014],[128.57181,34.63292],[128.55736,34.63514],[128.57959,34.6507],[128.58569,34.64014]],[[128.57486,34.65847],[128.57903,34.65736],[128.57292,34.65319],[128.57181,34.65569],[128.57486,34.65847]],[[128.62459,34.68431],[128.61931,34.68153],[128.61458,34.68403],[128.61874,34.68347],[128.62459,34.68431]],[[128.58264,34.68431],[128.58376,34.68097],[128.57402,34.68208],[128.57903,34.68819],[128.58264,34.68431]],[[128.59958,34.69292],[128.59846,34.69264],[128.59792,34.69542],[128.60042,34.69597],[128.59958,34.69292]],[[128.60652,34.69792],[128.60681,34.69597],[128.60875,34.69458],[128.60542,34.69542],[128.60652,34.69792]],[[128.5493,34.69625],[128.54153,34.69958],[128.54597,34.70153],[128.54819,34.70125],[128.5493,34.69625]],[[128.5582,34.70292],[128.55542,34.70403],[128.55624,34.70514],[128.55931,34.70486],[128.5582,34.70292]],[[128.6443,34.71153],[128.64792,34.71097],[128.64874,34.7093],[128.64458,34.7093],[128.6443,34.71153]],[[128.5607,34.71542],[128.56653,34.70653],[128.56013,34.70764],[128.55515,34.71819],[128.5607,34.71542]],[[128.53236,34.73486],[128.53596,34.72903],[128.51987,34.72875],[128.52264,34.73264],[128.53236,34.73486]],[[128.68541,34.7318],[128.68375,34.72958],[128.68181,34.73542],[128.68459,34.73514],[128.68541,34.7318]],[[128.51181,34.76625],[128.53403,34.76486],[128.52986,34.75764],[128.56013,34.76014],[128.55403,34.75292],[128.56125,34.74958],[128.50847,34.75792],[128.51181,34.76625]],[[128.71764,34.77069],[128.7193,34.76653],[128.71014,34.76736],[128.71265,34.77264],[128.71764,34.77069]],[[128.71709,34.78819],[128.71681,34.78069],[128.71097,34.78597],[128.71431,34.78959],[128.71709,34.78819]],[[128.49736,34.78653],[128.49736,34.78542],[128.49513,34.78569],[128.49542,34.7868],[128.49736,34.78653]],[[128.5343,34.78486],[128.53041,34.78597],[128.5307,34.78708],[128.53458,34.78792],[128.5343,34.78486]],[[128.5107,34.80236],[128.50458,34.78708],[128.49486,34.79264],[128.5018,34.80347],[128.5107,34.80236]],[[128.51375,34.79847],[128.51903,34.79819],[128.52097,34.79236],[128.51125,34.79458],[128.51375,34.79847]],[[128.51208,34.79736],[128.51181,34.79625],[128.50958,34.79736],[128.5107,34.79819],[128.51208,34.79736]],[[128.68347,34.80597],[128.68375,34.80542],[128.68042,34.80403],[128.68042,34.80653],[128.68347,34.80597]],[[128.54459,34.82431],[128.54625,34.81347],[128.5282,34.80236],[128.53458,34.82236],[128.54459,34.82431]],[[128.75375,34.81681],[128.74625,34.81486],[128.74902,34.82375],[128.75514,34.82625],[128.75375,34.81681]],[[128.71153,34.87875],[128.7068,34.8732],[128.71042,34.87097],[128.72485,34.88847],[128.74042,34.88542],[128.75291,34.89458],[128.7393,34.87903],[128.74403,34.86819],[128.7243,34.86458],[128.73653,34.84375],[128.72458,34.84125],[128.71848,34.84986],[128.70152,34.84069],[128.70847,34.82819],[128.71764,34.83708],[128.72542,34.83236],[128.71902,34.82292],[128.74042,34.7868],[128.70985,34.7943],[128.7157,34.80125],[128.70764,34.81319],[128.69736,34.80764],[128.69542,34.79653],[128.6882,34.79819],[128.69041,34.80903],[128.66847,34.81292],[128.66597,34.79292],[128.67348,34.78542],[128.65819,34.77431],[128.64264,34.77653],[128.63792,34.76264],[128.65263,34.74181],[128.68124,34.74014],[128.67625,34.72792],[128.67125,34.73875],[128.6293,34.73069],[128.62737,34.7368],[128.6207,34.73042],[128.63986,34.71764],[128.6382,34.70958],[128.62541,34.71375],[128.60959,34.70097],[128.59152,34.70903],[128.57681,34.70236],[128.58041,34.71569],[128.5882,34.71653],[128.58514,34.72236],[128.60709,34.73097],[128.57709,34.7407],[128.57959,34.76236],[128.60097,34.76347],[128.59181,34.77014],[128.59708,34.77764],[128.57458,34.77819],[128.55515,34.76653],[128.55264,34.77542],[128.56764,34.78764],[128.55708,34.78903],[128.54236,34.77542],[128.54486,34.78458],[128.53792,34.78792],[128.5843,34.79819],[128.58458,34.8182],[128.59764,34.82986],[128.58736,34.8307],[128.57681,34.84403],[128.58792,34.84125],[128.5882,34.84736],[128.57292,34.85458],[128.56264,34.84292],[128.5643,34.83292],[128.52431,34.83236],[128.5282,34.82125],[128.52014,34.82347],[128.52403,34.81542],[128.5107,34.80903],[128.5007,34.82375],[128.50792,34.83125],[128.48181,34.84069],[128.47237,34.87708],[128.49236,34.9007],[128.50098,34.90125],[128.49681,34.90736],[128.50653,34.90403],[128.50041,34.91125],[128.5157,34.90958],[128.52542,34.92319],[128.56625,34.89875],[128.57597,34.90014],[128.57014,34.9082],[128.58542,34.91486],[128.62486,34.89208],[128.61874,34.91681],[128.6082,34.91431],[128.61098,34.92347],[128.58264,34.94819],[128.59486,34.94847],[128.59764,34.96569],[128.60542,34.97014],[128.61125,34.96486],[128.60513,34.95819],[128.63264,34.96125],[128.63235,34.9668],[128.65181,34.95847],[128.64792,34.97208],[128.6593,34.9818],[128.65347,34.98819],[128.66736,34.98875],[128.6593,34.99736],[128.68124,34.98958],[128.67291,34.99847],[128.68124,35.00736],[128.66736,35.00625],[128.66959,35.02625],[128.6743,35.02014],[128.67542,35.03236],[128.68486,35.03347],[128.67903,35.0407],[128.69153,35.03097],[128.69902,35.03653],[128.71292,35.03208],[128.72237,35.01931],[128.7132,35.00486],[128.70209,35.0057],[128.70737,34.99653],[128.69292,34.99597],[128.70125,34.99153],[128.69708,34.97208],[128.71764,34.96403],[128.7157,34.95681],[128.7282,34.94542],[128.72681,34.93708],[128.71542,34.93653],[128.72458,34.91375],[128.71124,34.9118],[128.71791,34.90042],[128.69681,34.89042],[128.69624,34.88125],[128.71153,34.87875]],[[128.5643,34.91459],[128.56541,34.91292],[128.56514,34.9118],[128.56291,34.91375],[128.5643,34.91459]],[[128.51958,34.92236],[128.52069,34.92125],[128.51848,34.92236],[128.51958,34.92375],[128.51958,34.92236]],[[128.52014,34.92792],[128.52153,34.9282],[128.52097,34.92569],[128.51958,34.92542],[128.52014,34.92792]],[[128.52235,34.9557],[128.53403,34.94153],[128.52597,34.93986],[128.52597,34.92792],[128.51152,34.9432],[128.51903,34.95236],[128.51181,34.96431],[128.52042,34.97542],[128.53903,34.96403],[128.52235,34.9557]],[[128.73486,34.96958],[128.73653,34.96736],[128.72153,34.96542],[128.72597,34.9707],[128.73486,34.96958]],[[128.75653,34.97375],[128.75375,34.97347],[128.75458,34.97514],[128.75626,34.97486],[128.75653,34.97375]],[[128.63347,34.97236],[128.62987,34.97319],[128.63652,34.97653],[128.6357,34.9743],[128.63347,34.97236]],[[128.99181,34.97875],[128.98819,34.9782],[128.99042,34.9818],[128.99403,34.98153],[128.99181,34.97875]],[[128.56985,34.99097],[128.56985,34.98847],[128.56737,34.98931],[128.56764,34.99097],[128.56985,34.99097]],[[128.64569,34.97986],[128.62737,34.97653],[128.62209,34.98264],[128.60986,34.97319],[128.61208,34.98542],[128.62653,34.99264],[128.61708,34.99931],[128.63458,34.99847],[128.63126,35.0093],[128.64003615372826,35.01537766878688],[128.64014,35.01514],[128.64264,35.01542],[128.64233066666665,35.01696666666666],[128.64931,35.0218],[128.65431,35.01125],[128.64569,34.97986]],[[128.57014,34.99764],[128.5668,34.99792],[128.56819,34.99958],[128.56876,34.99875],[128.57014,34.99764]],[[128.62764,35.00847],[128.62987,35.00542],[128.62042,35.00708],[128.62181,35.01236],[128.62764,35.00847]],[[128.77403,35.01514],[128.77654,35.0132],[128.77654,35.01014],[128.77153,35.01097],[128.77403,35.01514]],[[128.76958,35.01375],[128.76514,35.01153],[128.76486,35.01458],[128.76903,35.01597],[128.76958,35.01375]],[[128.76347,35.01708],[128.76347,35.01597],[128.76152,35.01625],[128.76236,35.01736],[128.76347,35.01708]],[[128.64233066666665,35.01696666666666],[128.64003615372826,35.01537766878688],[128.6382,35.01958],[128.64153,35.02097],[128.64233066666665,35.01696666666666]],[[128.74181,35.02208],[128.74597,35.01458],[128.73459,35.01736],[128.7368,35.02264],[128.74181,35.02208]],[[128.8343,35.01208],[128.84097,34.99653],[128.82791,34.98847],[128.83014,34.9943],[128.81847,35.00264],[128.82709,35.0132],[128.80542,35.02097],[128.81541,35.02792],[128.79652,35.05403],[128.83041,35.06681],[128.83569,35.05458],[128.84653,35.05708],[128.85153,35.04181],[128.8343,35.01208]],[[128.97403,35.03097],[128.97403,35.02542],[128.96986,35.0257],[128.96986,35.02819],[128.97403,35.03097]],[[128.71791,35.03847],[128.71597,35.03903],[128.71597,35.03986],[128.71848,35.03959],[128.71791,35.03847]],[[129.01402,35.04681],[129.01459,35.04986],[129.0157,35.04986],[129.01598,35.04708],[129.01402,35.04681]],[[128.94376,35.05292],[128.94264,35.0532],[128.94653,35.05514],[128.9482,35.05458],[128.94376,35.05292]],[[128.9482,35.05819],[128.93541,35.05431],[128.93459,35.05931],[128.94542,35.05875],[128.9482,35.05819]],[[128.90848,35.05708],[128.90903,35.05597],[128.90154,35.05847],[128.90459,35.05819],[128.90848,35.05708]],[[128.66902,35.06153],[128.67514,35.05819],[128.67348,35.05569],[128.66235,35.05986],[128.66902,35.06153]],[[128.91847,35.05653],[128.90514,35.06153],[128.91153,35.06292],[128.9207,35.06181],[128.91847,35.05653]],[[128.89931,35.05903],[128.89653,35.06014],[128.89764,35.06042],[128.89931,35.05986],[128.89931,35.05903]],[[128.57486,35.06264],[128.57347,35.05792],[128.57014,35.05708],[128.56985,35.06264],[128.57486,35.06264]],[[128.79236,35.06236],[128.79153,35.06208],[128.79124,35.06375],[128.79236,35.06347],[128.79236,35.06236]],[[128.64014,35.06236],[128.63097,35.06042],[128.63235,35.06403],[128.63763,35.06569],[128.64014,35.06236]],[[128.7607,35.06125],[128.76709,35.06681],[128.77097,35.06514],[128.77374,35.06042],[128.7607,35.06125]],[[128.80208,35.06403],[128.80208,35.06347],[128.79987,35.06403],[128.80098,35.06486],[128.80208,35.06403]],[[128.71181,35.0643],[128.70876,35.06403],[128.70847,35.06569],[128.71097,35.06625],[128.71181,35.0643]],[[128.57375,35.06458],[128.57097,35.06458],[128.57014,35.06625],[128.57347,35.06764],[128.57375,35.06458]],[[128.88542,35.06847],[128.88597,35.06625],[128.86542,35.06681],[128.86069,35.07069],[128.88542,35.06847]],[[128.79097,35.06931],[128.7907,35.06847],[128.78931,35.06875],[128.79015,35.06958],[128.79097,35.06931]],[[128.85542,35.06958],[128.85847,35.06347],[128.83653,35.06625],[128.83875,35.0757],[128.85542,35.06958]],[[128.94653,35.07153],[128.94458,35.06986],[128.94098,35.07458],[128.94514,35.07486],[128.94653,35.07153]],[[128.56153796921558,35.07259593100193],[128.55264,35.07236],[128.55624,35.07375],[128.56165125706215,35.07375],[128.56153796921558,35.07259593100193]],[[128.91910998240763,35.076695227444084],[128.9182,35.07681],[128.91376,35.0757],[128.915497893368,35.07564520156047],[128.91376,35.07514],[128.90402,35.06931],[128.90263,35.07014],[128.91069,35.07597],[128.91847,35.07819],[128.92236,35.07764],[128.91910998240763,35.076695227444084]],[[128.54987,35.07486],[128.55042,35.07375],[128.54709,35.07292],[128.54819,35.07514],[128.54987,35.07486]],[[128.76848,35.07792],[128.76736,35.06875],[128.76514,35.06986],[128.76402,35.07958],[128.76848,35.07792]],[[129.07903,35.08792],[129.08347,35.07764],[129.07597,35.07375],[129.09653,35.05958],[129.09291,35.05153],[129.0818,35.05014],[129.07681,35.06042],[129.07014,35.05819],[129.06403,35.06931],[129.03375,35.08601],[129.03167014821602,35.09221627772335],[129.03287677923737,35.0940701800997],[129.04857,35.09986],[129.05931,35.10181],[129.07903,35.08792]],[[128.915497893368,35.07564520156047],[128.91910998240763,35.076695227444084],[128.92264,35.07625],[128.92264,35.07542],[128.915497893368,35.07564520156047]],[[128.69875,35.07764],[128.69736,35.07431],[128.68736,35.07486],[128.69597,35.07875],[128.69875,35.07764]],[[129.08514,35.07458],[129.08958,35.0793],[129.09514,35.08042],[129.09125,35.07375],[129.08514,35.07458]],[[128.55486,35.07764],[128.55292,35.07764],[128.55347,35.07903],[128.55542,35.07903],[128.55486,35.07764]],[[128.71404,35.07986],[128.70737,35.08153],[128.70792,35.08264],[128.71153,35.08264],[128.71404,35.07986]],[[128.75291,35.08236],[128.74097,35.07764],[128.74319,35.08486],[128.74681,35.08597],[128.75291,35.08236]],[[128.54736,35.08458],[128.54637881673344,35.083072845895835],[128.54597,35.08292],[128.54613166404812,35.08269320511237],[128.5432,35.07819],[128.54181,35.08125],[128.54459,35.08597],[128.54736,35.08458]],[[128.54613166404812,35.08269320511237],[128.54637881673344,35.083072845895835],[128.54819,35.08375],[128.54819,35.08097],[128.54736,35.08097],[128.54613166404812,35.08269320511237]],[[128.55597,35.08236],[128.55597,35.08292],[128.5582,35.08292],[128.5582,35.08208],[128.55597,35.08236]],[[128.8343,35.08625],[128.8343,35.08347],[128.83597,35.08181],[128.83237,35.08375],[128.8343,35.08625]],[[128.72292,35.08347],[128.7182,35.08403],[128.72375,35.08958],[128.72264,35.08625],[128.72292,35.08347]],[[128.72319,35.09069],[128.71902,35.08903],[128.71791,35.09097],[128.71986,35.09319],[128.72319,35.09069]],[[128.51013,35.09208],[128.51097,35.0918],[128.51125,35.09069],[128.50958,35.09153],[128.51013,35.09208]],[[128.51791,35.0882],[128.51625,35.08875],[128.51459,35.0957],[128.5218,35.09653],[128.51791,35.0882]],[[129.12819,35.09208],[129.12625,35.09042],[129.12598,35.09403],[129.12709,35.09431],[129.12819,35.09208]],[[128.51375,35.09486],[128.51013,35.09458],[128.51181,35.09653],[128.51347,35.09653],[128.51375,35.09486]],[[128.65097,35.10569],[128.66264,35.10514],[128.65514,35.10153],[128.66096,35.09375],[128.64542,35.09903],[128.65097,35.10569]],[[128.53819,35.11069],[128.53876,35.10653],[128.53596,35.10875],[128.5368,35.11069],[128.53819,35.11069]],[[129.0668,35.11097],[129.06459,35.11014],[129.0643,35.1118],[129.06625,35.1118],[129.0668,35.11097]],[[128.65097,35.11875],[128.65208,35.11819],[128.65154,35.11653],[128.64903,35.11764],[128.65097,35.11875]],[[128.6207,35.12708],[128.61819,35.12764],[128.61931,35.12903],[128.62013,35.12875],[128.6207,35.12708]],[[128.58403,35.17681],[128.57791,35.17792],[128.57986,35.18014],[128.58319,35.17986],[128.58403,35.17681]],[[129.34985,35.38625],[129.35153,35.38681],[129.35265,35.38514],[129.35014,35.38486],[129.34985,35.38625]],[[129.3593,35.42097],[129.36153,35.42042],[129.3618,35.41903],[129.35986,35.41764],[129.3593,35.42097]],[[129.36014,35.45153],[129.3582,35.44875],[129.35625,35.44875],[129.35681,35.44986],[129.36014,35.45153]],[[129.35486,35.45236],[129.3582,35.45292],[129.35347,35.44792],[129.35181,35.44819],[129.35486,35.45236]],[[129.37402,35.53736],[129.36874,35.53875],[129.36931,35.54042],[129.37097,35.54042],[129.37402,35.53736]],[[129.36903,35.54181],[129.37013,35.54292],[129.37181,35.54208],[129.3732,35.54014],[129.36903,35.54181]],[[129.42236,36.01569],[129.4218,36.01875],[129.42291,36.01847],[129.42403,36.01792],[129.42236,36.01569]],[[129.40263,36.15458],[129.4032,36.15597],[129.40459,36.15486],[129.40431,36.15375],[129.40263,36.15458]],[[129.32793455994502,37.282477718357086],[129.32568878170412,37.284858194311454],[129.32625,37.28569],[129.3282,37.28375],[129.32793455994502,37.282477718357086]],[[130.79236,37.51347],[130.79292,37.52347],[130.80208,37.51875],[130.8232,37.53014],[130.90875,37.54764],[130.91959,37.5407],[130.90819,37.52764],[130.91763,37.51514],[130.91347,37.48847],[130.9207,37.48514],[130.88513,37.47153],[130.87486,37.45292],[130.8107,37.47375],[130.8018,37.48347],[130.80458,37.50375],[130.79236,37.51347]],[[130.93459,37.52792],[130.93791,37.53236],[130.94041,37.53181],[130.9393,37.52403],[130.93459,37.52792]],[[130.91792,37.54375],[130.92319,37.54514],[130.92291,37.54292],[130.92125,37.54125],[130.91792,37.54375]],[[130.89209,37.54736],[130.89291,37.54764],[130.89375,37.54653],[130.89209,37.54625],[130.89209,37.54736]],[[128.74458,38.00681],[128.74208,38.00542],[128.74181,38.00764],[128.74319,38.00792],[128.74458,38.00681]],[[128.61487,38.19653],[128.6118,38.19736],[128.61208,38.19875],[128.61487,38.19875],[128.61487,38.19653]],[[128.57986,38.25542],[128.58098,38.25403],[128.5782,38.25375],[128.57848,38.25514],[128.57986,38.25542]],[[128.54597,38.31375],[128.54652,38.31292],[128.54486,38.31208],[128.54431,38.31403],[128.54597,38.31375]],[[128.53348,38.33708],[128.5368,38.33569],[128.53708,38.33403],[128.53014,38.33486],[128.53348,38.33708]]],"metadata":{"source":"southkorea/southkorea-maps (GADM provinces GeoJSON)","sourceUrl":"https://github.com/southkorea/southkorea-maps","note":"Planar partition: face fills + inner shared edges + outer silhouette. Only daejeon selectable.","simplify":"set_precision(1e-05) + topojson toposimplify epsilon=0.005","innerCount":31,"outerCount":1540,"borderCount":1571}}